{
  "frame": 376,
  "slot": 1,
  "fg_idx": 328,
  "fg_mtime": 1764948395.6164699,
  "tx_idx": 751,
  "tx_mtime": 1764948395.61447,
  "llr_idx": 328,
  "llr_mtime": 1764948395.6164699,
  "rnti": 4660,
  "fullgrid_file": "f0376_s01_fullgrid_idx000328.bin",
  "txbits_file": "f0376_s01_txbits_idx000751_rnti04660.bin",
  "llr_file": "f0376_s01_llr_idx000328.bin",
  "ldpc_cfg_file": "f0376_s01_ldpc.json"
}