{
  "frame": 670,
  "slot": 11,
  "fg_idx": 917,
  "fg_mtime": 1764948396.9444187,
  "tx_idx": 1340,
  "tx_mtime": 1764948396.9424188,
  "llr_idx": 917,
  "llr_mtime": 1764948396.9444187,
  "rnti": 4660,
  "fullgrid_file": "f0670_s11_fullgrid_idx000917.bin",
  "txbits_file": "f0670_s11_txbits_idx001340_rnti04660.bin",
  "llr_file": "f0670_s11_llr_idx000917.bin",
  "ldpc_cfg_file": "f0670_s11_ldpc.json"
}