{
  "frame": 528,
  "slot": 1,
  "fg_idx": 632,
  "fg_mtime": 1764948396.315443,
  "tx_idx": 1055,
  "tx_mtime": 1764948396.312443,
  "llr_idx": 632,
  "llr_mtime": 1764948396.316443,
  "rnti": 4660,
  "fullgrid_file": "f0528_s01_fullgrid_idx000632.bin",
  "txbits_file": "f0528_s01_txbits_idx001055_rnti04660.bin",
  "llr_file": "f0528_s01_llr_idx000632.bin",
  "ldpc_cfg_file": "f0528_s01_ldpc.json"
}