{
  "frame": 430,
  "slot": 11,
  "fg_idx": 437,
  "fg_mtime": 1764948395.8654602,
  "tx_idx": 860,
  "tx_mtime": 1764948395.8634603,
  "llr_idx": 437,
  "llr_mtime": 1764948395.8654602,
  "rnti": 4660,
  "fullgrid_file": "f0430_s11_fullgrid_idx000437.bin",
  "txbits_file": "f0430_s11_txbits_idx000860_rnti04660.bin",
  "llr_file": "f0430_s11_llr_idx000437.bin",
  "ldpc_cfg_file": "f0430_s11_ldpc.json"
}