{
  "frame": 987,
  "slot": 1,
  "fg_idx": 1550,
  "fg_mtime": 1764948398.4123626,
  "tx_idx": 1973,
  "tx_mtime": 1764948398.4113626,
  "llr_idx": 1550,
  "llr_mtime": 1764948398.4133625,
  "rnti": 4660,
  "fullgrid_file": "f0987_s01_fullgrid_idx001550.bin",
  "txbits_file": "f0987_s01_txbits_idx001973_rnti04660.bin",
  "llr_file": "f0987_s01_llr_idx001550.bin",
  "ldpc_cfg_file": "f0987_s01_ldpc.json"
}