{
  "frame": 884,
  "slot": 1,
  "fg_idx": 1344,
  "fg_mtime": 1764948397.9203813,
  "tx_idx": 1767,
  "tx_mtime": 1764948397.9193814,
  "llr_idx": 1344,
  "llr_mtime": 1764948397.9203813,
  "rnti": 4660,
  "fullgrid_file": "f0884_s01_fullgrid_idx001344.bin",
  "txbits_file": "f0884_s01_txbits_idx001767_rnti04660.bin",
  "llr_file": "f0884_s01_llr_idx001344.bin",
  "ldpc_cfg_file": "f0884_s01_ldpc.json"
}