{
  "frame": 585,
  "slot": 11,
  "fg_idx": 747,
  "fg_mtime": 1764948396.5834327,
  "tx_idx": 1170,
  "tx_mtime": 1764948396.5814328,
  "llr_idx": 747,
  "llr_mtime": 1764948396.5834327,
  "rnti": 4660,
  "fullgrid_file": "f0585_s11_fullgrid_idx000747.bin",
  "txbits_file": "f0585_s11_txbits_idx001170_rnti04660.bin",
  "llr_file": "f0585_s11_llr_idx000747.bin",
  "ldpc_cfg_file": "f0585_s11_ldpc.json"
}