{
  "frame": 537,
  "slot": 1,
  "fg_idx": 650,
  "fg_mtime": 1764948396.3744407,
  "tx_idx": 1073,
  "tx_mtime": 1764948396.3734407,
  "llr_idx": 650,
  "llr_mtime": 1764948396.3744407,
  "rnti": 4660,
  "fullgrid_file": "f0537_s01_fullgrid_idx000650.bin",
  "txbits_file": "f0537_s01_txbits_idx001073_rnti04660.bin",
  "llr_file": "f0537_s01_llr_idx000650.bin",
  "ldpc_cfg_file": "f0537_s01_ldpc.json"
}