{
  "frame": 474,
  "slot": 1,
  "fg_idx": 524,
  "fg_mtime": 1764948396.0624526,
  "tx_idx": 947,
  "tx_mtime": 1764948396.0604527,
  "llr_idx": 524,
  "llr_mtime": 1764948396.0634527,
  "rnti": 4660,
  "fullgrid_file": "f0474_s01_fullgrid_idx000524.bin",
  "txbits_file": "f0474_s01_txbits_idx000947_rnti04660.bin",
  "llr_file": "f0474_s01_llr_idx000524.bin",
  "ldpc_cfg_file": "f0474_s01_ldpc.json"
}