{
  "frame": 654,
  "slot": 1,
  "fg_idx": 884,
  "fg_mtime": 1764948396.8744214,
  "tx_idx": 1307,
  "tx_mtime": 1764948396.8724215,
  "llr_idx": 884,
  "llr_mtime": 1764948396.8744214,
  "rnti": 4660,
  "fullgrid_file": "f0654_s01_fullgrid_idx000884.bin",
  "txbits_file": "f0654_s01_txbits_idx001307_rnti04660.bin",
  "llr_file": "f0654_s01_llr_idx000884.bin",
  "ldpc_cfg_file": "f0654_s01_ldpc.json"
}