{
  "frame": 534,
  "slot": 11,
  "fg_idx": 645,
  "fg_mtime": 1764948396.3614411,
  "tx_idx": 1068,
  "tx_mtime": 1764948396.3594413,
  "llr_idx": 645,
  "llr_mtime": 1764948396.3614411,
  "rnti": 4660,
  "fullgrid_file": "f0534_s11_fullgrid_idx000645.bin",
  "txbits_file": "f0534_s11_txbits_idx001068_rnti04660.bin",
  "llr_file": "f0534_s11_llr_idx000645.bin",
  "ldpc_cfg_file": "f0534_s11_ldpc.json"
}