{
  "frame": 396,
  "slot": 11,
  "fg_idx": 369,
  "fg_mtime": 1764948395.7094662,
  "tx_idx": 792,
  "tx_mtime": 1764948395.7074664,
  "llr_idx": 369,
  "llr_mtime": 1764948395.7094662,
  "rnti": 4660,
  "fullgrid_file": "f0396_s11_fullgrid_idx000369.bin",
  "txbits_file": "f0396_s11_txbits_idx000792_rnti04660.bin",
  "llr_file": "f0396_s11_llr_idx000369.bin",
  "ldpc_cfg_file": "f0396_s11_ldpc.json"
}