{
  "frame": 785,
  "slot": 11,
  "fg_idx": 1147,
  "fg_mtime": 1764948397.4643989,
  "tx_idx": 1570,
  "tx_mtime": 1764948397.463399,
  "llr_idx": 1147,
  "llr_mtime": 1764948397.4643989,
  "rnti": 4660,
  "fullgrid_file": "f0785_s11_fullgrid_idx001147.bin",
  "txbits_file": "f0785_s11_txbits_idx001570_rnti04660.bin",
  "llr_file": "f0785_s11_llr_idx001147.bin",
  "ldpc_cfg_file": "f0785_s11_ldpc.json"
}