{
  "frame": 953,
  "slot": 11,
  "fg_idx": 1483,
  "fg_mtime": 1764948398.2473688,
  "tx_idx": 1906,
  "tx_mtime": 1764948398.246369,
  "llr_idx": 1483,
  "llr_mtime": 1764948398.2473688,
  "rnti": 4660,
  "fullgrid_file": "f0953_s11_fullgrid_idx001483.bin",
  "txbits_file": "f0953_s11_txbits_idx001906_rnti04660.bin",
  "llr_file": "f0953_s11_llr_idx001483.bin",
  "ldpc_cfg_file": "f0953_s11_ldpc.json"
}