{
  "frame": 889,
  "slot": 11,
  "fg_idx": 1355,
  "fg_mtime": 1764948397.9463804,
  "tx_idx": 1778,
  "tx_mtime": 1764948397.9443805,
  "llr_idx": 1355,
  "llr_mtime": 1764948397.9463804,
  "rnti": 4660,
  "fullgrid_file": "f0889_s11_fullgrid_idx001355.bin",
  "txbits_file": "f0889_s11_txbits_idx001778_rnti04660.bin",
  "llr_file": "f0889_s11_llr_idx001355.bin",
  "ldpc_cfg_file": "f0889_s11_ldpc.json"
}