{
  "frame": 743,
  "slot": 11,
  "fg_idx": 1063,
  "fg_mtime": 1764948397.2684064,
  "tx_idx": 1486,
  "tx_mtime": 1764948397.2674065,
  "llr_idx": 1063,
  "llr_mtime": 1764948397.2694063,
  "rnti": 4660,
  "fullgrid_file": "f0743_s11_fullgrid_idx001063.bin",
  "txbits_file": "f0743_s11_txbits_idx001486_rnti04660.bin",
  "llr_file": "f0743_s11_llr_idx001063.bin",
  "ldpc_cfg_file": "f0743_s11_ldpc.json"
}