{
  "frame": 439,
  "slot": 1,
  "fg_idx": 454,
  "fg_mtime": 1764948395.9034588,
  "tx_idx": 877,
  "tx_mtime": 1764948395.902459,
  "llr_idx": 454,
  "llr_mtime": 1764948395.9034588,
  "rnti": 4660,
  "fullgrid_file": "f0439_s01_fullgrid_idx000454.bin",
  "txbits_file": "f0439_s01_txbits_idx000877_rnti04660.bin",
  "llr_file": "f0439_s01_llr_idx000454.bin",
  "ldpc_cfg_file": "f0439_s01_ldpc.json"
}