{
  "frame": 658,
  "slot": 1,
  "fg_idx": 892,
  "fg_mtime": 1764948396.8914208,
  "tx_idx": 1315,
  "tx_mtime": 1764948396.890421,
  "llr_idx": 892,
  "llr_mtime": 1764948396.8924208,
  "rnti": 4660,
  "fullgrid_file": "f0658_s01_fullgrid_idx000892.bin",
  "txbits_file": "f0658_s01_txbits_idx001315_rnti04660.bin",
  "llr_file": "f0658_s01_llr_idx000892.bin",
  "ldpc_cfg_file": "f0658_s01_ldpc.json"
}