{
  "frame": 818,
  "slot": 11,
  "fg_idx": 1213,
  "fg_mtime": 1764948397.6193929,
  "tx_idx": 1636,
  "tx_mtime": 1764948397.617393,
  "llr_idx": 1213,
  "llr_mtime": 1764948397.6193929,
  "rnti": 4660,
  "fullgrid_file": "f0818_s11_fullgrid_idx001213.bin",
  "txbits_file": "f0818_s11_txbits_idx001636_rnti04660.bin",
  "llr_file": "f0818_s11_llr_idx001213.bin",
  "ldpc_cfg_file": "f0818_s11_ldpc.json"
}