{
  "frame": 445,
  "slot": 1,
  "fg_idx": 466,
  "fg_mtime": 1764948395.9304578,
  "tx_idx": 889,
  "tx_mtime": 1764948395.9284577,
  "llr_idx": 466,
  "llr_mtime": 1764948395.9304578,
  "rnti": 4660,
  "fullgrid_file": "f0445_s01_fullgrid_idx000466.bin",
  "txbits_file": "f0445_s01_txbits_idx000889_rnti04660.bin",
  "llr_file": "f0445_s01_llr_idx000466.bin",
  "ldpc_cfg_file": "f0445_s01_ldpc.json"
}