{
  "frame": 724,
  "slot": 11,
  "fg_idx": 1025,
  "fg_mtime": 1764948397.1844096,
  "tx_idx": 1448,
  "tx_mtime": 1764948397.1824098,
  "llr_idx": 1025,
  "llr_mtime": 1764948397.1844096,
  "rnti": 4660,
  "fullgrid_file": "f0724_s11_fullgrid_idx001025.bin",
  "txbits_file": "f0724_s11_txbits_idx001448_rnti04660.bin",
  "llr_file": "f0724_s11_llr_idx001025.bin",
  "ldpc_cfg_file": "f0724_s11_ldpc.json"
}