{
  "frame": 527,
  "slot": 11,
  "fg_idx": 631,
  "fg_mtime": 1764948396.3104432,
  "tx_idx": 1054,
  "tx_mtime": 1764948396.3084433,
  "llr_idx": 631,
  "llr_mtime": 1764948396.3104432,
  "rnti": 4660,
  "fullgrid_file": "f0527_s11_fullgrid_idx000631.bin",
  "txbits_file": "f0527_s11_txbits_idx001054_rnti04660.bin",
  "llr_file": "f0527_s11_llr_idx000631.bin",
  "ldpc_cfg_file": "f0527_s11_ldpc.json"
}