{
  "frame": 246,
  "slot": 1,
  "fg_idx": 68,
  "fg_mtime": 1764948395.0254927,
  "tx_idx": 491,
  "tx_mtime": 1764948395.0244925,
  "llr_idx": 68,
  "llr_mtime": 1764948395.0254927,
  "rnti": 4660,
  "fullgrid_file": "f0246_s01_fullgrid_idx000068.bin",
  "txbits_file": "f0246_s01_txbits_idx000491_rnti04660.bin",
  "llr_file": "f0246_s01_llr_idx000068.bin",
  "ldpc_cfg_file": "f0246_s01_ldpc.json"
}