{
  "frame": 562,
  "slot": 1,
  "fg_idx": 700,
  "fg_mtime": 1764948396.4824364,
  "tx_idx": 1123,
  "tx_mtime": 1764948396.4814365,
  "llr_idx": 700,
  "llr_mtime": 1764948396.4834366,
  "rnti": 4660,
  "fullgrid_file": "f0562_s01_fullgrid_idx000700.bin",
  "txbits_file": "f0562_s01_txbits_idx001123_rnti04660.bin",
  "llr_file": "f0562_s01_llr_idx000700.bin",
  "ldpc_cfg_file": "f0562_s01_ldpc.json"
}