{
  "frame": 714,
  "slot": 11,
  "fg_idx": 1005,
  "fg_mtime": 1764948397.1394112,
  "tx_idx": 1428,
  "tx_mtime": 1764948397.1384113,
  "llr_idx": 1005,
  "llr_mtime": 1764948397.1404111,
  "rnti": 4660,
  "fullgrid_file": "f0714_s11_fullgrid_idx001005.bin",
  "txbits_file": "f0714_s11_txbits_idx001428_rnti04660.bin",
  "llr_file": "f0714_s11_llr_idx001005.bin",
  "ldpc_cfg_file": "f0714_s11_ldpc.json"
}