{
  "frame": 468,
  "slot": 1,
  "fg_idx": 512,
  "fg_mtime": 1764948396.0354538,
  "tx_idx": 935,
  "tx_mtime": 1764948396.0334537,
  "llr_idx": 512,
  "llr_mtime": 1764948396.0354538,
  "rnti": 4660,
  "fullgrid_file": "f0468_s01_fullgrid_idx000512.bin",
  "txbits_file": "f0468_s01_txbits_idx000935_rnti04660.bin",
  "llr_file": "f0468_s01_llr_idx000512.bin",
  "ldpc_cfg_file": "f0468_s01_ldpc.json"
}