{
  "frame": 851,
  "slot": 11,
  "fg_idx": 1279,
  "fg_mtime": 1764948397.772387,
  "tx_idx": 1702,
  "tx_mtime": 1764948397.7703872,
  "llr_idx": 1279,
  "llr_mtime": 1764948397.772387,
  "rnti": 4660,
  "fullgrid_file": "f0851_s11_fullgrid_idx001279.bin",
  "txbits_file": "f0851_s11_txbits_idx001702_rnti04660.bin",
  "llr_file": "f0851_s11_llr_idx001279.bin",
  "ldpc_cfg_file": "f0851_s11_ldpc.json"
}