{
  "frame": 231,
  "slot": 1,
  "fg_idx": 38,
  "fg_mtime": 1764948394.963495,
  "tx_idx": 461,
  "tx_mtime": 1764948394.9614952,
  "llr_idx": 38,
  "llr_mtime": 1764948394.963495,
  "rnti": 4660,
  "fullgrid_file": "f0231_s01_fullgrid_idx000038.bin",
  "txbits_file": "f0231_s01_txbits_idx000461_rnti04660.bin",
  "llr_file": "f0231_s01_llr_idx000038.bin",
  "ldpc_cfg_file": "f0231_s01_ldpc.json"
}