{
  "frame": 731,
  "slot": 1,
  "fg_idx": 1038,
  "fg_mtime": 1764948397.2144084,
  "tx_idx": 1461,
  "tx_mtime": 1764948397.2124085,
  "llr_idx": 1038,
  "llr_mtime": 1764948397.2144084,
  "rnti": 4660,
  "fullgrid_file": "f0731_s01_fullgrid_idx001038.bin",
  "txbits_file": "f0731_s01_txbits_idx001461_rnti04660.bin",
  "llr_file": "f0731_s01_llr_idx001038.bin",
  "ldpc_cfg_file": "f0731_s01_ldpc.json"
}