{
  "frame": 529,
  "slot": 11,
  "fg_idx": 635,
  "fg_mtime": 1764948396.3254426,
  "tx_idx": 1058,
  "tx_mtime": 1764948396.3234427,
  "llr_idx": 635,
  "llr_mtime": 1764948396.3254426,
  "rnti": 4660,
  "fullgrid_file": "f0529_s11_fullgrid_idx000635.bin",
  "txbits_file": "f0529_s11_txbits_idx001058_rnti04660.bin",
  "llr_file": "f0529_s11_llr_idx000635.bin",
  "ldpc_cfg_file": "f0529_s11_ldpc.json"
}