{
  "frame": 612,
  "slot": 1,
  "fg_idx": 800,
  "fg_mtime": 1764948396.6974282,
  "tx_idx": 1223,
  "tx_mtime": 1764948396.6954284,
  "llr_idx": 800,
  "llr_mtime": 1764948396.6974282,
  "rnti": 4660,
  "fullgrid_file": "f0612_s01_fullgrid_idx000800.bin",
  "txbits_file": "f0612_s01_txbits_idx001223_rnti04660.bin",
  "llr_file": "f0612_s01_llr_idx000800.bin",
  "ldpc_cfg_file": "f0612_s01_ldpc.json"
}