{
  "frame": 885,
  "slot": 1,
  "fg_idx": 1346,
  "fg_mtime": 1764948397.9253812,
  "tx_idx": 1769,
  "tx_mtime": 1764948397.9233813,
  "llr_idx": 1346,
  "llr_mtime": 1764948397.9253812,
  "rnti": 4660,
  "fullgrid_file": "f0885_s01_fullgrid_idx001346.bin",
  "txbits_file": "f0885_s01_txbits_idx001769_rnti04660.bin",
  "llr_file": "f0885_s01_llr_idx001346.bin",
  "ldpc_cfg_file": "f0885_s01_ldpc.json"
}