{
  "frame": 611,
  "slot": 11,
  "fg_idx": 799,
  "fg_mtime": 1764948396.6944284,
  "tx_idx": 1222,
  "tx_mtime": 1764948396.6934285,
  "llr_idx": 799,
  "llr_mtime": 1764948396.6954284,
  "rnti": 4660,
  "fullgrid_file": "f0611_s11_fullgrid_idx000799.bin",
  "txbits_file": "f0611_s11_txbits_idx001222_rnti04660.bin",
  "llr_file": "f0611_s11_llr_idx000799.bin",
  "ldpc_cfg_file": "f0611_s11_ldpc.json"
}