{
  "frame": 728,
  "slot": 11,
  "fg_idx": 1033,
  "fg_mtime": 1764948397.2014089,
  "tx_idx": 1456,
  "tx_mtime": 1764948397.200409,
  "llr_idx": 1033,
  "llr_mtime": 1764948397.2024088,
  "rnti": 4660,
  "fullgrid_file": "f0728_s11_fullgrid_idx001033.bin",
  "txbits_file": "f0728_s11_txbits_idx001456_rnti04660.bin",
  "llr_file": "f0728_s11_llr_idx001033.bin",
  "ldpc_cfg_file": "f0728_s11_ldpc.json"
}