{
  "frame": 400,
  "slot": 1,
  "fg_idx": 376,
  "fg_mtime": 1764948395.7244656,
  "tx_idx": 799,
  "tx_mtime": 1764948395.7234657,
  "llr_idx": 376,
  "llr_mtime": 1764948395.7254655,
  "rnti": 4660,
  "fullgrid_file": "f0400_s01_fullgrid_idx000376.bin",
  "txbits_file": "f0400_s01_txbits_idx000799_rnti04660.bin",
  "llr_file": "f0400_s01_llr_idx000376.bin",
  "ldpc_cfg_file": "f0400_s01_ldpc.json"
}