{
  "frame": 462,
  "slot": 11,
  "fg_idx": 501,
  "fg_mtime": 1764948396.0104547,
  "tx_idx": 924,
  "tx_mtime": 1764948396.0084548,
  "llr_idx": 501,
  "llr_mtime": 1764948396.0104547,
  "rnti": 4660,
  "fullgrid_file": "f0462_s11_fullgrid_idx000501.bin",
  "txbits_file": "f0462_s11_txbits_idx000924_rnti04660.bin",
  "llr_file": "f0462_s11_llr_idx000501.bin",
  "ldpc_cfg_file": "f0462_s11_ldpc.json"
}