{
  "frame": 971,
  "slot": 11,
  "fg_idx": 1519,
  "fg_mtime": 1764948398.3333657,
  "tx_idx": 1942,
  "tx_mtime": 1764948398.3323655,
  "llr_idx": 1519,
  "llr_mtime": 1764948398.3343656,
  "rnti": 4660,
  "fullgrid_file": "f0971_s11_fullgrid_idx001519.bin",
  "txbits_file": "f0971_s11_txbits_idx001942_rnti04660.bin",
  "llr_file": "f0971_s11_llr_idx001519.bin",
  "ldpc_cfg_file": "f0971_s11_ldpc.json"
}