{
  "frame": 385,
  "slot": 11,
  "fg_idx": 347,
  "fg_mtime": 1764948395.6594682,
  "tx_idx": 770,
  "tx_mtime": 1764948395.6574683,
  "llr_idx": 347,
  "llr_mtime": 1764948395.6594682,
  "rnti": 4660,
  "fullgrid_file": "f0385_s11_fullgrid_idx000347.bin",
  "txbits_file": "f0385_s11_txbits_idx000770_rnti04660.bin",
  "llr_file": "f0385_s11_llr_idx000347.bin",
  "ldpc_cfg_file": "f0385_s11_ldpc.json"
}