{
  "frame": 341,
  "slot": 11,
  "fg_idx": 259,
  "fg_mtime": 1764948395.457476,
  "tx_idx": 682,
  "tx_mtime": 1764948395.455476,
  "llr_idx": 259,
  "llr_mtime": 1764948395.457476,
  "rnti": 4660,
  "fullgrid_file": "f0341_s11_fullgrid_idx000259.bin",
  "txbits_file": "f0341_s11_txbits_idx000682_rnti04660.bin",
  "llr_file": "f0341_s11_llr_idx000259.bin",
  "ldpc_cfg_file": "f0341_s11_ldpc.json"
}