{
  "frame": 550,
  "slot": 11,
  "fg_idx": 677,
  "fg_mtime": 1764948396.4344385,
  "tx_idx": 1100,
  "tx_mtime": 1764948396.4324384,
  "llr_idx": 677,
  "llr_mtime": 1764948396.4344385,
  "rnti": 4660,
  "fullgrid_file": "f0550_s11_fullgrid_idx000677.bin",
  "txbits_file": "f0550_s11_txbits_idx001100_rnti04660.bin",
  "llr_file": "f0550_s11_llr_idx000677.bin",
  "ldpc_cfg_file": "f0550_s11_ldpc.json"
}