{
  "frame": 1001,
  "slot": 1,
  "fg_idx": 1578,
  "fg_mtime": 1764948398.47936,
  "tx_idx": 2001,
  "tx_mtime": 1764948398.47736,
  "llr_idx": 1578,
  "llr_mtime": 1764948398.48036,
  "rnti": 4660,
  "fullgrid_file": "f1001_s01_fullgrid_idx001578.bin",
  "txbits_file": "f1001_s01_txbits_idx002001_rnti04660.bin",
  "llr_file": "f1001_s01_llr_idx001578.bin",
  "ldpc_cfg_file": "f1001_s01_ldpc.json"
}