{
  "frame": 945,
  "slot": 11,
  "fg_idx": 1467,
  "fg_mtime": 1764948398.2073703,
  "tx_idx": 1890,
  "tx_mtime": 1764948398.2053704,
  "llr_idx": 1467,
  "llr_mtime": 1764948398.2073703,
  "rnti": 4660,
  "fullgrid_file": "f0945_s11_fullgrid_idx001467.bin",
  "txbits_file": "f0945_s11_txbits_idx001890_rnti04660.bin",
  "llr_file": "f0945_s11_llr_idx001467.bin",
  "ldpc_cfg_file": "f0945_s11_ldpc.json"
}