{
  "frame": 441,
  "slot": 1,
  "fg_idx": 458,
  "fg_mtime": 1764948395.9134583,
  "tx_idx": 881,
  "tx_mtime": 1764948395.9114585,
  "llr_idx": 458,
  "llr_mtime": 1764948395.9134583,
  "rnti": 4660,
  "fullgrid_file": "f0441_s01_fullgrid_idx000458.bin",
  "txbits_file": "f0441_s01_txbits_idx000881_rnti04660.bin",
  "llr_file": "f0441_s01_llr_idx000458.bin",
  "ldpc_cfg_file": "f0441_s01_ldpc.json"
}