{
  "frame": 690,
  "slot": 11,
  "fg_idx": 957,
  "fg_mtime": 1764948397.0344152,
  "tx_idx": 1380,
  "tx_mtime": 1764948397.0334153,
  "llr_idx": 957,
  "llr_mtime": 1764948397.0344152,
  "rnti": 4660,
  "fullgrid_file": "f0690_s11_fullgrid_idx000957.bin",
  "txbits_file": "f0690_s11_txbits_idx001380_rnti04660.bin",
  "llr_file": "f0690_s11_llr_idx000957.bin",
  "ldpc_cfg_file": "f0690_s11_ldpc.json"
}