{
  "frame": 847,
  "slot": 1,
  "fg_idx": 1270,
  "fg_mtime": 1764948397.750388,
  "tx_idx": 1693,
  "tx_mtime": 1764948397.749388,
  "llr_idx": 1270,
  "llr_mtime": 1764948397.7513878,
  "rnti": 4660,
  "fullgrid_file": "f0847_s01_fullgrid_idx001270.bin",
  "txbits_file": "f0847_s01_txbits_idx001693_rnti04660.bin",
  "llr_file": "f0847_s01_llr_idx001270.bin",
  "ldpc_cfg_file": "f0847_s01_ldpc.json"
}