{
  "frame": 228,
  "slot": 11,
  "fg_idx": 33,
  "fg_mtime": 1764948394.9524953,
  "tx_idx": 456,
  "tx_mtime": 1764948394.9504955,
  "llr_idx": 33,
  "llr_mtime": 1764948394.9524953,
  "rnti": 4660,
  "fullgrid_file": "f0228_s11_fullgrid_idx000033.bin",
  "txbits_file": "f0228_s11_txbits_idx000456_rnti04660.bin",
  "llr_file": "f0228_s11_llr_idx000033.bin",
  "ldpc_cfg_file": "f0228_s11_ldpc.json"
}