{
  "frame": 643,
  "slot": 1,
  "fg_idx": 862,
  "fg_mtime": 1764948396.8274233,
  "tx_idx": 1285,
  "tx_mtime": 1764948396.8254232,
  "llr_idx": 862,
  "llr_mtime": 1764948396.8274233,
  "rnti": 4660,
  "fullgrid_file": "f0643_s01_fullgrid_idx000862.bin",
  "txbits_file": "f0643_s01_txbits_idx001285_rnti04660.bin",
  "llr_file": "f0643_s01_llr_idx000862.bin",
  "ldpc_cfg_file": "f0643_s01_ldpc.json"
}