{
  "frame": 667,
  "slot": 11,
  "fg_idx": 911,
  "fg_mtime": 1764948396.9304192,
  "tx_idx": 1334,
  "tx_mtime": 1764948396.9294193,
  "llr_idx": 911,
  "llr_mtime": 1764948396.9304192,
  "rnti": 4660,
  "fullgrid_file": "f0667_s11_fullgrid_idx000911.bin",
  "txbits_file": "f0667_s11_txbits_idx001334_rnti04660.bin",
  "llr_file": "f0667_s11_llr_idx000911.bin",
  "ldpc_cfg_file": "f0667_s11_ldpc.json"
}