{
  "frame": 603,
  "slot": 11,
  "fg_idx": 783,
  "fg_mtime": 1764948396.6584299,
  "tx_idx": 1206,
  "tx_mtime": 1764948396.6564298,
  "llr_idx": 783,
  "llr_mtime": 1764948396.6584299,
  "rnti": 4660,
  "fullgrid_file": "f0603_s11_fullgrid_idx000783.bin",
  "txbits_file": "f0603_s11_txbits_idx001206_rnti04660.bin",
  "llr_file": "f0603_s11_llr_idx000783.bin",
  "ldpc_cfg_file": "f0603_s11_ldpc.json"
}