{
  "frame": 783,
  "slot": 1,
  "fg_idx": 1142,
  "fg_mtime": 1764948397.4523993,
  "tx_idx": 1565,
  "tx_mtime": 1764948397.4503994,
  "llr_idx": 1142,
  "llr_mtime": 1764948397.4523993,
  "rnti": 4660,
  "fullgrid_file": "f0783_s01_fullgrid_idx001142.bin",
  "txbits_file": "f0783_s01_txbits_idx001565_rnti04660.bin",
  "llr_file": "f0783_s01_llr_idx001142.bin",
  "ldpc_cfg_file": "f0783_s01_ldpc.json"
}