{
  "frame": 560,
  "slot": 1,
  "fg_idx": 696,
  "fg_mtime": 1764948396.4754367,
  "tx_idx": 1119,
  "tx_mtime": 1764948396.4734368,
  "llr_idx": 696,
  "llr_mtime": 1764948396.4754367,
  "rnti": 4660,
  "fullgrid_file": "f0560_s01_fullgrid_idx000696.bin",
  "txbits_file": "f0560_s01_txbits_idx001119_rnti04660.bin",
  "llr_file": "f0560_s01_llr_idx000696.bin",
  "ldpc_cfg_file": "f0560_s01_ldpc.json"
}