{
  "frame": 588,
  "slot": 11,
  "fg_idx": 753,
  "fg_mtime": 1764948396.5954323,
  "tx_idx": 1176,
  "tx_mtime": 1764948396.594432,
  "llr_idx": 753,
  "llr_mtime": 1764948396.5964322,
  "rnti": 4660,
  "fullgrid_file": "f0588_s11_fullgrid_idx000753.bin",
  "txbits_file": "f0588_s11_txbits_idx001176_rnti04660.bin",
  "llr_file": "f0588_s11_llr_idx000753.bin",
  "ldpc_cfg_file": "f0588_s11_ldpc.json"
}