{
  "frame": 762,
  "slot": 11,
  "fg_idx": 1101,
  "fg_mtime": 1764948397.3564029,
  "tx_idx": 1524,
  "tx_mtime": 1764948397.354403,
  "llr_idx": 1101,
  "llr_mtime": 1764948397.3564029,
  "rnti": 4660,
  "fullgrid_file": "f0762_s11_fullgrid_idx001101.bin",
  "txbits_file": "f0762_s11_txbits_idx001524_rnti04660.bin",
  "llr_file": "f0762_s11_llr_idx001101.bin",
  "ldpc_cfg_file": "f0762_s11_ldpc.json"
}