{
  "frame": 301,
  "slot": 11,
  "fg_idx": 179,
  "fg_mtime": 1764948395.2764828,
  "tx_idx": 602,
  "tx_mtime": 1764948395.274483,
  "llr_idx": 179,
  "llr_mtime": 1764948395.2764828,
  "rnti": 4660,
  "fullgrid_file": "f0301_s11_fullgrid_idx000179.bin",
  "txbits_file": "f0301_s11_txbits_idx000602_rnti04660.bin",
  "llr_file": "f0301_s11_llr_idx000179.bin",
  "ldpc_cfg_file": "f0301_s11_ldpc.json"
}