{
  "frame": 947,
  "slot": 1,
  "fg_idx": 1470,
  "fg_mtime": 1764948398.2153702,
  "tx_idx": 1893,
  "tx_mtime": 1764948398.21337,
  "llr_idx": 1470,
  "llr_mtime": 1764948398.2153702,
  "rnti": 4660,
  "fullgrid_file": "f0947_s01_fullgrid_idx001470.bin",
  "txbits_file": "f0947_s01_txbits_idx001893_rnti04660.bin",
  "llr_file": "f0947_s01_llr_idx001470.bin",
  "ldpc_cfg_file": "f0947_s01_ldpc.json"
}