{
  "frame": 984,
  "slot": 11,
  "fg_idx": 1545,
  "fg_mtime": 1764948398.3973632,
  "tx_idx": 1968,
  "tx_mtime": 1764948398.3953633,
  "llr_idx": 1545,
  "llr_mtime": 1764948398.3973632,
  "rnti": 4660,
  "fullgrid_file": "f0984_s11_fullgrid_idx001545.bin",
  "txbits_file": "f0984_s11_txbits_idx001968_rnti04660.bin",
  "llr_file": "f0984_s11_llr_idx001545.bin",
  "ldpc_cfg_file": "f0984_s11_ldpc.json"
}