{
  "frame": 919,
  "slot": 11,
  "fg_idx": 1415,
  "fg_mtime": 1764948398.085375,
  "tx_idx": 1838,
  "tx_mtime": 1764948398.0843751,
  "llr_idx": 1415,
  "llr_mtime": 1764948398.085375,
  "rnti": 4660,
  "fullgrid_file": "f0919_s11_fullgrid_idx001415.bin",
  "txbits_file": "f0919_s11_txbits_idx001838_rnti04660.bin",
  "llr_file": "f0919_s11_llr_idx001415.bin",
  "ldpc_cfg_file": "f0919_s11_ldpc.json"
}