{
  "frame": 343,
  "slot": 1,
  "fg_idx": 262,
  "fg_mtime": 1764948395.4644756,
  "tx_idx": 685,
  "tx_mtime": 1764948395.4624758,
  "llr_idx": 262,
  "llr_mtime": 1764948395.4644756,
  "rnti": 4660,
  "fullgrid_file": "f0343_s01_fullgrid_idx000262.bin",
  "txbits_file": "f0343_s01_txbits_idx000685_rnti04660.bin",
  "llr_file": "f0343_s01_llr_idx000262.bin",
  "ldpc_cfg_file": "f0343_s01_ldpc.json"
}