{
  "frame": 777,
  "slot": 1,
  "fg_idx": 1130,
  "fg_mtime": 1764948397.4244003,
  "tx_idx": 1553,
  "tx_mtime": 1764948397.4224005,
  "llr_idx": 1130,
  "llr_mtime": 1764948397.4244003,
  "rnti": 4660,
  "fullgrid_file": "f0777_s01_fullgrid_idx001130.bin",
  "txbits_file": "f0777_s01_txbits_idx001553_rnti04660.bin",
  "llr_file": "f0777_s01_llr_idx001130.bin",
  "ldpc_cfg_file": "f0777_s01_ldpc.json"
}