{
  "frame": 290,
  "slot": 11,
  "fg_idx": 157,
  "fg_mtime": 1764948395.2284849,
  "tx_idx": 580,
  "tx_mtime": 1764948395.2274847,
  "llr_idx": 157,
  "llr_mtime": 1764948395.2284849,
  "rnti": 4660,
  "fullgrid_file": "f0290_s11_fullgrid_idx000157.bin",
  "txbits_file": "f0290_s11_txbits_idx000580_rnti04660.bin",
  "llr_file": "f0290_s11_llr_idx000157.bin",
  "ldpc_cfg_file": "f0290_s11_ldpc.json"
}