{
  "frame": 243,
  "slot": 1,
  "fg_idx": 62,
  "fg_mtime": 1764948395.0114932,
  "tx_idx": 485,
  "tx_mtime": 1764948395.010493,
  "llr_idx": 62,
  "llr_mtime": 1764948395.0124931,
  "rnti": 4660,
  "fullgrid_file": "f0243_s01_fullgrid_idx000062.bin",
  "txbits_file": "f0243_s01_txbits_idx000485_rnti04660.bin",
  "llr_file": "f0243_s01_llr_idx000062.bin",
  "ldpc_cfg_file": "f0243_s01_ldpc.json"
}