{
  "frame": 378,
  "slot": 1,
  "fg_idx": 332,
  "fg_mtime": 1764948395.6244695,
  "tx_idx": 755,
  "tx_mtime": 1764948395.6224697,
  "llr_idx": 332,
  "llr_mtime": 1764948395.6244695,
  "rnti": 4660,
  "fullgrid_file": "f0378_s01_fullgrid_idx000332.bin",
  "txbits_file": "f0378_s01_txbits_idx000755_rnti04660.bin",
  "llr_file": "f0378_s01_llr_idx000332.bin",
  "ldpc_cfg_file": "f0378_s01_ldpc.json"
}