{
  "frame": 739,
  "slot": 1,
  "fg_idx": 1054,
  "fg_mtime": 1764948397.249407,
  "tx_idx": 1477,
  "tx_mtime": 1764948397.2474072,
  "llr_idx": 1054,
  "llr_mtime": 1764948397.249407,
  "rnti": 4660,
  "fullgrid_file": "f0739_s01_fullgrid_idx001054.bin",
  "txbits_file": "f0739_s01_txbits_idx001477_rnti04660.bin",
  "llr_file": "f0739_s01_llr_idx001054.bin",
  "ldpc_cfg_file": "f0739_s01_ldpc.json"
}