{
  "frame": 406,
  "slot": 1,
  "fg_idx": 388,
  "fg_mtime": 1764948395.7534645,
  "tx_idx": 811,
  "tx_mtime": 1764948395.7514646,
  "llr_idx": 388,
  "llr_mtime": 1764948395.7534645,
  "rnti": 4660,
  "fullgrid_file": "f0406_s01_fullgrid_idx000388.bin",
  "txbits_file": "f0406_s01_txbits_idx000811_rnti04660.bin",
  "llr_file": "f0406_s01_llr_idx000388.bin",
  "ldpc_cfg_file": "f0406_s01_ldpc.json"
}