{
  "frame": 870,
  "slot": 1,
  "fg_idx": 1316,
  "fg_mtime": 1764948397.8563838,
  "tx_idx": 1739,
  "tx_mtime": 1764948397.854384,
  "llr_idx": 1316,
  "llr_mtime": 1764948397.8563838,
  "rnti": 4660,
  "fullgrid_file": "f0870_s01_fullgrid_idx001316.bin",
  "txbits_file": "f0870_s01_txbits_idx001739_rnti04660.bin",
  "llr_file": "f0870_s01_llr_idx001316.bin",
  "ldpc_cfg_file": "f0870_s01_ldpc.json"
}