{
  "frame": 433,
  "slot": 1,
  "fg_idx": 442,
  "fg_mtime": 1764948395.8774598,
  "tx_idx": 865,
  "tx_mtime": 1764948395.87546,
  "llr_idx": 442,
  "llr_mtime": 1764948395.8774598,
  "rnti": 4660,
  "fullgrid_file": "f0433_s01_fullgrid_idx000442.bin",
  "txbits_file": "f0433_s01_txbits_idx000865_rnti04660.bin",
  "llr_file": "f0433_s01_llr_idx000442.bin",
  "ldpc_cfg_file": "f0433_s01_ldpc.json"
}