{
  "frame": 984,
  "slot": 1,
  "fg_idx": 1544,
  "fg_mtime": 1764948398.3953633,
  "tx_idx": 1967,
  "tx_mtime": 1764948398.3933632,
  "llr_idx": 1544,
  "llr_mtime": 1764948398.3953633,
  "rnti": 4660,
  "fullgrid_file": "f0984_s01_fullgrid_idx001544.bin",
  "txbits_file": "f0984_s01_txbits_idx001967_rnti04660.bin",
  "llr_file": "f0984_s01_llr_idx001544.bin",
  "ldpc_cfg_file": "f0984_s01_ldpc.json"
}