{
  "frame": 917,
  "slot": 1,
  "fg_idx": 1410,
  "fg_mtime": 1764948398.0743754,
  "tx_idx": 1833,
  "tx_mtime": 1764948398.0723755,
  "llr_idx": 1410,
  "llr_mtime": 1764948398.0743754,
  "rnti": 4660,
  "fullgrid_file": "f0917_s01_fullgrid_idx001410.bin",
  "txbits_file": "f0917_s01_txbits_idx001833_rnti04660.bin",
  "llr_file": "f0917_s01_llr_idx001410.bin",
  "ldpc_cfg_file": "f0917_s01_ldpc.json"
}