{
  "frame": 364,
  "slot": 1,
  "fg_idx": 304,
  "fg_mtime": 1764948395.560472,
  "tx_idx": 727,
  "tx_mtime": 1764948395.5584722,
  "llr_idx": 304,
  "llr_mtime": 1764948395.560472,
  "rnti": 4660,
  "fullgrid_file": "f0364_s01_fullgrid_idx000304.bin",
  "txbits_file": "f0364_s01_txbits_idx000727_rnti04660.bin",
  "llr_file": "f0364_s01_llr_idx000304.bin",
  "ldpc_cfg_file": "f0364_s01_ldpc.json"
}