{
  "frame": 406,
  "slot": 11,
  "fg_idx": 389,
  "fg_mtime": 1764948395.7554646,
  "tx_idx": 812,
  "tx_mtime": 1764948395.7534645,
  "llr_idx": 389,
  "llr_mtime": 1764948395.7554646,
  "rnti": 4660,
  "fullgrid_file": "f0406_s11_fullgrid_idx000389.bin",
  "txbits_file": "f0406_s11_txbits_idx000812_rnti04660.bin",
  "llr_file": "f0406_s11_llr_idx000389.bin",
  "ldpc_cfg_file": "f0406_s11_ldpc.json"
}