{
  "frame": 813,
  "slot": 1,
  "fg_idx": 1202,
  "fg_mtime": 1764948397.5933938,
  "tx_idx": 1625,
  "tx_mtime": 1764948397.5923939,
  "llr_idx": 1202,
  "llr_mtime": 1764948397.5933938,
  "rnti": 4660,
  "fullgrid_file": "f0813_s01_fullgrid_idx001202.bin",
  "txbits_file": "f0813_s01_txbits_idx001625_rnti04660.bin",
  "llr_file": "f0813_s01_llr_idx001202.bin",
  "ldpc_cfg_file": "f0813_s01_ldpc.json"
}