{
  "frame": 371,
  "slot": 11,
  "fg_idx": 319,
  "fg_mtime": 1764948395.5934708,
  "tx_idx": 742,
  "tx_mtime": 1764948395.5924706,
  "llr_idx": 319,
  "llr_mtime": 1764948395.5934708,
  "rnti": 4660,
  "fullgrid_file": "f0371_s11_fullgrid_idx000319.bin",
  "txbits_file": "f0371_s11_txbits_idx000742_rnti04660.bin",
  "llr_file": "f0371_s11_llr_idx000319.bin",
  "ldpc_cfg_file": "f0371_s11_ldpc.json"
}