{
  "frame": 939,
  "slot": 1,
  "fg_idx": 1454,
  "fg_mtime": 1764948398.1763716,
  "tx_idx": 1877,
  "tx_mtime": 1764948398.1753716,
  "llr_idx": 1454,
  "llr_mtime": 1764948398.1763716,
  "rnti": 4660,
  "fullgrid_file": "f0939_s01_fullgrid_idx001454.bin",
  "txbits_file": "f0939_s01_txbits_idx001877_rnti04660.bin",
  "llr_file": "f0939_s01_llr_idx001454.bin",
  "ldpc_cfg_file": "f0939_s01_ldpc.json"
}