{
  "frame": 702,
  "slot": 11,
  "fg_idx": 981,
  "fg_mtime": 1764948397.0874133,
  "tx_idx": 1404,
  "tx_mtime": 1764948397.0864134,
  "llr_idx": 981,
  "llr_mtime": 1764948397.0874133,
  "rnti": 4660,
  "fullgrid_file": "f0702_s11_fullgrid_idx000981.bin",
  "txbits_file": "f0702_s11_txbits_idx001404_rnti04660.bin",
  "llr_file": "f0702_s11_llr_idx000981.bin",
  "ldpc_cfg_file": "f0702_s11_ldpc.json"
}