{
  "frame": 695,
  "slot": 1,
  "fg_idx": 966,
  "fg_mtime": 1764948397.0534146,
  "tx_idx": 1389,
  "tx_mtime": 1764948397.0524147,
  "llr_idx": 966,
  "llr_mtime": 1764948397.0544145,
  "rnti": 4660,
  "fullgrid_file": "f0695_s01_fullgrid_idx000966.bin",
  "txbits_file": "f0695_s01_txbits_idx001389_rnti04660.bin",
  "llr_file": "f0695_s01_llr_idx000966.bin",
  "ldpc_cfg_file": "f0695_s01_ldpc.json"
}