{
  "frame": 768,
  "slot": 1,
  "fg_idx": 1112,
  "fg_mtime": 1764948397.3834019,
  "tx_idx": 1535,
  "tx_mtime": 1764948397.381402,
  "llr_idx": 1112,
  "llr_mtime": 1764948397.3834019,
  "rnti": 4660,
  "fullgrid_file": "f0768_s01_fullgrid_idx001112.bin",
  "txbits_file": "f0768_s01_txbits_idx001535_rnti04660.bin",
  "llr_file": "f0768_s01_llr_idx001112.bin",
  "ldpc_cfg_file": "f0768_s01_ldpc.json"
}