{
  "frame": 356,
  "slot": 11,
  "fg_idx": 289,
  "fg_mtime": 1764948395.5264733,
  "tx_idx": 712,
  "tx_mtime": 1764948395.5244734,
  "llr_idx": 289,
  "llr_mtime": 1764948395.5264733,
  "rnti": 4660,
  "fullgrid_file": "f0356_s11_fullgrid_idx000289.bin",
  "txbits_file": "f0356_s11_txbits_idx000712_rnti04660.bin",
  "llr_file": "f0356_s11_llr_idx000289.bin",
  "ldpc_cfg_file": "f0356_s11_ldpc.json"
}