{
  "frame": 318,
  "slot": 1,
  "fg_idx": 212,
  "fg_mtime": 1764948395.3494802,
  "tx_idx": 635,
  "tx_mtime": 1764948395.3474803,
  "llr_idx": 212,
  "llr_mtime": 1764948395.3494802,
  "rnti": 4660,
  "fullgrid_file": "f0318_s01_fullgrid_idx000212.bin",
  "txbits_file": "f0318_s01_txbits_idx000635_rnti04660.bin",
  "llr_file": "f0318_s01_llr_idx000212.bin",
  "ldpc_cfg_file": "f0318_s01_ldpc.json"
}