{
  "frame": 871,
  "slot": 11,
  "fg_idx": 1319,
  "fg_mtime": 1764948397.8633835,
  "tx_idx": 1742,
  "tx_mtime": 1764948397.8623836,
  "llr_idx": 1319,
  "llr_mtime": 1764948397.8633835,
  "rnti": 4660,
  "fullgrid_file": "f0871_s11_fullgrid_idx001319.bin",
  "txbits_file": "f0871_s11_txbits_idx001742_rnti04660.bin",
  "llr_file": "f0871_s11_llr_idx001319.bin",
  "ldpc_cfg_file": "f0871_s11_ldpc.json"
}