{
  "frame": 575,
  "slot": 1,
  "fg_idx": 726,
  "fg_mtime": 1764948396.5394344,
  "tx_idx": 1149,
  "tx_mtime": 1764948396.5384343,
  "llr_idx": 726,
  "llr_mtime": 1764948396.5404344,
  "rnti": 4660,
  "fullgrid_file": "f0575_s01_fullgrid_idx000726.bin",
  "txbits_file": "f0575_s01_txbits_idx001149_rnti04660.bin",
  "llr_file": "f0575_s01_llr_idx000726.bin",
  "ldpc_cfg_file": "f0575_s01_ldpc.json"
}