{
  "frame": 573,
  "slot": 1,
  "fg_idx": 722,
  "fg_mtime": 1764948396.5314345,
  "tx_idx": 1145,
  "tx_mtime": 1764948396.5294347,
  "llr_idx": 722,
  "llr_mtime": 1764948396.5314345,
  "rnti": 4660,
  "fullgrid_file": "f0573_s01_fullgrid_idx000722.bin",
  "txbits_file": "f0573_s01_txbits_idx001145_rnti04660.bin",
  "llr_file": "f0573_s01_llr_idx000722.bin",
  "ldpc_cfg_file": "f0573_s01_ldpc.json"
}