{
  "frame": 313,
  "slot": 1,
  "fg_idx": 202,
  "fg_mtime": 1764948395.326481,
  "tx_idx": 625,
  "tx_mtime": 1764948395.324481,
  "llr_idx": 202,
  "llr_mtime": 1764948395.326481,
  "rnti": 4660,
  "fullgrid_file": "f0313_s01_fullgrid_idx000202.bin",
  "txbits_file": "f0313_s01_txbits_idx000625_rnti04660.bin",
  "llr_file": "f0313_s01_llr_idx000202.bin",
  "ldpc_cfg_file": "f0313_s01_ldpc.json"
}