{
  "frame": 988,
  "slot": 1,
  "fg_idx": 1552,
  "fg_mtime": 1764948398.4173625,
  "tx_idx": 1975,
  "tx_mtime": 1764948398.4163625,
  "llr_idx": 1552,
  "llr_mtime": 1764948398.4183624,
  "rnti": 4660,
  "fullgrid_file": "f0988_s01_fullgrid_idx001552.bin",
  "txbits_file": "f0988_s01_txbits_idx001975_rnti04660.bin",
  "llr_file": "f0988_s01_llr_idx001552.bin",
  "ldpc_cfg_file": "f0988_s01_ldpc.json"
}