{
  "frame": 626,
  "slot": 11,
  "fg_idx": 829,
  "fg_mtime": 1764948396.7594259,
  "tx_idx": 1252,
  "tx_mtime": 1764948396.757426,
  "llr_idx": 829,
  "llr_mtime": 1764948396.7594259,
  "rnti": 4660,
  "fullgrid_file": "f0626_s11_fullgrid_idx000829.bin",
  "txbits_file": "f0626_s11_txbits_idx001252_rnti04660.bin",
  "llr_file": "f0626_s11_llr_idx000829.bin",
  "ldpc_cfg_file": "f0626_s11_ldpc.json"
}