{
  "frame": 673,
  "slot": 1,
  "fg_idx": 922,
  "fg_mtime": 1764948396.9554183,
  "tx_idx": 1345,
  "tx_mtime": 1764948396.9544184,
  "llr_idx": 922,
  "llr_mtime": 1764948396.9554183,
  "rnti": 4660,
  "fullgrid_file": "f0673_s01_fullgrid_idx000922.bin",
  "txbits_file": "f0673_s01_txbits_idx001345_rnti04660.bin",
  "llr_file": "f0673_s01_llr_idx000922.bin",
  "ldpc_cfg_file": "f0673_s01_ldpc.json"
}