{
  "frame": 862,
  "slot": 11,
  "fg_idx": 1301,
  "fg_mtime": 1764948397.8213851,
  "tx_idx": 1724,
  "tx_mtime": 1764948397.8203852,
  "llr_idx": 1301,
  "llr_mtime": 1764948397.822385,
  "rnti": 4660,
  "fullgrid_file": "f0862_s11_fullgrid_idx001301.bin",
  "txbits_file": "f0862_s11_txbits_idx001724_rnti04660.bin",
  "llr_file": "f0862_s11_llr_idx001301.bin",
  "ldpc_cfg_file": "f0862_s11_ldpc.json"
}