{
  "frame": 668,
  "slot": 1,
  "fg_idx": 912,
  "fg_mtime": 1764948396.9334192,
  "tx_idx": 1335,
  "tx_mtime": 1764948396.9314194,
  "llr_idx": 912,
  "llr_mtime": 1764948396.9334192,
  "rnti": 4660,
  "fullgrid_file": "f0668_s01_fullgrid_idx000912.bin",
  "txbits_file": "f0668_s01_txbits_idx001335_rnti04660.bin",
  "llr_file": "f0668_s01_llr_idx000912.bin",
  "ldpc_cfg_file": "f0668_s01_ldpc.json"
}