{
  "frame": 494,
  "slot": 11,
  "fg_idx": 565,
  "fg_mtime": 1764948396.1554492,
  "tx_idx": 988,
  "tx_mtime": 1764948396.1544492,
  "llr_idx": 565,
  "llr_mtime": 1764948396.156449,
  "rnti": 4660,
  "fullgrid_file": "f0494_s11_fullgrid_idx000565.bin",
  "txbits_file": "f0494_s11_txbits_idx000988_rnti04660.bin",
  "llr_file": "f0494_s11_llr_idx000565.bin",
  "ldpc_cfg_file": "f0494_s11_ldpc.json"
}