{
  "frame": 254,
  "slot": 1,
  "fg_idx": 84,
  "fg_mtime": 1764948395.0624912,
  "tx_idx": 507,
  "tx_mtime": 1764948395.0604913,
  "llr_idx": 84,
  "llr_mtime": 1764948395.0624912,
  "rnti": 4660,
  "fullgrid_file": "f0254_s01_fullgrid_idx000084.bin",
  "txbits_file": "f0254_s01_txbits_idx000507_rnti04660.bin",
  "llr_file": "f0254_s01_llr_idx000084.bin",
  "ldpc_cfg_file": "f0254_s01_ldpc.json"
}