{
  "frame": 496,
  "slot": 1,
  "fg_idx": 568,
  "fg_mtime": 1764948396.1634488,
  "tx_idx": 991,
  "tx_mtime": 1764948396.161449,
  "llr_idx": 568,
  "llr_mtime": 1764948396.1644487,
  "rnti": 4660,
  "fullgrid_file": "f0496_s01_fullgrid_idx000568.bin",
  "txbits_file": "f0496_s01_txbits_idx000991_rnti04660.bin",
  "llr_file": "f0496_s01_llr_idx000568.bin",
  "ldpc_cfg_file": "f0496_s01_ldpc.json"
}