{
  "frame": 560,
  "slot": 11,
  "fg_idx": 697,
  "fg_mtime": 1764948396.4774368,
  "tx_idx": 1120,
  "tx_mtime": 1764948396.4754367,
  "llr_idx": 697,
  "llr_mtime": 1764948396.4774368,
  "rnti": 4660,
  "fullgrid_file": "f0560_s11_fullgrid_idx000697.bin",
  "txbits_file": "f0560_s11_txbits_idx001120_rnti04660.bin",
  "llr_file": "f0560_s11_llr_idx000697.bin",
  "ldpc_cfg_file": "f0560_s11_ldpc.json"
}