{
  "frame": 394,
  "slot": 1,
  "fg_idx": 364,
  "fg_mtime": 1764948395.6974666,
  "tx_idx": 787,
  "tx_mtime": 1764948395.6954668,
  "llr_idx": 364,
  "llr_mtime": 1764948395.6974666,
  "rnti": 4660,
  "fullgrid_file": "f0394_s01_fullgrid_idx000364.bin",
  "txbits_file": "f0394_s01_txbits_idx000787_rnti04660.bin",
  "llr_file": "f0394_s01_llr_idx000364.bin",
  "ldpc_cfg_file": "f0394_s01_ldpc.json"
}