{
  "frame": 580,
  "slot": 1,
  "fg_idx": 736,
  "fg_mtime": 1764948396.5604336,
  "tx_idx": 1159,
  "tx_mtime": 1764948396.5594335,
  "llr_idx": 736,
  "llr_mtime": 1764948396.5614336,
  "rnti": 4660,
  "fullgrid_file": "f0580_s01_fullgrid_idx000736.bin",
  "txbits_file": "f0580_s01_txbits_idx001159_rnti04660.bin",
  "llr_file": "f0580_s01_llr_idx000736.bin",
  "ldpc_cfg_file": "f0580_s01_ldpc.json"
}