{
  "frame": 240,
  "slot": 1,
  "fg_idx": 56,
  "fg_mtime": 1764948395.0004935,
  "tx_idx": 479,
  "tx_mtime": 1764948394.9994936,
  "llr_idx": 56,
  "llr_mtime": 1764948395.0004935,
  "rnti": 4660,
  "fullgrid_file": "f0240_s01_fullgrid_idx000056.bin",
  "txbits_file": "f0240_s01_txbits_idx000479_rnti04660.bin",
  "llr_file": "f0240_s01_llr_idx000056.bin",
  "ldpc_cfg_file": "f0240_s01_ldpc.json"
}