{
  "frame": 990,
  "slot": 1,
  "fg_idx": 1556,
  "fg_mtime": 1764948398.427362,
  "tx_idx": 1979,
  "tx_mtime": 1764948398.426362,
  "llr_idx": 1556,
  "llr_mtime": 1764948398.428362,
  "rnti": 4660,
  "fullgrid_file": "f0990_s01_fullgrid_idx001556.bin",
  "txbits_file": "f0990_s01_txbits_idx001979_rnti04660.bin",
  "llr_file": "f0990_s01_llr_idx001556.bin",
  "ldpc_cfg_file": "f0990_s01_ldpc.json"
}