{
  "frame": 918,
  "slot": 11,
  "fg_idx": 1413,
  "fg_mtime": 1764948398.0813751,
  "tx_idx": 1836,
  "tx_mtime": 1764948398.0793753,
  "llr_idx": 1413,
  "llr_mtime": 1764948398.0813751,
  "rnti": 4660,
  "fullgrid_file": "f0918_s11_fullgrid_idx001413.bin",
  "txbits_file": "f0918_s11_txbits_idx001836_rnti04660.bin",
  "llr_file": "f0918_s11_llr_idx001413.bin",
  "ldpc_cfg_file": "f0918_s11_ldpc.json"
}