{
  "frame": 837,
  "slot": 1,
  "fg_idx": 1250,
  "fg_mtime": 1764948397.7053895,
  "tx_idx": 1673,
  "tx_mtime": 1764948397.7033896,
  "llr_idx": 1250,
  "llr_mtime": 1764948397.7053895,
  "rnti": 4660,
  "fullgrid_file": "f0837_s01_fullgrid_idx001250.bin",
  "txbits_file": "f0837_s01_txbits_idx001673_rnti04660.bin",
  "llr_file": "f0837_s01_llr_idx001250.bin",
  "ldpc_cfg_file": "f0837_s01_ldpc.json"
}