{
  "frame": 500,
  "slot": 11,
  "fg_idx": 577,
  "fg_mtime": 1764948396.183448,
  "tx_idx": 1000,
  "tx_mtime": 1764948396.1824481,
  "llr_idx": 577,
  "llr_mtime": 1764948396.183448,
  "rnti": 4660,
  "fullgrid_file": "f0500_s11_fullgrid_idx000577.bin",
  "txbits_file": "f0500_s11_txbits_idx001000_rnti04660.bin",
  "llr_file": "f0500_s11_llr_idx000577.bin",
  "ldpc_cfg_file": "f0500_s11_ldpc.json"
}