{
  "frame": 255,
  "slot": 1,
  "fg_idx": 86,
  "fg_mtime": 1764948395.067491,
  "tx_idx": 509,
  "tx_mtime": 1764948395.065491,
  "llr_idx": 86,
  "llr_mtime": 1764948395.067491,
  "rnti": 4660,
  "fullgrid_file": "f0255_s01_fullgrid_idx000086.bin",
  "txbits_file": "f0255_s01_txbits_idx000509_rnti04660.bin",
  "llr_file": "f0255_s01_llr_idx000086.bin",
  "ldpc_cfg_file": "f0255_s01_ldpc.json"
}