{
  "frame": 576,
  "slot": 11,
  "fg_idx": 729,
  "fg_mtime": 1764948396.545434,
  "tx_idx": 1152,
  "tx_mtime": 1764948396.544434,
  "llr_idx": 729,
  "llr_mtime": 1764948396.5464342,
  "rnti": 4660,
  "fullgrid_file": "f0576_s11_fullgrid_idx000729.bin",
  "txbits_file": "f0576_s11_txbits_idx001152_rnti04660.bin",
  "llr_file": "f0576_s11_llr_idx000729.bin",
  "ldpc_cfg_file": "f0576_s11_ldpc.json"
}