{
  "frame": 615,
  "slot": 1,
  "fg_idx": 806,
  "fg_mtime": 1764948396.7094278,
  "tx_idx": 1229,
  "tx_mtime": 1764948396.707428,
  "llr_idx": 806,
  "llr_mtime": 1764948396.7094278,
  "rnti": 4660,
  "fullgrid_file": "f0615_s01_fullgrid_idx000806.bin",
  "txbits_file": "f0615_s01_txbits_idx001229_rnti04660.bin",
  "llr_file": "f0615_s01_llr_idx000806.bin",
  "ldpc_cfg_file": "f0615_s01_ldpc.json"
}