{
  "frame": 523,
  "slot": 11,
  "fg_idx": 623,
  "fg_mtime": 1764948396.290444,
  "tx_idx": 1046,
  "tx_mtime": 1764948396.289444,
  "llr_idx": 623,
  "llr_mtime": 1764948396.2914438,
  "rnti": 4660,
  "fullgrid_file": "f0523_s11_fullgrid_idx000623.bin",
  "txbits_file": "f0523_s11_txbits_idx001046_rnti04660.bin",
  "llr_file": "f0523_s11_llr_idx000623.bin",
  "ldpc_cfg_file": "f0523_s11_ldpc.json"
}