{
  "frame": 865,
  "slot": 1,
  "fg_idx": 1306,
  "fg_mtime": 1764948397.8323848,
  "tx_idx": 1729,
  "tx_mtime": 1764948397.831385,
  "llr_idx": 1306,
  "llr_mtime": 1764948397.8333848,
  "rnti": 4660,
  "fullgrid_file": "f0865_s01_fullgrid_idx001306.bin",
  "txbits_file": "f0865_s01_txbits_idx001729_rnti04660.bin",
  "llr_file": "f0865_s01_llr_idx001306.bin",
  "ldpc_cfg_file": "f0865_s01_ldpc.json"
}