{
  "frame": 980,
  "slot": 11,
  "fg_idx": 1537,
  "fg_mtime": 1764948398.3793638,
  "tx_idx": 1960,
  "tx_mtime": 1764948398.377364,
  "llr_idx": 1537,
  "llr_mtime": 1764948398.3793638,
  "rnti": 4660,
  "fullgrid_file": "f0980_s11_fullgrid_idx001537.bin",
  "txbits_file": "f0980_s11_txbits_idx001960_rnti04660.bin",
  "llr_file": "f0980_s11_llr_idx001537.bin",
  "ldpc_cfg_file": "f0980_s11_ldpc.json"
}