{
  "frame": 235,
  "slot": 1,
  "fg_idx": 46,
  "fg_mtime": 1764948394.9794943,
  "tx_idx": 469,
  "tx_mtime": 1764948394.9774945,
  "llr_idx": 46,
  "llr_mtime": 1764948394.9794943,
  "rnti": 4660,
  "fullgrid_file": "f0235_s01_fullgrid_idx000046.bin",
  "txbits_file": "f0235_s01_txbits_idx000469_rnti04660.bin",
  "llr_file": "f0235_s01_llr_idx000046.bin",
  "ldpc_cfg_file": "f0235_s01_ldpc.json"
}