{
  "frame": 973,
  "slot": 1,
  "fg_idx": 1522,
  "fg_mtime": 1764948398.3423653,
  "tx_idx": 1945,
  "tx_mtime": 1764948398.3403654,
  "llr_idx": 1522,
  "llr_mtime": 1764948398.3433652,
  "rnti": 4660,
  "fullgrid_file": "f0973_s01_fullgrid_idx001522.bin",
  "txbits_file": "f0973_s01_txbits_idx001945_rnti04660.bin",
  "llr_file": "f0973_s01_llr_idx001522.bin",
  "ldpc_cfg_file": "f0973_s01_ldpc.json"
}