{
  "frame": 488,
  "slot": 1,
  "fg_idx": 552,
  "fg_mtime": 1764948396.1254501,
  "tx_idx": 975,
  "tx_mtime": 1764948396.1244502,
  "llr_idx": 552,
  "llr_mtime": 1764948396.1264503,
  "rnti": 4660,
  "fullgrid_file": "f0488_s01_fullgrid_idx000552.bin",
  "txbits_file": "f0488_s01_txbits_idx000975_rnti04660.bin",
  "llr_file": "f0488_s01_llr_idx000552.bin",
  "ldpc_cfg_file": "f0488_s01_ldpc.json"
}