{
  "frame": 419,
  "slot": 1,
  "fg_idx": 414,
  "fg_mtime": 1764948395.8134623,
  "tx_idx": 837,
  "tx_mtime": 1764948395.8104622,
  "llr_idx": 414,
  "llr_mtime": 1764948395.8134623,
  "rnti": 4660,
  "fullgrid_file": "f0419_s01_fullgrid_idx000414.bin",
  "txbits_file": "f0419_s01_txbits_idx000837_rnti04660.bin",
  "llr_file": "f0419_s01_llr_idx000414.bin",
  "ldpc_cfg_file": "f0419_s01_ldpc.json"
}