{
  "frame": 664,
  "slot": 11,
  "fg_idx": 905,
  "fg_mtime": 1764948396.9184198,
  "tx_idx": 1328,
  "tx_mtime": 1764948396.91742,
  "llr_idx": 905,
  "llr_mtime": 1764948396.9194198,
  "rnti": 4660,
  "fullgrid_file": "f0664_s11_fullgrid_idx000905.bin",
  "txbits_file": "f0664_s11_txbits_idx001328_rnti04660.bin",
  "llr_file": "f0664_s11_llr_idx000905.bin",
  "ldpc_cfg_file": "f0664_s11_ldpc.json"
}