{
  "frame": 363,
  "slot": 11,
  "fg_idx": 303,
  "fg_mtime": 1764948395.557472,
  "tx_idx": 726,
  "tx_mtime": 1764948395.556472,
  "llr_idx": 303,
  "llr_mtime": 1764948395.5584722,
  "rnti": 4660,
  "fullgrid_file": "f0363_s11_fullgrid_idx000303.bin",
  "txbits_file": "f0363_s11_txbits_idx000726_rnti04660.bin",
  "llr_file": "f0363_s11_llr_idx000303.bin",
  "ldpc_cfg_file": "f0363_s11_ldpc.json"
}