{
  "frame": 656,
  "slot": 1,
  "fg_idx": 888,
  "fg_mtime": 1764948396.8834212,
  "tx_idx": 1311,
  "tx_mtime": 1764948396.881421,
  "llr_idx": 888,
  "llr_mtime": 1764948396.8834212,
  "rnti": 4660,
  "fullgrid_file": "f0656_s01_fullgrid_idx000888.bin",
  "txbits_file": "f0656_s01_txbits_idx001311_rnti04660.bin",
  "llr_file": "f0656_s01_llr_idx000888.bin",
  "ldpc_cfg_file": "f0656_s01_ldpc.json"
}