{
  "frame": 863,
  "slot": 1,
  "fg_idx": 1302,
  "fg_mtime": 1764948397.8243852,
  "tx_idx": 1725,
  "tx_mtime": 1764948397.822385,
  "llr_idx": 1302,
  "llr_mtime": 1764948397.8243852,
  "rnti": 4660,
  "fullgrid_file": "f0863_s01_fullgrid_idx001302.bin",
  "txbits_file": "f0863_s01_txbits_idx001725_rnti04660.bin",
  "llr_file": "f0863_s01_llr_idx001302.bin",
  "ldpc_cfg_file": "f0863_s01_ldpc.json"
}