{
  "frame": 937,
  "slot": 11,
  "fg_idx": 1451,
  "fg_mtime": 1764948398.1693718,
  "tx_idx": 1874,
  "tx_mtime": 1764948398.167372,
  "llr_idx": 1451,
  "llr_mtime": 1764948398.1703718,
  "rnti": 4660,
  "fullgrid_file": "f0937_s11_fullgrid_idx001451.bin",
  "txbits_file": "f0937_s11_txbits_idx001874_rnti04660.bin",
  "llr_file": "f0937_s11_llr_idx001451.bin",
  "ldpc_cfg_file": "f0937_s11_ldpc.json"
}