{
  "frame": 380,
  "slot": 1,
  "fg_idx": 336,
  "fg_mtime": 1764948395.633469,
  "tx_idx": 759,
  "tx_mtime": 1764948395.6314692,
  "llr_idx": 336,
  "llr_mtime": 1764948395.634469,
  "rnti": 4660,
  "fullgrid_file": "f0380_s01_fullgrid_idx000336.bin",
  "txbits_file": "f0380_s01_txbits_idx000759_rnti04660.bin",
  "llr_file": "f0380_s01_llr_idx000336.bin",
  "ldpc_cfg_file": "f0380_s01_ldpc.json"
}