{
  "frame": 249,
  "slot": 11,
  "fg_idx": 75,
  "fg_mtime": 1764948395.040492,
  "tx_idx": 498,
  "tx_mtime": 1764948395.0394921,
  "llr_idx": 75,
  "llr_mtime": 1764948395.041492,
  "rnti": 4660,
  "fullgrid_file": "f0249_s11_fullgrid_idx000075.bin",
  "txbits_file": "f0249_s11_txbits_idx000498_rnti04660.bin",
  "llr_file": "f0249_s11_llr_idx000075.bin",
  "ldpc_cfg_file": "f0249_s11_ldpc.json"
}