{
  "frame": 784,
  "slot": 1,
  "fg_idx": 1144,
  "fg_mtime": 1764948397.4573991,
  "tx_idx": 1567,
  "tx_mtime": 1764948397.4553993,
  "llr_idx": 1144,
  "llr_mtime": 1764948397.4573991,
  "rnti": 4660,
  "fullgrid_file": "f0784_s01_fullgrid_idx001144.bin",
  "txbits_file": "f0784_s01_txbits_idx001567_rnti04660.bin",
  "llr_file": "f0784_s01_llr_idx001144.bin",
  "ldpc_cfg_file": "f0784_s01_ldpc.json"
}