{
  "frame": 505,
  "slot": 1,
  "fg_idx": 586,
  "fg_mtime": 1764948396.2044473,
  "tx_idx": 1009,
  "tx_mtime": 1764948396.2024472,
  "llr_idx": 586,
  "llr_mtime": 1764948396.2044473,
  "rnti": 4660,
  "fullgrid_file": "f0505_s01_fullgrid_idx000586.bin",
  "txbits_file": "f0505_s01_txbits_idx001009_rnti04660.bin",
  "llr_file": "f0505_s01_llr_idx000586.bin",
  "ldpc_cfg_file": "f0505_s01_ldpc.json"
}