{
  "frame": 214,
  "slot": 1,
  "fg_idx": 4,
  "fg_mtime": 1764948394.8934977,
  "tx_idx": 427,
  "tx_mtime": 1764948394.8924978,
  "llr_idx": 4,
  "llr_mtime": 1764948394.8944976,
  "rnti": 4660,
  "fullgrid_file": "f0214_s01_fullgrid_idx000004.bin",
  "txbits_file": "f0214_s01_txbits_idx000427_rnti04660.bin",
  "llr_file": "f0214_s01_llr_idx000004.bin",
  "ldpc_cfg_file": "f0214_s01_ldpc.json"
}