{
  "frame": 676,
  "slot": 1,
  "fg_idx": 928,
  "fg_mtime": 1764948396.9694178,
  "tx_idx": 1351,
  "tx_mtime": 1764948396.966418,
  "llr_idx": 928,
  "llr_mtime": 1764948396.9694178,
  "rnti": 4660,
  "fullgrid_file": "f0676_s01_fullgrid_idx000928.bin",
  "txbits_file": "f0676_s01_txbits_idx001351_rnti04660.bin",
  "llr_file": "f0676_s01_llr_idx000928.bin",
  "ldpc_cfg_file": "f0676_s01_ldpc.json"
}