{
  "frame": 288,
  "slot": 1,
  "fg_idx": 152,
  "fg_mtime": 1764948395.2164853,
  "tx_idx": 575,
  "tx_mtime": 1764948395.2144854,
  "llr_idx": 152,
  "llr_mtime": 1764948395.2164853,
  "rnti": 4660,
  "fullgrid_file": "f0288_s01_fullgrid_idx000152.bin",
  "txbits_file": "f0288_s01_txbits_idx000575_rnti04660.bin",
  "llr_file": "f0288_s01_llr_idx000152.bin",
  "ldpc_cfg_file": "f0288_s01_ldpc.json"
}