{
  "frame": 431,
  "slot": 1,
  "fg_idx": 438,
  "fg_mtime": 1764948395.8684602,
  "tx_idx": 861,
  "tx_mtime": 1764948395.86646,
  "llr_idx": 438,
  "llr_mtime": 1764948395.8684602,
  "rnti": 4660,
  "fullgrid_file": "f0431_s01_fullgrid_idx000438.bin",
  "txbits_file": "f0431_s01_txbits_idx000861_rnti04660.bin",
  "llr_file": "f0431_s01_llr_idx000438.bin",
  "ldpc_cfg_file": "f0431_s01_ldpc.json"
}