{
  "frame": 831,
  "slot": 1,
  "fg_idx": 1238,
  "fg_mtime": 1764948397.6773906,
  "tx_idx": 1661,
  "tx_mtime": 1764948397.6753907,
  "llr_idx": 1238,
  "llr_mtime": 1764948397.6773906,
  "rnti": 4660,
  "fullgrid_file": "f0831_s01_fullgrid_idx001238.bin",
  "txbits_file": "f0831_s01_txbits_idx001661_rnti04660.bin",
  "llr_file": "f0831_s01_llr_idx001238.bin",
  "ldpc_cfg_file": "f0831_s01_ldpc.json"
}