{
  "frame": 681,
  "slot": 1,
  "fg_idx": 938,
  "fg_mtime": 1764948396.991417,
  "tx_idx": 1361,
  "tx_mtime": 1764948396.990417,
  "llr_idx": 938,
  "llr_mtime": 1764948396.991417,
  "rnti": 4660,
  "fullgrid_file": "f0681_s01_fullgrid_idx000938.bin",
  "txbits_file": "f0681_s01_txbits_idx001361_rnti04660.bin",
  "llr_file": "f0681_s01_llr_idx000938.bin",
  "ldpc_cfg_file": "f0681_s01_ldpc.json"
}