{
  "frame": 395,
  "slot": 11,
  "fg_idx": 367,
  "fg_mtime": 1764948395.7044663,
  "tx_idx": 790,
  "tx_mtime": 1764948395.7024665,
  "llr_idx": 367,
  "llr_mtime": 1764948395.7044663,
  "rnti": 4660,
  "fullgrid_file": "f0395_s11_fullgrid_idx000367.bin",
  "txbits_file": "f0395_s11_txbits_idx000790_rnti04660.bin",
  "llr_file": "f0395_s11_llr_idx000367.bin",
  "ldpc_cfg_file": "f0395_s11_ldpc.json"
}