{
  "frame": 404,
  "slot": 1,
  "fg_idx": 384,
  "fg_mtime": 1764948395.743465,
  "tx_idx": 807,
  "tx_mtime": 1764948395.742465,
  "llr_idx": 384,
  "llr_mtime": 1764948395.743465,
  "rnti": 4660,
  "fullgrid_file": "f0404_s01_fullgrid_idx000384.bin",
  "txbits_file": "f0404_s01_txbits_idx000807_rnti04660.bin",
  "llr_file": "f0404_s01_llr_idx000384.bin",
  "ldpc_cfg_file": "f0404_s01_ldpc.json"
}