{
  "frame": 264,
  "slot": 1,
  "fg_idx": 104,
  "fg_mtime": 1764948395.1074893,
  "tx_idx": 527,
  "tx_mtime": 1764948395.1064894,
  "llr_idx": 104,
  "llr_mtime": 1764948395.1074893,
  "rnti": 4660,
  "fullgrid_file": "f0264_s01_fullgrid_idx000104.bin",
  "txbits_file": "f0264_s01_txbits_idx000527_rnti04660.bin",
  "llr_file": "f0264_s01_llr_idx000104.bin",
  "ldpc_cfg_file": "f0264_s01_ldpc.json"
}