{
  "frame": 278,
  "slot": 1,
  "fg_idx": 132,
  "fg_mtime": 1764948395.172487,
  "tx_idx": 555,
  "tx_mtime": 1764948395.170487,
  "llr_idx": 132,
  "llr_mtime": 1764948395.172487,
  "rnti": 4660,
  "fullgrid_file": "f0278_s01_fullgrid_idx000132.bin",
  "txbits_file": "f0278_s01_txbits_idx000555_rnti04660.bin",
  "llr_file": "f0278_s01_llr_idx000132.bin",
  "ldpc_cfg_file": "f0278_s01_ldpc.json"
}