{
  "frame": 724,
  "slot": 1,
  "fg_idx": 1024,
  "fg_mtime": 1764948397.1824098,
  "tx_idx": 1447,
  "tx_mtime": 1764948397.1814096,
  "llr_idx": 1024,
  "llr_mtime": 1764948397.1824098,
  "rnti": 4660,
  "fullgrid_file": "f0724_s01_fullgrid_idx001024.bin",
  "txbits_file": "f0724_s01_txbits_idx001447_rnti04660.bin",
  "llr_file": "f0724_s01_llr_idx001024.bin",
  "ldpc_cfg_file": "f0724_s01_ldpc.json"
}