{
  "frame": 456,
  "slot": 1,
  "fg_idx": 488,
  "fg_mtime": 1764948395.9804559,
  "tx_idx": 911,
  "tx_mtime": 1764948395.9784558,
  "llr_idx": 488,
  "llr_mtime": 1764948395.9814558,
  "rnti": 4660,
  "fullgrid_file": "f0456_s01_fullgrid_idx000488.bin",
  "txbits_file": "f0456_s01_txbits_idx000911_rnti04660.bin",
  "llr_file": "f0456_s01_llr_idx000488.bin",
  "ldpc_cfg_file": "f0456_s01_ldpc.json"
}