{
  "frame": 248,
  "slot": 1,
  "fg_idx": 72,
  "fg_mtime": 1764948395.0344923,
  "tx_idx": 495,
  "tx_mtime": 1764948395.0334923,
  "llr_idx": 72,
  "llr_mtime": 1764948395.0354922,
  "rnti": 4660,
  "fullgrid_file": "f0248_s01_fullgrid_idx000072.bin",
  "txbits_file": "f0248_s01_txbits_idx000495_rnti04660.bin",
  "llr_file": "f0248_s01_llr_idx000072.bin",
  "ldpc_cfg_file": "f0248_s01_ldpc.json"
}