{
  "frame": 574,
  "slot": 11,
  "fg_idx": 725,
  "fg_mtime": 1764948396.5374343,
  "tx_idx": 1148,
  "tx_mtime": 1764948396.5354345,
  "llr_idx": 725,
  "llr_mtime": 1764948396.5374343,
  "rnti": 4660,
  "fullgrid_file": "f0574_s11_fullgrid_idx000725.bin",
  "txbits_file": "f0574_s11_txbits_idx001148_rnti04660.bin",
  "llr_file": "f0574_s11_llr_idx000725.bin",
  "ldpc_cfg_file": "f0574_s11_ldpc.json"
}