{
  "frame": 949,
  "slot": 1,
  "fg_idx": 1474,
  "fg_mtime": 1764948398.2243698,
  "tx_idx": 1897,
  "tx_mtime": 1764948398.2233698,
  "llr_idx": 1474,
  "llr_mtime": 1764948398.2253697,
  "rnti": 4660,
  "fullgrid_file": "f0949_s01_fullgrid_idx001474.bin",
  "txbits_file": "f0949_s01_txbits_idx001897_rnti04660.bin",
  "llr_file": "f0949_s01_llr_idx001474.bin",
  "ldpc_cfg_file": "f0949_s01_ldpc.json"
}