{
  "frame": 469,
  "slot": 11,
  "fg_idx": 515,
  "fg_mtime": 1764948396.0424535,
  "tx_idx": 938,
  "tx_mtime": 1764948396.0414534,
  "llr_idx": 515,
  "llr_mtime": 1764948396.0424535,
  "rnti": 4660,
  "fullgrid_file": "f0469_s11_fullgrid_idx000515.bin",
  "txbits_file": "f0469_s11_txbits_idx000938_rnti04660.bin",
  "llr_file": "f0469_s11_llr_idx000515.bin",
  "ldpc_cfg_file": "f0469_s11_ldpc.json"
}