{
  "frame": 948,
  "slot": 11,
  "fg_idx": 1473,
  "fg_mtime": 1764948398.22237,
  "tx_idx": 1896,
  "tx_mtime": 1764948398.2203698,
  "llr_idx": 1473,
  "llr_mtime": 1764948398.22237,
  "rnti": 4660,
  "fullgrid_file": "f0948_s11_fullgrid_idx001473.bin",
  "txbits_file": "f0948_s11_txbits_idx001896_rnti04660.bin",
  "llr_file": "f0948_s11_llr_idx001473.bin",
  "ldpc_cfg_file": "f0948_s11_ldpc.json"
}