{
  "frame": 916,
  "slot": 11,
  "fg_idx": 1409,
  "fg_mtime": 1764948398.0713756,
  "tx_idx": 1832,
  "tx_mtime": 1764948398.0703757,
  "llr_idx": 1409,
  "llr_mtime": 1764948398.0723755,
  "rnti": 4660,
  "fullgrid_file": "f0916_s11_fullgrid_idx001409.bin",
  "txbits_file": "f0916_s11_txbits_idx001832_rnti04660.bin",
  "llr_file": "f0916_s11_llr_idx001409.bin",
  "ldpc_cfg_file": "f0916_s11_ldpc.json"
}