{
  "frame": 685,
  "slot": 1,
  "fg_idx": 946,
  "fg_mtime": 1764948397.0104163,
  "tx_idx": 1369,
  "tx_mtime": 1764948397.0084164,
  "llr_idx": 946,
  "llr_mtime": 1764948397.0104163,
  "rnti": 4660,
  "fullgrid_file": "f0685_s01_fullgrid_idx000946.bin",
  "txbits_file": "f0685_s01_txbits_idx001369_rnti04660.bin",
  "llr_file": "f0685_s01_llr_idx000946.bin",
  "ldpc_cfg_file": "f0685_s01_ldpc.json"
}