{
  "frame": 242,
  "slot": 1,
  "fg_idx": 60,
  "fg_mtime": 1764948395.0084932,
  "tx_idx": 483,
  "tx_mtime": 1764948395.0064933,
  "llr_idx": 60,
  "llr_mtime": 1764948395.0084932,
  "rnti": 4660,
  "fullgrid_file": "f0242_s01_fullgrid_idx000060.bin",
  "txbits_file": "f0242_s01_txbits_idx000483_rnti04660.bin",
  "llr_file": "f0242_s01_llr_idx000060.bin",
  "ldpc_cfg_file": "f0242_s01_ldpc.json"
}