{
  "frame": 716,
  "slot": 1,
  "fg_idx": 1008,
  "fg_mtime": 1764948397.148411,
  "tx_idx": 1431,
  "tx_mtime": 1764948397.146411,
  "llr_idx": 1008,
  "llr_mtime": 1764948397.148411,
  "rnti": 4660,
  "fullgrid_file": "f0716_s01_fullgrid_idx001008.bin",
  "txbits_file": "f0716_s01_txbits_idx001431_rnti04660.bin",
  "llr_file": "f0716_s01_llr_idx001008.bin",
  "ldpc_cfg_file": "f0716_s01_ldpc.json"
}