{
  "frame": 983,
  "slot": 1,
  "fg_idx": 1542,
  "fg_mtime": 1764948398.3903635,
  "tx_idx": 1965,
  "tx_mtime": 1764948398.3883636,
  "llr_idx": 1542,
  "llr_mtime": 1764948398.3903635,
  "rnti": 4660,
  "fullgrid_file": "f0983_s01_fullgrid_idx001542.bin",
  "txbits_file": "f0983_s01_txbits_idx001965_rnti04660.bin",
  "llr_file": "f0983_s01_llr_idx001542.bin",
  "ldpc_cfg_file": "f0983_s01_ldpc.json"
}