{
  "frame": 266,
  "slot": 1,
  "fg_idx": 108,
  "fg_mtime": 1764948395.1164892,
  "tx_idx": 531,
  "tx_mtime": 1764948395.114489,
  "llr_idx": 108,
  "llr_mtime": 1764948395.1164892,
  "rnti": 4660,
  "fullgrid_file": "f0266_s01_fullgrid_idx000108.bin",
  "txbits_file": "f0266_s01_txbits_idx000531_rnti04660.bin",
  "llr_file": "f0266_s01_llr_idx000108.bin",
  "ldpc_cfg_file": "f0266_s01_ldpc.json"
}