{
  "frame": 470,
  "slot": 11,
  "fg_idx": 517,
  "fg_mtime": 1764948396.0474532,
  "tx_idx": 940,
  "tx_mtime": 1764948396.0464532,
  "llr_idx": 517,
  "llr_mtime": 1764948396.0474532,
  "rnti": 4660,
  "fullgrid_file": "f0470_s11_fullgrid_idx000517.bin",
  "txbits_file": "f0470_s11_txbits_idx000940_rnti04660.bin",
  "llr_file": "f0470_s11_llr_idx000517.bin",
  "ldpc_cfg_file": "f0470_s11_ldpc.json"
}