{
  "frame": 472,
  "slot": 1,
  "fg_idx": 520,
  "fg_mtime": 1764948396.054453,
  "tx_idx": 943,
  "tx_mtime": 1764948396.052453,
  "llr_idx": 520,
  "llr_mtime": 1764948396.054453,
  "rnti": 4660,
  "fullgrid_file": "f0472_s01_fullgrid_idx000520.bin",
  "txbits_file": "f0472_s01_txbits_idx000943_rnti04660.bin",
  "llr_file": "f0472_s01_llr_idx000520.bin",
  "ldpc_cfg_file": "f0472_s01_ldpc.json"
}