{
  "frame": 772,
  "slot": 1,
  "fg_idx": 1120,
  "fg_mtime": 1764948397.4014013,
  "tx_idx": 1543,
  "tx_mtime": 1764948397.3994014,
  "llr_idx": 1120,
  "llr_mtime": 1764948397.4014013,
  "rnti": 4660,
  "fullgrid_file": "f0772_s01_fullgrid_idx001120.bin",
  "txbits_file": "f0772_s01_txbits_idx001543_rnti04660.bin",
  "llr_file": "f0772_s01_llr_idx001120.bin",
  "ldpc_cfg_file": "f0772_s01_ldpc.json"
}