{
  "frame": 915,
  "slot": 11,
  "fg_idx": 1407,
  "fg_mtime": 1764948398.0673757,
  "tx_idx": 1830,
  "tx_mtime": 1764948398.0663757,
  "llr_idx": 1407,
  "llr_mtime": 1764948398.0673757,
  "rnti": 4660,
  "fullgrid_file": "f0915_s11_fullgrid_idx001407.bin",
  "txbits_file": "f0915_s11_txbits_idx001830_rnti04660.bin",
  "llr_file": "f0915_s11_llr_idx001407.bin",
  "ldpc_cfg_file": "f0915_s11_ldpc.json"
}