{
  "frame": 509,
  "slot": 1,
  "fg_idx": 594,
  "fg_mtime": 1764948396.2234464,
  "tx_idx": 1017,
  "tx_mtime": 1764948396.2214465,
  "llr_idx": 594,
  "llr_mtime": 1764948396.2234464,
  "rnti": 4660,
  "fullgrid_file": "f0509_s01_fullgrid_idx000594.bin",
  "txbits_file": "f0509_s01_txbits_idx001017_rnti04660.bin",
  "llr_file": "f0509_s01_llr_idx000594.bin",
  "ldpc_cfg_file": "f0509_s01_ldpc.json"
}