{
  "frame": 721,
  "slot": 11,
  "fg_idx": 1019,
  "fg_mtime": 1764948397.17141,
  "tx_idx": 1442,
  "tx_mtime": 1764948397.1694102,
  "llr_idx": 1019,
  "llr_mtime": 1764948397.17141,
  "rnti": 4660,
  "fullgrid_file": "f0721_s11_fullgrid_idx001019.bin",
  "txbits_file": "f0721_s11_txbits_idx001442_rnti04660.bin",
  "llr_file": "f0721_s11_llr_idx001019.bin",
  "ldpc_cfg_file": "f0721_s11_ldpc.json"
}