{
  "frame": 676,
  "slot": 11,
  "fg_idx": 929,
  "fg_mtime": 1764948396.9714177,
  "tx_idx": 1352,
  "tx_mtime": 1764948396.9694178,
  "llr_idx": 929,
  "llr_mtime": 1764948396.9714177,
  "rnti": 4660,
  "fullgrid_file": "f0676_s11_fullgrid_idx000929.bin",
  "txbits_file": "f0676_s11_txbits_idx001352_rnti04660.bin",
  "llr_file": "f0676_s11_llr_idx000929.bin",
  "ldpc_cfg_file": "f0676_s11_ldpc.json"
}