{
  "frame": 631,
  "slot": 11,
  "fg_idx": 839,
  "fg_mtime": 1764948396.780425,
  "tx_idx": 1262,
  "tx_mtime": 1764948396.7784252,
  "llr_idx": 839,
  "llr_mtime": 1764948396.780425,
  "rnti": 4660,
  "fullgrid_file": "f0631_s11_fullgrid_idx000839.bin",
  "txbits_file": "f0631_s11_txbits_idx001262_rnti04660.bin",
  "llr_file": "f0631_s11_llr_idx000839.bin",
  "ldpc_cfg_file": "f0631_s11_ldpc.json"
}