{
  "frame": 747,
  "slot": 11,
  "fg_idx": 1071,
  "fg_mtime": 1764948397.2874057,
  "tx_idx": 1494,
  "tx_mtime": 1764948397.2854056,
  "llr_idx": 1071,
  "llr_mtime": 1764948397.2874057,
  "rnti": 4660,
  "fullgrid_file": "f0747_s11_fullgrid_idx001071.bin",
  "txbits_file": "f0747_s11_txbits_idx001494_rnti04660.bin",
  "llr_file": "f0747_s11_llr_idx001071.bin",
  "ldpc_cfg_file": "f0747_s11_ldpc.json"
}