{
  "frame": 555,
  "slot": 1,
  "fg_idx": 686,
  "fg_mtime": 1764948396.4544375,
  "tx_idx": 1109,
  "tx_mtime": 1764948396.4524376,
  "llr_idx": 686,
  "llr_mtime": 1764948396.4544375,
  "rnti": 4660,
  "fullgrid_file": "f0555_s01_fullgrid_idx000686.bin",
  "txbits_file": "f0555_s01_txbits_idx001109_rnti04660.bin",
  "llr_file": "f0555_s01_llr_idx000686.bin",
  "ldpc_cfg_file": "f0555_s01_ldpc.json"
}