{
  "frame": 304,
  "slot": 11,
  "fg_idx": 185,
  "fg_mtime": 1764948395.2884824,
  "tx_idx": 608,
  "tx_mtime": 1764948395.2864826,
  "llr_idx": 185,
  "llr_mtime": 1764948395.2884824,
  "rnti": 4660,
  "fullgrid_file": "f0304_s11_fullgrid_idx000185.bin",
  "txbits_file": "f0304_s11_txbits_idx000608_rnti04660.bin",
  "llr_file": "f0304_s11_llr_idx000185.bin",
  "ldpc_cfg_file": "f0304_s11_ldpc.json"
}