{
  "frame": 230,
  "slot": 1,
  "fg_idx": 36,
  "fg_mtime": 1764948394.9584951,
  "tx_idx": 459,
  "tx_mtime": 1764948394.9574952,
  "llr_idx": 36,
  "llr_mtime": 1764948394.9584951,
  "rnti": 4660,
  "fullgrid_file": "f0230_s01_fullgrid_idx000036.bin",
  "txbits_file": "f0230_s01_txbits_idx000459_rnti04660.bin",
  "llr_file": "f0230_s01_llr_idx000036.bin",
  "ldpc_cfg_file": "f0230_s01_ldpc.json"
}