{
  "frame": 734,
  "slot": 1,
  "fg_idx": 1044,
  "fg_mtime": 1764948397.227408,
  "tx_idx": 1467,
  "tx_mtime": 1764948397.225408,
  "llr_idx": 1044,
  "llr_mtime": 1764948397.227408,
  "rnti": 4660,
  "fullgrid_file": "f0734_s01_fullgrid_idx001044.bin",
  "txbits_file": "f0734_s01_txbits_idx001467_rnti04660.bin",
  "llr_file": "f0734_s01_llr_idx001044.bin",
  "ldpc_cfg_file": "f0734_s01_ldpc.json"
}