{
  "frame": 971,
  "slot": 1,
  "fg_idx": 1518,
  "fg_mtime": 1764948398.3303657,
  "tx_idx": 1941,
  "tx_mtime": 1764948398.3293657,
  "llr_idx": 1518,
  "llr_mtime": 1764948398.3313656,
  "rnti": 4660,
  "fullgrid_file": "f0971_s01_fullgrid_idx001518.bin",
  "txbits_file": "f0971_s01_txbits_idx001941_rnti04660.bin",
  "llr_file": "f0971_s01_llr_idx001518.bin",
  "ldpc_cfg_file": "f0971_s01_ldpc.json"
}