{
  "frame": 571,
  "slot": 11,
  "fg_idx": 719,
  "fg_mtime": 1764948396.5234349,
  "tx_idx": 1142,
  "tx_mtime": 1764948396.522435,
  "llr_idx": 719,
  "llr_mtime": 1764948396.5244348,
  "rnti": 4660,
  "fullgrid_file": "f0571_s11_fullgrid_idx000719.bin",
  "txbits_file": "f0571_s11_txbits_idx001142_rnti04660.bin",
  "llr_file": "f0571_s11_llr_idx000719.bin",
  "ldpc_cfg_file": "f0571_s11_ldpc.json"
}