{
  "frame": 950,
  "slot": 11,
  "fg_idx": 1477,
  "fg_mtime": 1764948398.2333694,
  "tx_idx": 1900,
  "tx_mtime": 1764948398.2313695,
  "llr_idx": 1477,
  "llr_mtime": 1764948398.2333694,
  "rnti": 4660,
  "fullgrid_file": "f0950_s11_fullgrid_idx001477.bin",
  "txbits_file": "f0950_s11_txbits_idx001900_rnti04660.bin",
  "llr_file": "f0950_s11_llr_idx001477.bin",
  "ldpc_cfg_file": "f0950_s11_ldpc.json"
}