{
  "frame": 704,
  "slot": 11,
  "fg_idx": 985,
  "fg_mtime": 1764948397.095413,
  "tx_idx": 1408,
  "tx_mtime": 1764948397.094413,
  "llr_idx": 985,
  "llr_mtime": 1764948397.095413,
  "rnti": 4660,
  "fullgrid_file": "f0704_s11_fullgrid_idx000985.bin",
  "txbits_file": "f0704_s11_txbits_idx001408_rnti04660.bin",
  "llr_file": "f0704_s11_llr_idx000985.bin",
  "ldpc_cfg_file": "f0704_s11_ldpc.json"
}