{
  "frame": 717,
  "slot": 1,
  "fg_idx": 1010,
  "fg_mtime": 1764948397.1534107,
  "tx_idx": 1433,
  "tx_mtime": 1764948397.1514108,
  "llr_idx": 1010,
  "llr_mtime": 1764948397.1534107,
  "rnti": 4660,
  "fullgrid_file": "f0717_s01_fullgrid_idx001010.bin",
  "txbits_file": "f0717_s01_txbits_idx001433_rnti04660.bin",
  "llr_file": "f0717_s01_llr_idx001010.bin",
  "ldpc_cfg_file": "f0717_s01_ldpc.json"
}