{
  "frame": 777,
  "slot": 11,
  "fg_idx": 1131,
  "fg_mtime": 1764948397.4264002,
  "tx_idx": 1554,
  "tx_mtime": 1764948397.4244003,
  "llr_idx": 1131,
  "llr_mtime": 1764948397.4264002,
  "rnti": 4660,
  "fullgrid_file": "f0777_s11_fullgrid_idx001131.bin",
  "txbits_file": "f0777_s11_txbits_idx001554_rnti04660.bin",
  "llr_file": "f0777_s11_llr_idx001131.bin",
  "ldpc_cfg_file": "f0777_s11_ldpc.json"
}