{
  "frame": 958,
  "slot": 11,
  "fg_idx": 1493,
  "fg_mtime": 1764948398.270368,
  "tx_idx": 1916,
  "tx_mtime": 1764948398.268368,
  "llr_idx": 1493,
  "llr_mtime": 1764948398.270368,
  "rnti": 4660,
  "fullgrid_file": "f0958_s11_fullgrid_idx001493.bin",
  "txbits_file": "f0958_s11_txbits_idx001916_rnti04660.bin",
  "llr_file": "f0958_s11_llr_idx001493.bin",
  "ldpc_cfg_file": "f0958_s11_ldpc.json"
}