{
  "frame": 686,
  "slot": 11,
  "fg_idx": 949,
  "fg_mtime": 1764948397.017416,
  "tx_idx": 1372,
  "tx_mtime": 1764948397.016416,
  "llr_idx": 949,
  "llr_mtime": 1764948397.017416,
  "rnti": 4660,
  "fullgrid_file": "f0686_s11_fullgrid_idx000949.bin",
  "txbits_file": "f0686_s11_txbits_idx001372_rnti04660.bin",
  "llr_file": "f0686_s11_llr_idx000949.bin",
  "ldpc_cfg_file": "f0686_s11_ldpc.json"
}