{
  "frame": 260,
  "slot": 1,
  "fg_idx": 96,
  "fg_mtime": 1764948395.0884902,
  "tx_idx": 519,
  "tx_mtime": 1764948395.08749,
  "llr_idx": 96,
  "llr_mtime": 1764948395.0894902,
  "rnti": 4660,
  "fullgrid_file": "f0260_s01_fullgrid_idx000096.bin",
  "txbits_file": "f0260_s01_txbits_idx000519_rnti04660.bin",
  "llr_file": "f0260_s01_llr_idx000096.bin",
  "ldpc_cfg_file": "f0260_s01_ldpc.json"
}