{
  "frame": 482,
  "slot": 11,
  "fg_idx": 541,
  "fg_mtime": 1764948396.1014512,
  "tx_idx": 964,
  "tx_mtime": 1764948396.0994513,
  "llr_idx": 541,
  "llr_mtime": 1764948396.1014512,
  "rnti": 4660,
  "fullgrid_file": "f0482_s11_fullgrid_idx000541.bin",
  "txbits_file": "f0482_s11_txbits_idx000964_rnti04660.bin",
  "llr_file": "f0482_s11_llr_idx000541.bin",
  "ldpc_cfg_file": "f0482_s11_ldpc.json"
}