{
  "frame": 892,
  "slot": 11,
  "fg_idx": 1361,
  "fg_mtime": 1764948397.95938,
  "tx_idx": 1784,
  "tx_mtime": 1764948397.95838,
  "llr_idx": 1361,
  "llr_mtime": 1764948397.9603798,
  "rnti": 4660,
  "fullgrid_file": "f0892_s11_fullgrid_idx001361.bin",
  "txbits_file": "f0892_s11_txbits_idx001784_rnti04660.bin",
  "llr_file": "f0892_s11_llr_idx001361.bin",
  "ldpc_cfg_file": "f0892_s11_ldpc.json"
}