{
  "frame": 637,
  "slot": 1,
  "fg_idx": 850,
  "fg_mtime": 1764948396.8034241,
  "tx_idx": 1273,
  "tx_mtime": 1764948396.8014243,
  "llr_idx": 850,
  "llr_mtime": 1764948396.8034241,
  "rnti": 4660,
  "fullgrid_file": "f0637_s01_fullgrid_idx000850.bin",
  "txbits_file": "f0637_s01_txbits_idx001273_rnti04660.bin",
  "llr_file": "f0637_s01_llr_idx000850.bin",
  "ldpc_cfg_file": "f0637_s01_ldpc.json"
}