{
  "frame": 663,
  "slot": 1,
  "fg_idx": 902,
  "fg_mtime": 1764948396.91342,
  "tx_idx": 1325,
  "tx_mtime": 1764948396.91142,
  "llr_idx": 902,
  "llr_mtime": 1764948396.91342,
  "rnti": 4660,
  "fullgrid_file": "f0663_s01_fullgrid_idx000902.bin",
  "txbits_file": "f0663_s01_txbits_idx001325_rnti04660.bin",
  "llr_file": "f0663_s01_llr_idx000902.bin",
  "ldpc_cfg_file": "f0663_s01_ldpc.json"
}