{
  "frame": 999,
  "slot": 1,
  "fg_idx": 1574,
  "fg_mtime": 1764948398.4693604,
  "tx_idx": 1997,
  "tx_mtime": 1764948398.4673605,
  "llr_idx": 1574,
  "llr_mtime": 1764948398.4693604,
  "rnti": 4660,
  "fullgrid_file": "f0999_s01_fullgrid_idx001574.bin",
  "txbits_file": "f0999_s01_txbits_idx001997_rnti04660.bin",
  "llr_file": "f0999_s01_llr_idx001574.bin",
  "ldpc_cfg_file": "f0999_s01_ldpc.json"
}