{
  "frame": 827,
  "slot": 1,
  "fg_idx": 1230,
  "fg_mtime": 1764948397.6593914,
  "tx_idx": 1653,
  "tx_mtime": 1764948397.6573915,
  "llr_idx": 1230,
  "llr_mtime": 1764948397.6593914,
  "rnti": 4660,
  "fullgrid_file": "f0827_s01_fullgrid_idx001230.bin",
  "txbits_file": "f0827_s01_txbits_idx001653_rnti04660.bin",
  "llr_file": "f0827_s01_llr_idx001230.bin",
  "ldpc_cfg_file": "f0827_s01_ldpc.json"
}