{
  "frame": 432,
  "slot": 11,
  "fg_idx": 441,
  "fg_mtime": 1764948395.87546,
  "tx_idx": 864,
  "tx_mtime": 1764948395.8734598,
  "llr_idx": 441,
  "llr_mtime": 1764948395.87546,
  "rnti": 4660,
  "fullgrid_file": "f0432_s11_fullgrid_idx000441.bin",
  "txbits_file": "f0432_s11_txbits_idx000864_rnti04660.bin",
  "llr_file": "f0432_s11_llr_idx000441.bin",
  "ldpc_cfg_file": "f0432_s11_ldpc.json"
}