{
  "frame": 569,
  "slot": 1,
  "fg_idx": 714,
  "fg_mtime": 1764948396.5124354,
  "tx_idx": 1137,
  "tx_mtime": 1764948396.5104353,
  "llr_idx": 714,
  "llr_mtime": 1764948396.5124354,
  "rnti": 4660,
  "fullgrid_file": "f0569_s01_fullgrid_idx000714.bin",
  "txbits_file": "f0569_s01_txbits_idx001137_rnti04660.bin",
  "llr_file": "f0569_s01_llr_idx000714.bin",
  "ldpc_cfg_file": "f0569_s01_ldpc.json"
}