{
  "frame": 449,
  "slot": 11,
  "fg_idx": 475,
  "fg_mtime": 1764948395.951457,
  "tx_idx": 898,
  "tx_mtime": 1764948395.949457,
  "llr_idx": 475,
  "llr_mtime": 1764948395.951457,
  "rnti": 4660,
  "fullgrid_file": "f0449_s11_fullgrid_idx000475.bin",
  "txbits_file": "f0449_s11_txbits_idx000898_rnti04660.bin",
  "llr_file": "f0449_s11_llr_idx000475.bin",
  "ldpc_cfg_file": "f0449_s11_ldpc.json"
}