{
  "frame": 651,
  "slot": 1,
  "fg_idx": 878,
  "fg_mtime": 1764948396.859422,
  "tx_idx": 1301,
  "tx_mtime": 1764948396.858422,
  "llr_idx": 878,
  "llr_mtime": 1764948396.860422,
  "rnti": 4660,
  "fullgrid_file": "f0651_s01_fullgrid_idx000878.bin",
  "txbits_file": "f0651_s01_txbits_idx001301_rnti04660.bin",
  "llr_file": "f0651_s01_llr_idx000878.bin",
  "ldpc_cfg_file": "f0651_s01_ldpc.json"
}