{
  "frame": 751,
  "slot": 11,
  "fg_idx": 1079,
  "fg_mtime": 1764948397.305405,
  "tx_idx": 1502,
  "tx_mtime": 1764948397.303405,
  "llr_idx": 1079,
  "llr_mtime": 1764948397.305405,
  "rnti": 4660,
  "fullgrid_file": "f0751_s11_fullgrid_idx001079.bin",
  "txbits_file": "f0751_s11_txbits_idx001502_rnti04660.bin",
  "llr_file": "f0751_s11_llr_idx001079.bin",
  "ldpc_cfg_file": "f0751_s11_ldpc.json"
}