{
  "frame": 275,
  "slot": 1,
  "fg_idx": 126,
  "fg_mtime": 1764948395.1574874,
  "tx_idx": 549,
  "tx_mtime": 1764948395.1564875,
  "llr_idx": 126,
  "llr_mtime": 1764948395.1584876,
  "rnti": 4660,
  "fullgrid_file": "f0275_s01_fullgrid_idx000126.bin",
  "txbits_file": "f0275_s01_txbits_idx000549_rnti04660.bin",
  "llr_file": "f0275_s01_llr_idx000126.bin",
  "ldpc_cfg_file": "f0275_s01_ldpc.json"
}