{
  "frame": 912,
  "slot": 1,
  "fg_idx": 1400,
  "fg_mtime": 1764948398.0513763,
  "tx_idx": 1823,
  "tx_mtime": 1764948398.0493765,
  "llr_idx": 1400,
  "llr_mtime": 1764948398.0513763,
  "rnti": 4660,
  "fullgrid_file": "f0912_s01_fullgrid_idx001400.bin",
  "txbits_file": "f0912_s01_txbits_idx001823_rnti04660.bin",
  "llr_file": "f0912_s01_llr_idx001400.bin",
  "ldpc_cfg_file": "f0912_s01_ldpc.json"
}