{
  "frame": 282,
  "slot": 11,
  "fg_idx": 141,
  "fg_mtime": 1764948395.1914861,
  "tx_idx": 564,
  "tx_mtime": 1764948395.1904862,
  "llr_idx": 141,
  "llr_mtime": 1764948395.192486,
  "rnti": 4660,
  "fullgrid_file": "f0282_s11_fullgrid_idx000141.bin",
  "txbits_file": "f0282_s11_txbits_idx000564_rnti04660.bin",
  "llr_file": "f0282_s11_llr_idx000141.bin",
  "ldpc_cfg_file": "f0282_s11_ldpc.json"
}