{
  "frame": 443,
  "slot": 1,
  "fg_idx": 462,
  "fg_mtime": 1764948395.921458,
  "tx_idx": 885,
  "tx_mtime": 1764948395.9194582,
  "llr_idx": 462,
  "llr_mtime": 1764948395.921458,
  "rnti": 4660,
  "fullgrid_file": "f0443_s01_fullgrid_idx000462.bin",
  "txbits_file": "f0443_s01_txbits_idx000885_rnti04660.bin",
  "llr_file": "f0443_s01_llr_idx000462.bin",
  "ldpc_cfg_file": "f0443_s01_ldpc.json"
}