{
  "frame": 648,
  "slot": 1,
  "fg_idx": 872,
  "fg_mtime": 1764948396.8484225,
  "tx_idx": 1295,
  "tx_mtime": 1764948396.8474226,
  "llr_idx": 872,
  "llr_mtime": 1764948396.8484225,
  "rnti": 4660,
  "fullgrid_file": "f0648_s01_fullgrid_idx000872.bin",
  "txbits_file": "f0648_s01_txbits_idx001295_rnti04660.bin",
  "llr_file": "f0648_s01_llr_idx000872.bin",
  "ldpc_cfg_file": "f0648_s01_ldpc.json"
}