{
  "frame": 279,
  "slot": 1,
  "fg_idx": 134,
  "fg_mtime": 1764948395.1764867,
  "tx_idx": 557,
  "tx_mtime": 1764948395.1744869,
  "llr_idx": 134,
  "llr_mtime": 1764948395.1764867,
  "rnti": 4660,
  "fullgrid_file": "f0279_s01_fullgrid_idx000134.bin",
  "txbits_file": "f0279_s01_txbits_idx000557_rnti04660.bin",
  "llr_file": "f0279_s01_llr_idx000134.bin",
  "ldpc_cfg_file": "f0279_s01_ldpc.json"
}