{
  "frame": 362,
  "slot": 11,
  "fg_idx": 301,
  "fg_mtime": 1764948395.5534723,
  "tx_idx": 724,
  "tx_mtime": 1764948395.5524724,
  "llr_idx": 301,
  "llr_mtime": 1764948395.5544722,
  "rnti": 4660,
  "fullgrid_file": "f0362_s11_fullgrid_idx000301.bin",
  "txbits_file": "f0362_s11_txbits_idx000724_rnti04660.bin",
  "llr_file": "f0362_s11_llr_idx000301.bin",
  "ldpc_cfg_file": "f0362_s11_ldpc.json"
}