{
  "frame": 715,
  "slot": 1,
  "fg_idx": 1006,
  "fg_mtime": 1764948397.1424112,
  "tx_idx": 1429,
  "tx_mtime": 1764948397.1414113,
  "llr_idx": 1006,
  "llr_mtime": 1764948397.1434112,
  "rnti": 4660,
  "fullgrid_file": "f0715_s01_fullgrid_idx001006.bin",
  "txbits_file": "f0715_s01_txbits_idx001429_rnti04660.bin",
  "llr_file": "f0715_s01_llr_idx001006.bin",
  "ldpc_cfg_file": "f0715_s01_ldpc.json"
}