{
  "frame": 735,
  "slot": 1,
  "fg_idx": 1046,
  "fg_mtime": 1764948397.2314079,
  "tx_idx": 1469,
  "tx_mtime": 1764948397.2294078,
  "llr_idx": 1046,
  "llr_mtime": 1764948397.2314079,
  "rnti": 4660,
  "fullgrid_file": "f0735_s01_fullgrid_idx001046.bin",
  "txbits_file": "f0735_s01_txbits_idx001469_rnti04660.bin",
  "llr_file": "f0735_s01_llr_idx001046.bin",
  "ldpc_cfg_file": "f0735_s01_ldpc.json"
}