{
  "frame": 501,
  "slot": 11,
  "fg_idx": 579,
  "fg_mtime": 1764948396.1884477,
  "tx_idx": 1002,
  "tx_mtime": 1764948396.1874478,
  "llr_idx": 579,
  "llr_mtime": 1764948396.1884477,
  "rnti": 4660,
  "fullgrid_file": "f0501_s11_fullgrid_idx000579.bin",
  "txbits_file": "f0501_s11_txbits_idx001002_rnti04660.bin",
  "llr_file": "f0501_s11_llr_idx000579.bin",
  "ldpc_cfg_file": "f0501_s11_ldpc.json"
}