{
  "frame": 684,
  "slot": 11,
  "fg_idx": 945,
  "fg_mtime": 1764948397.0084164,
  "tx_idx": 1368,
  "tx_mtime": 1764948397.0064163,
  "llr_idx": 945,
  "llr_mtime": 1764948397.0084164,
  "rnti": 4660,
  "fullgrid_file": "f0684_s11_fullgrid_idx000945.bin",
  "txbits_file": "f0684_s11_txbits_idx001368_rnti04660.bin",
  "llr_file": "f0684_s11_llr_idx000945.bin",
  "ldpc_cfg_file": "f0684_s11_ldpc.json"
}