{
  "frame": 678,
  "slot": 1,
  "fg_idx": 932,
  "fg_mtime": 1764948396.9784174,
  "tx_idx": 1355,
  "tx_mtime": 1764948396.9764175,
  "llr_idx": 932,
  "llr_mtime": 1764948396.9784174,
  "rnti": 4660,
  "fullgrid_file": "f0678_s01_fullgrid_idx000932.bin",
  "txbits_file": "f0678_s01_txbits_idx001355_rnti04660.bin",
  "llr_file": "f0678_s01_llr_idx000932.bin",
  "ldpc_cfg_file": "f0678_s01_ldpc.json"
}