{
  "frame": 313,
  "slot": 11,
  "fg_idx": 203,
  "fg_mtime": 1764948395.328481,
  "tx_idx": 626,
  "tx_mtime": 1764948395.326481,
  "llr_idx": 203,
  "llr_mtime": 1764948395.328481,
  "rnti": 4660,
  "fullgrid_file": "f0313_s11_fullgrid_idx000203.bin",
  "txbits_file": "f0313_s11_txbits_idx000626_rnti04660.bin",
  "llr_file": "f0313_s11_llr_idx000203.bin",
  "ldpc_cfg_file": "f0313_s11_ldpc.json"
}