{
  "frame": 217,
  "slot": 1,
  "fg_idx": 10,
  "fg_mtime": 1764948394.9054973,
  "tx_idx": 433,
  "tx_mtime": 1764948394.9034972,
  "llr_idx": 10,
  "llr_mtime": 1764948394.9054973,
  "rnti": 4660,
  "fullgrid_file": "f0217_s01_fullgrid_idx000010.bin",
  "txbits_file": "f0217_s01_txbits_idx000433_rnti04660.bin",
  "llr_file": "f0217_s01_llr_idx000010.bin",
  "ldpc_cfg_file": "f0217_s01_ldpc.json"
}