{
  "frame": 823,
  "slot": 1,
  "fg_idx": 1222,
  "fg_mtime": 1764948397.640392,
  "tx_idx": 1645,
  "tx_mtime": 1764948397.6393921,
  "llr_idx": 1222,
  "llr_mtime": 1764948397.640392,
  "rnti": 4660,
  "fullgrid_file": "f0823_s01_fullgrid_idx001222.bin",
  "txbits_file": "f0823_s01_txbits_idx001645_rnti04660.bin",
  "llr_file": "f0823_s01_llr_idx001222.bin",
  "ldpc_cfg_file": "f0823_s01_ldpc.json"
}