{
  "frame": 957,
  "slot": 11,
  "fg_idx": 1491,
  "fg_mtime": 1764948398.2653682,
  "tx_idx": 1914,
  "tx_mtime": 1764948398.2633684,
  "llr_idx": 1491,
  "llr_mtime": 1764948398.2653682,
  "rnti": 4660,
  "fullgrid_file": "f0957_s11_fullgrid_idx001491.bin",
  "txbits_file": "f0957_s11_txbits_idx001914_rnti04660.bin",
  "llr_file": "f0957_s11_llr_idx001491.bin",
  "ldpc_cfg_file": "f0957_s11_ldpc.json"
}