{
  "frame": 370,
  "slot": 1,
  "fg_idx": 316,
  "fg_mtime": 1764948395.587471,
  "tx_idx": 739,
  "tx_mtime": 1764948395.586471,
  "llr_idx": 316,
  "llr_mtime": 1764948395.587471,
  "rnti": 4660,
  "fullgrid_file": "f0370_s01_fullgrid_idx000316.bin",
  "txbits_file": "f0370_s01_txbits_idx000739_rnti04660.bin",
  "llr_file": "f0370_s01_llr_idx000316.bin",
  "ldpc_cfg_file": "f0370_s01_ldpc.json"
}