{
  "frame": 303,
  "slot": 11,
  "fg_idx": 183,
  "fg_mtime": 1764948395.2844827,
  "tx_idx": 606,
  "tx_mtime": 1764948395.2834826,
  "llr_idx": 183,
  "llr_mtime": 1764948395.2844827,
  "rnti": 4660,
  "fullgrid_file": "f0303_s11_fullgrid_idx000183.bin",
  "txbits_file": "f0303_s11_txbits_idx000606_rnti04660.bin",
  "llr_file": "f0303_s11_llr_idx000183.bin",
  "ldpc_cfg_file": "f0303_s11_ldpc.json"
}