{
  "frame": 798,
  "slot": 1,
  "fg_idx": 1172,
  "fg_mtime": 1764948397.5223966,
  "tx_idx": 1595,
  "tx_mtime": 1764948397.5213966,
  "llr_idx": 1172,
  "llr_mtime": 1764948397.5233965,
  "rnti": 4660,
  "fullgrid_file": "f0798_s01_fullgrid_idx001172.bin",
  "txbits_file": "f0798_s01_txbits_idx001595_rnti04660.bin",
  "llr_file": "f0798_s01_llr_idx001172.bin",
  "ldpc_cfg_file": "f0798_s01_ldpc.json"
}