{
  "frame": 253,
  "slot": 11,
  "fg_idx": 83,
  "fg_mtime": 1764948395.0594912,
  "tx_idx": 506,
  "tx_mtime": 1764948395.0584912,
  "llr_idx": 83,
  "llr_mtime": 1764948395.0594912,
  "rnti": 4660,
  "fullgrid_file": "f0253_s11_fullgrid_idx000083.bin",
  "txbits_file": "f0253_s11_txbits_idx000506_rnti04660.bin",
  "llr_file": "f0253_s11_llr_idx000083.bin",
  "ldpc_cfg_file": "f0253_s11_ldpc.json"
}