{
  "frame": 283,
  "slot": 1,
  "fg_idx": 142,
  "fg_mtime": 1764948395.1944861,
  "tx_idx": 565,
  "tx_mtime": 1764948395.1934862,
  "llr_idx": 142,
  "llr_mtime": 1764948395.195486,
  "rnti": 4660,
  "fullgrid_file": "f0283_s01_fullgrid_idx000142.bin",
  "txbits_file": "f0283_s01_txbits_idx000565_rnti04660.bin",
  "llr_file": "f0283_s01_llr_idx000142.bin",
  "ldpc_cfg_file": "f0283_s01_ldpc.json"
}