{
  "frame": 250,
  "slot": 1,
  "fg_idx": 76,
  "fg_mtime": 1764948395.0434918,
  "tx_idx": 499,
  "tx_mtime": 1764948395.041492,
  "llr_idx": 76,
  "llr_mtime": 1764948395.0434918,
  "rnti": 4660,
  "fullgrid_file": "f0250_s01_fullgrid_idx000076.bin",
  "txbits_file": "f0250_s01_txbits_idx000499_rnti04660.bin",
  "llr_file": "f0250_s01_llr_idx000076.bin",
  "ldpc_cfg_file": "f0250_s01_ldpc.json"
}