{
  "frame": 690,
  "slot": 1,
  "fg_idx": 956,
  "fg_mtime": 1764948397.0324154,
  "tx_idx": 1379,
  "tx_mtime": 1764948397.0304155,
  "llr_idx": 956,
  "llr_mtime": 1764948397.0324154,
  "rnti": 4660,
  "fullgrid_file": "f0690_s01_fullgrid_idx000956.bin",
  "txbits_file": "f0690_s01_txbits_idx001379_rnti04660.bin",
  "llr_file": "f0690_s01_llr_idx000956.bin",
  "ldpc_cfg_file": "f0690_s01_ldpc.json"
}