{
  "frame": 773,
  "slot": 11,
  "fg_idx": 1123,
  "fg_mtime": 1764948397.408401,
  "tx_idx": 1546,
  "tx_mtime": 1764948397.4064012,
  "llr_idx": 1123,
  "llr_mtime": 1764948397.408401,
  "rnti": 4660,
  "fullgrid_file": "f0773_s11_fullgrid_idx001123.bin",
  "txbits_file": "f0773_s11_txbits_idx001546_rnti04660.bin",
  "llr_file": "f0773_s11_llr_idx001123.bin",
  "ldpc_cfg_file": "f0773_s11_ldpc.json"
}