{
  "frame": 301,
  "slot": 1,
  "fg_idx": 178,
  "fg_mtime": 1764948395.274483,
  "tx_idx": 601,
  "tx_mtime": 1764948395.273483,
  "llr_idx": 178,
  "llr_mtime": 1764948395.274483,
  "rnti": 4660,
  "fullgrid_file": "f0301_s01_fullgrid_idx000178.bin",
  "txbits_file": "f0301_s01_txbits_idx000601_rnti04660.bin",
  "llr_file": "f0301_s01_llr_idx000178.bin",
  "ldpc_cfg_file": "f0301_s01_ldpc.json"
}