{
  "frame": 662,
  "slot": 11,
  "fg_idx": 901,
  "fg_mtime": 1764948396.9104202,
  "tx_idx": 1324,
  "tx_mtime": 1764948396.90842,
  "llr_idx": 901,
  "llr_mtime": 1764948396.91142,
  "rnti": 4660,
  "fullgrid_file": "f0662_s11_fullgrid_idx000901.bin",
  "txbits_file": "f0662_s11_txbits_idx001324_rnti04660.bin",
  "llr_file": "f0662_s11_llr_idx000901.bin",
  "ldpc_cfg_file": "f0662_s11_ldpc.json"
}