{
  "frame": 383,
  "slot": 1,
  "fg_idx": 342,
  "fg_mtime": 1764948395.6484685,
  "tx_idx": 765,
  "tx_mtime": 1764948395.6464686,
  "llr_idx": 342,
  "llr_mtime": 1764948395.6484685,
  "rnti": 4660,
  "fullgrid_file": "f0383_s01_fullgrid_idx000342.bin",
  "txbits_file": "f0383_s01_txbits_idx000765_rnti04660.bin",
  "llr_file": "f0383_s01_llr_idx000342.bin",
  "ldpc_cfg_file": "f0383_s01_ldpc.json"
}