{
  "frame": 395,
  "slot": 1,
  "fg_idx": 366,
  "fg_mtime": 1764948395.7014666,
  "tx_idx": 789,
  "tx_mtime": 1764948395.7004666,
  "llr_idx": 366,
  "llr_mtime": 1764948395.7014666,
  "rnti": 4660,
  "fullgrid_file": "f0395_s01_fullgrid_idx000366.bin",
  "txbits_file": "f0395_s01_txbits_idx000789_rnti04660.bin",
  "llr_file": "f0395_s01_llr_idx000366.bin",
  "ldpc_cfg_file": "f0395_s01_ldpc.json"
}