{
  "frame": 894,
  "slot": 11,
  "fg_idx": 1365,
  "fg_mtime": 1764948397.9693794,
  "tx_idx": 1788,
  "tx_mtime": 1764948397.9683795,
  "llr_idx": 1365,
  "llr_mtime": 1764948397.9693794,
  "rnti": 4660,
  "fullgrid_file": "f0894_s11_fullgrid_idx001365.bin",
  "txbits_file": "f0894_s11_txbits_idx001788_rnti04660.bin",
  "llr_file": "f0894_s11_llr_idx001365.bin",
  "ldpc_cfg_file": "f0894_s11_ldpc.json"
}