{
  "frame": 708,
  "slot": 1,
  "fg_idx": 992,
  "fg_mtime": 1764948397.1124122,
  "tx_idx": 1415,
  "tx_mtime": 1764948397.1094124,
  "llr_idx": 992,
  "llr_mtime": 1764948397.1124122,
  "rnti": 4660,
  "fullgrid_file": "f0708_s01_fullgrid_idx000992.bin",
  "txbits_file": "f0708_s01_txbits_idx001415_rnti04660.bin",
  "llr_file": "f0708_s01_llr_idx000992.bin",
  "ldpc_cfg_file": "f0708_s01_ldpc.json"
}