{
  "frame": 887,
  "slot": 11,
  "fg_idx": 1351,
  "fg_mtime": 1764948397.9373808,
  "tx_idx": 1774,
  "tx_mtime": 1764948397.9353807,
  "llr_idx": 1351,
  "llr_mtime": 1764948397.9373808,
  "rnti": 4660,
  "fullgrid_file": "f0887_s11_fullgrid_idx001351.bin",
  "txbits_file": "f0887_s11_txbits_idx001774_rnti04660.bin",
  "llr_file": "f0887_s11_llr_idx001351.bin",
  "ldpc_cfg_file": "f0887_s11_ldpc.json"
}