{
  "frame": 967,
  "slot": 11,
  "fg_idx": 1511,
  "fg_mtime": 1764948398.3153663,
  "tx_idx": 1934,
  "tx_mtime": 1764948398.3133664,
  "llr_idx": 1511,
  "llr_mtime": 1764948398.3153663,
  "rnti": 4660,
  "fullgrid_file": "f0967_s11_fullgrid_idx001511.bin",
  "txbits_file": "f0967_s11_txbits_idx001934_rnti04660.bin",
  "llr_file": "f0967_s11_llr_idx001511.bin",
  "ldpc_cfg_file": "f0967_s11_ldpc.json"
}