{
  "frame": 643,
  "slot": 11,
  "fg_idx": 863,
  "fg_mtime": 1764948396.8294232,
  "tx_idx": 1286,
  "tx_mtime": 1764948396.8284233,
  "llr_idx": 863,
  "llr_mtime": 1764948396.8294232,
  "rnti": 4660,
  "fullgrid_file": "f0643_s11_fullgrid_idx000863.bin",
  "txbits_file": "f0643_s11_txbits_idx001286_rnti04660.bin",
  "llr_file": "f0643_s11_llr_idx000863.bin",
  "ldpc_cfg_file": "f0643_s11_ldpc.json"
}