{
  "frame": 804,
  "slot": 11,
  "fg_idx": 1185,
  "fg_mtime": 1764948397.5523956,
  "tx_idx": 1608,
  "tx_mtime": 1764948397.5513954,
  "llr_idx": 1185,
  "llr_mtime": 1764948397.5523956,
  "rnti": 4660,
  "fullgrid_file": "f0804_s11_fullgrid_idx001185.bin",
  "txbits_file": "f0804_s11_txbits_idx001608_rnti04660.bin",
  "llr_file": "f0804_s11_llr_idx001185.bin",
  "ldpc_cfg_file": "f0804_s11_ldpc.json"
}