{
  "frame": 912,
  "slot": 11,
  "fg_idx": 1401,
  "fg_mtime": 1764948398.0533762,
  "tx_idx": 1824,
  "tx_mtime": 1764948398.0513763,
  "llr_idx": 1401,
  "llr_mtime": 1764948398.0533762,
  "rnti": 4660,
  "fullgrid_file": "f0912_s11_fullgrid_idx001401.bin",
  "txbits_file": "f0912_s11_txbits_idx001824_rnti04660.bin",
  "llr_file": "f0912_s11_llr_idx001401.bin",
  "ldpc_cfg_file": "f0912_s11_ldpc.json"
}