{
  "frame": 531,
  "slot": 1,
  "fg_idx": 638,
  "fg_mtime": 1764948396.338442,
  "tx_idx": 1061,
  "tx_mtime": 1764948396.3364422,
  "llr_idx": 638,
  "llr_mtime": 1764948396.338442,
  "rnti": 4660,
  "fullgrid_file": "f0531_s01_fullgrid_idx000638.bin",
  "txbits_file": "f0531_s01_txbits_idx001061_rnti04660.bin",
  "llr_file": "f0531_s01_llr_idx000638.bin",
  "ldpc_cfg_file": "f0531_s01_ldpc.json"
}