{
  "frame": 820,
  "slot": 1,
  "fg_idx": 1216,
  "fg_mtime": 1764948397.6263926,
  "tx_idx": 1639,
  "tx_mtime": 1764948397.6243927,
  "llr_idx": 1216,
  "llr_mtime": 1764948397.6273925,
  "rnti": 4660,
  "fullgrid_file": "f0820_s01_fullgrid_idx001216.bin",
  "txbits_file": "f0820_s01_txbits_idx001639_rnti04660.bin",
  "llr_file": "f0820_s01_llr_idx001216.bin",
  "ldpc_cfg_file": "f0820_s01_ldpc.json"
}