{
  "frame": 476,
  "slot": 11,
  "fg_idx": 529,
  "fg_mtime": 1764948396.0734522,
  "tx_idx": 952,
  "tx_mtime": 1764948396.0724523,
  "llr_idx": 529,
  "llr_mtime": 1764948396.0744522,
  "rnti": 4660,
  "fullgrid_file": "f0476_s11_fullgrid_idx000529.bin",
  "txbits_file": "f0476_s11_txbits_idx000952_rnti04660.bin",
  "llr_file": "f0476_s11_llr_idx000529.bin",
  "ldpc_cfg_file": "f0476_s11_ldpc.json"
}