{
  "frame": 591,
  "slot": 1,
  "fg_idx": 758,
  "fg_mtime": 1764948396.6054318,
  "tx_idx": 1181,
  "tx_mtime": 1764948396.6044319,
  "llr_idx": 758,
  "llr_mtime": 1764948396.6054318,
  "rnti": 4660,
  "fullgrid_file": "f0591_s01_fullgrid_idx000758.bin",
  "txbits_file": "f0591_s01_txbits_idx001181_rnti04660.bin",
  "llr_file": "f0591_s01_llr_idx000758.bin",
  "ldpc_cfg_file": "f0591_s01_ldpc.json"
}