{
  "frame": 609,
  "slot": 11,
  "fg_idx": 795,
  "fg_mtime": 1764948396.6854286,
  "tx_idx": 1218,
  "tx_mtime": 1764948396.6844287,
  "llr_idx": 795,
  "llr_mtime": 1764948396.6864288,
  "rnti": 4660,
  "fullgrid_file": "f0609_s11_fullgrid_idx000795.bin",
  "txbits_file": "f0609_s11_txbits_idx001218_rnti04660.bin",
  "llr_file": "f0609_s11_llr_idx000795.bin",
  "ldpc_cfg_file": "f0609_s11_ldpc.json"
}