{
  "frame": 490,
  "slot": 11,
  "fg_idx": 557,
  "fg_mtime": 1764948396.1364498,
  "tx_idx": 980,
  "tx_mtime": 1764948396.13545,
  "llr_idx": 557,
  "llr_mtime": 1764948396.1364498,
  "rnti": 4660,
  "fullgrid_file": "f0490_s11_fullgrid_idx000557.bin",
  "txbits_file": "f0490_s11_txbits_idx000980_rnti04660.bin",
  "llr_file": "f0490_s11_llr_idx000557.bin",
  "ldpc_cfg_file": "f0490_s11_ldpc.json"
}