{
  "frame": 843,
  "slot": 1,
  "fg_idx": 1262,
  "fg_mtime": 1764948397.7333884,
  "tx_idx": 1685,
  "tx_mtime": 1764948397.7323885,
  "llr_idx": 1262,
  "llr_mtime": 1764948397.7343886,
  "rnti": 4660,
  "fullgrid_file": "f0843_s01_fullgrid_idx001262.bin",
  "txbits_file": "f0843_s01_txbits_idx001685_rnti04660.bin",
  "llr_file": "f0843_s01_llr_idx001262.bin",
  "ldpc_cfg_file": "f0843_s01_ldpc.json"
}