{
  "frame": 572,
  "slot": 1,
  "fg_idx": 720,
  "fg_mtime": 1764948396.526435,
  "tx_idx": 1143,
  "tx_mtime": 1764948396.5244348,
  "llr_idx": 720,
  "llr_mtime": 1764948396.526435,
  "rnti": 4660,
  "fullgrid_file": "f0572_s01_fullgrid_idx000720.bin",
  "txbits_file": "f0572_s01_txbits_idx001143_rnti04660.bin",
  "llr_file": "f0572_s01_llr_idx000720.bin",
  "ldpc_cfg_file": "f0572_s01_ldpc.json"
}