{
  "frame": 961,
  "slot": 11,
  "fg_idx": 1499,
  "fg_mtime": 1764948398.2843676,
  "tx_idx": 1922,
  "tx_mtime": 1764948398.2833674,
  "llr_idx": 1499,
  "llr_mtime": 1764948398.2853675,
  "rnti": 4660,
  "fullgrid_file": "f0961_s11_fullgrid_idx001499.bin",
  "txbits_file": "f0961_s11_txbits_idx001922_rnti04660.bin",
  "llr_file": "f0961_s11_llr_idx001499.bin",
  "ldpc_cfg_file": "f0961_s11_ldpc.json"
}