{
  "frame": 245,
  "slot": 1,
  "fg_idx": 66,
  "fg_mtime": 1764948395.0214927,
  "tx_idx": 489,
  "tx_mtime": 1764948395.0194929,
  "llr_idx": 66,
  "llr_mtime": 1764948395.0214927,
  "rnti": 4660,
  "fullgrid_file": "f0245_s01_fullgrid_idx000066.bin",
  "txbits_file": "f0245_s01_txbits_idx000489_rnti04660.bin",
  "llr_file": "f0245_s01_llr_idx000066.bin",
  "ldpc_cfg_file": "f0245_s01_ldpc.json"
}