{
  "frame": 610,
  "slot": 1,
  "fg_idx": 796,
  "fg_mtime": 1764948396.6884286,
  "tx_idx": 1219,
  "tx_mtime": 1764948396.6864288,
  "llr_idx": 796,
  "llr_mtime": 1764948396.6884286,
  "rnti": 4660,
  "fullgrid_file": "f0610_s01_fullgrid_idx000796.bin",
  "txbits_file": "f0610_s01_txbits_idx001219_rnti04660.bin",
  "llr_file": "f0610_s01_llr_idx000796.bin",
  "ldpc_cfg_file": "f0610_s01_ldpc.json"
}