{
  "frame": 340,
  "slot": 1,
  "fg_idx": 256,
  "fg_mtime": 1764948395.451476,
  "tx_idx": 679,
  "tx_mtime": 1764948395.4494762,
  "llr_idx": 256,
  "llr_mtime": 1764948395.451476,
  "rnti": 4660,
  "fullgrid_file": "f0340_s01_fullgrid_idx000256.bin",
  "txbits_file": "f0340_s01_txbits_idx000679_rnti04660.bin",
  "llr_file": "f0340_s01_llr_idx000256.bin",
  "ldpc_cfg_file": "f0340_s01_ldpc.json"
}