{
  "frame": 283,
  "slot": 11,
  "fg_idx": 143,
  "fg_mtime": 1764948395.196486,
  "tx_idx": 566,
  "tx_mtime": 1764948395.195486,
  "llr_idx": 143,
  "llr_mtime": 1764948395.196486,
  "rnti": 4660,
  "fullgrid_file": "f0283_s11_fullgrid_idx000143.bin",
  "txbits_file": "f0283_s11_txbits_idx000566_rnti04660.bin",
  "llr_file": "f0283_s11_llr_idx000143.bin",
  "ldpc_cfg_file": "f0283_s11_ldpc.json"
}