{
  "frame": 627,
  "slot": 11,
  "fg_idx": 831,
  "fg_mtime": 1764948396.7644258,
  "tx_idx": 1254,
  "tx_mtime": 1764948396.7624257,
  "llr_idx": 831,
  "llr_mtime": 1764948396.7644258,
  "rnti": 4660,
  "fullgrid_file": "f0627_s11_fullgrid_idx000831.bin",
  "txbits_file": "f0627_s11_txbits_idx001254_rnti04660.bin",
  "llr_file": "f0627_s11_llr_idx000831.bin",
  "ldpc_cfg_file": "f0627_s11_ldpc.json"
}