{
  "frame": 487,
  "slot": 1,
  "fg_idx": 550,
  "fg_mtime": 1764948396.1214504,
  "tx_idx": 973,
  "tx_mtime": 1764948396.1204505,
  "llr_idx": 550,
  "llr_mtime": 1764948396.1214504,
  "rnti": 4660,
  "fullgrid_file": "f0487_s01_fullgrid_idx000550.bin",
  "txbits_file": "f0487_s01_txbits_idx000973_rnti04660.bin",
  "llr_file": "f0487_s01_llr_idx000550.bin",
  "ldpc_cfg_file": "f0487_s01_ldpc.json"
}