{
  "frame": 243,
  "slot": 11,
  "fg_idx": 63,
  "fg_mtime": 1764948395.014493,
  "tx_idx": 486,
  "tx_mtime": 1764948395.0124931,
  "llr_idx": 63,
  "llr_mtime": 1764948395.014493,
  "rnti": 4660,
  "fullgrid_file": "f0243_s11_fullgrid_idx000063.bin",
  "txbits_file": "f0243_s11_txbits_idx000486_rnti04660.bin",
  "llr_file": "f0243_s11_llr_idx000063.bin",
  "ldpc_cfg_file": "f0243_s11_ldpc.json"
}