{
  "frame": 238,
  "slot": 1,
  "fg_idx": 52,
  "fg_mtime": 1764948394.9924939,
  "tx_idx": 475,
  "tx_mtime": 1764948394.990494,
  "llr_idx": 52,
  "llr_mtime": 1764948394.9924939,
  "rnti": 4660,
  "fullgrid_file": "f0238_s01_fullgrid_idx000052.bin",
  "txbits_file": "f0238_s01_txbits_idx000475_rnti04660.bin",
  "llr_file": "f0238_s01_llr_idx000052.bin",
  "ldpc_cfg_file": "f0238_s01_ldpc.json"
}