{
  "frame": 436,
  "slot": 11,
  "fg_idx": 449,
  "fg_mtime": 1764948395.8924592,
  "tx_idx": 872,
  "tx_mtime": 1764948395.8904593,
  "llr_idx": 449,
  "llr_mtime": 1764948395.8924592,
  "rnti": 4660,
  "fullgrid_file": "f0436_s11_fullgrid_idx000449.bin",
  "txbits_file": "f0436_s11_txbits_idx000872_rnti04660.bin",
  "llr_file": "f0436_s11_llr_idx000449.bin",
  "ldpc_cfg_file": "f0436_s11_ldpc.json"
}