{
  "frame": 422,
  "slot": 11,
  "fg_idx": 421,
  "fg_mtime": 1764948395.8294616,
  "tx_idx": 844,
  "tx_mtime": 1764948395.8274617,
  "llr_idx": 421,
  "llr_mtime": 1764948395.8294616,
  "rnti": 4660,
  "fullgrid_file": "f0422_s11_fullgrid_idx000421.bin",
  "txbits_file": "f0422_s11_txbits_idx000844_rnti04660.bin",
  "llr_file": "f0422_s11_llr_idx000421.bin",
  "ldpc_cfg_file": "f0422_s11_ldpc.json"
}