{
  "frame": 548,
  "slot": 11,
  "fg_idx": 673,
  "fg_mtime": 1764948396.4244387,
  "tx_idx": 1096,
  "tx_mtime": 1764948396.4234388,
  "llr_idx": 673,
  "llr_mtime": 1764948396.4244387,
  "rnti": 4660,
  "fullgrid_file": "f0548_s11_fullgrid_idx000673.bin",
  "txbits_file": "f0548_s11_txbits_idx001096_rnti04660.bin",
  "llr_file": "f0548_s11_llr_idx000673.bin",
  "ldpc_cfg_file": "f0548_s11_ldpc.json"
}