{
  "frame": 474,
  "slot": 11,
  "fg_idx": 525,
  "fg_mtime": 1764948396.0654526,
  "tx_idx": 948,
  "tx_mtime": 1764948396.0644526,
  "llr_idx": 525,
  "llr_mtime": 1764948396.0654526,
  "rnti": 4660,
  "fullgrid_file": "f0474_s11_fullgrid_idx000525.bin",
  "txbits_file": "f0474_s11_txbits_idx000948_rnti04660.bin",
  "llr_file": "f0474_s11_llr_idx000525.bin",
  "ldpc_cfg_file": "f0474_s11_ldpc.json"
}