{
  "frame": 507,
  "slot": 11,
  "fg_idx": 591,
  "fg_mtime": 1764948396.2164466,
  "tx_idx": 1014,
  "tx_mtime": 1764948396.2144468,
  "llr_idx": 591,
  "llr_mtime": 1764948396.2164466,
  "rnti": 4660,
  "fullgrid_file": "f0507_s11_fullgrid_idx000591.bin",
  "txbits_file": "f0507_s11_txbits_idx001014_rnti04660.bin",
  "llr_file": "f0507_s11_llr_idx000591.bin",
  "ldpc_cfg_file": "f0507_s11_ldpc.json"
}