{
  "frame": 295,
  "slot": 11,
  "fg_idx": 167,
  "fg_mtime": 1764948395.250484,
  "tx_idx": 590,
  "tx_mtime": 1764948395.249484,
  "llr_idx": 167,
  "llr_mtime": 1764948395.250484,
  "rnti": 4660,
  "fullgrid_file": "f0295_s11_fullgrid_idx000167.bin",
  "txbits_file": "f0295_s11_txbits_idx000590_rnti04660.bin",
  "llr_file": "f0295_s11_llr_idx000167.bin",
  "ldpc_cfg_file": "f0295_s11_ldpc.json"
}