{
  "frame": 801,
  "slot": 11,
  "fg_idx": 1179,
  "fg_mtime": 1764948397.5383961,
  "tx_idx": 1602,
  "tx_mtime": 1764948397.537396,
  "llr_idx": 1179,
  "llr_mtime": 1764948397.5383961,
  "rnti": 4660,
  "fullgrid_file": "f0801_s11_fullgrid_idx001179.bin",
  "txbits_file": "f0801_s11_txbits_idx001602_rnti04660.bin",
  "llr_file": "f0801_s11_llr_idx001179.bin",
  "ldpc_cfg_file": "f0801_s11_ldpc.json"
}