{
  "frame": 832,
  "slot": 1,
  "fg_idx": 1240,
  "fg_mtime": 1764948397.6823905,
  "tx_idx": 1663,
  "tx_mtime": 1764948397.6803906,
  "llr_idx": 1240,
  "llr_mtime": 1764948397.6823905,
  "rnti": 4660,
  "fullgrid_file": "f0832_s01_fullgrid_idx001240.bin",
  "txbits_file": "f0832_s01_txbits_idx001663_rnti04660.bin",
  "llr_file": "f0832_s01_llr_idx001240.bin",
  "ldpc_cfg_file": "f0832_s01_ldpc.json"
}