{
  "frame": 592,
  "slot": 11,
  "fg_idx": 761,
  "fg_mtime": 1764948396.6124315,
  "tx_idx": 1184,
  "tx_mtime": 1764948396.6104317,
  "llr_idx": 761,
  "llr_mtime": 1764948396.6124315,
  "rnti": 4660,
  "fullgrid_file": "f0592_s11_fullgrid_idx000761.bin",
  "txbits_file": "f0592_s11_txbits_idx001184_rnti04660.bin",
  "llr_file": "f0592_s11_llr_idx000761.bin",
  "ldpc_cfg_file": "f0592_s11_ldpc.json"
}