{
  "frame": 974,
  "slot": 1,
  "fg_idx": 1524,
  "fg_mtime": 1764948398.348365,
  "tx_idx": 1947,
  "tx_mtime": 1764948398.346365,
  "llr_idx": 1524,
  "llr_mtime": 1764948398.348365,
  "rnti": 4660,
  "fullgrid_file": "f0974_s01_fullgrid_idx001524.bin",
  "txbits_file": "f0974_s01_txbits_idx001947_rnti04660.bin",
  "llr_file": "f0974_s01_llr_idx001524.bin",
  "ldpc_cfg_file": "f0974_s01_ldpc.json"
}