{
  "frame": 621,
  "slot": 1,
  "fg_idx": 818,
  "fg_mtime": 1764948396.735427,
  "tx_idx": 1241,
  "tx_mtime": 1764948396.7334268,
  "llr_idx": 818,
  "llr_mtime": 1764948396.735427,
  "rnti": 4660,
  "fullgrid_file": "f0621_s01_fullgrid_idx000818.bin",
  "txbits_file": "f0621_s01_txbits_idx001241_rnti04660.bin",
  "llr_file": "f0621_s01_llr_idx000818.bin",
  "ldpc_cfg_file": "f0621_s01_ldpc.json"
}