{
  "frame": 740,
  "slot": 1,
  "fg_idx": 1056,
  "fg_mtime": 1764948397.252407,
  "tx_idx": 1479,
  "tx_mtime": 1764948397.251407,
  "llr_idx": 1056,
  "llr_mtime": 1764948397.253407,
  "rnti": 4660,
  "fullgrid_file": "f0740_s01_fullgrid_idx001056.bin",
  "txbits_file": "f0740_s01_txbits_idx001479_rnti04660.bin",
  "llr_file": "f0740_s01_llr_idx001056.bin",
  "ldpc_cfg_file": "f0740_s01_ldpc.json"
}