{
  "frame": 300,
  "slot": 11,
  "fg_idx": 177,
  "fg_mtime": 1764948395.272483,
  "tx_idx": 600,
  "tx_mtime": 1764948395.2704833,
  "llr_idx": 177,
  "llr_mtime": 1764948395.272483,
  "rnti": 4660,
  "fullgrid_file": "f0300_s11_fullgrid_idx000177.bin",
  "txbits_file": "f0300_s11_txbits_idx000600_rnti04660.bin",
  "llr_file": "f0300_s11_llr_idx000177.bin",
  "ldpc_cfg_file": "f0300_s11_ldpc.json"
}