{
  "frame": 906,
  "slot": 11,
  "fg_idx": 1389,
  "fg_mtime": 1764948398.0253773,
  "tx_idx": 1812,
  "tx_mtime": 1764948398.0233774,
  "llr_idx": 1389,
  "llr_mtime": 1764948398.0253773,
  "rnti": 4660,
  "fullgrid_file": "f0906_s11_fullgrid_idx001389.bin",
  "txbits_file": "f0906_s11_txbits_idx001812_rnti04660.bin",
  "llr_file": "f0906_s11_llr_idx001389.bin",
  "ldpc_cfg_file": "f0906_s11_ldpc.json"
}