{
  "frame": 874,
  "slot": 1,
  "fg_idx": 1324,
  "fg_mtime": 1764948397.8743832,
  "tx_idx": 1747,
  "tx_mtime": 1764948397.872383,
  "llr_idx": 1324,
  "llr_mtime": 1764948397.8743832,
  "rnti": 4660,
  "fullgrid_file": "f0874_s01_fullgrid_idx001324.bin",
  "txbits_file": "f0874_s01_txbits_idx001747_rnti04660.bin",
  "llr_file": "f0874_s01_llr_idx001324.bin",
  "ldpc_cfg_file": "f0874_s01_ldpc.json"
}