{
  "frame": 367,
  "slot": 1,
  "fg_idx": 310,
  "fg_mtime": 1764948395.5744715,
  "tx_idx": 733,
  "tx_mtime": 1764948395.5724716,
  "llr_idx": 310,
  "llr_mtime": 1764948395.5744715,
  "rnti": 4660,
  "fullgrid_file": "f0367_s01_fullgrid_idx000310.bin",
  "txbits_file": "f0367_s01_txbits_idx000733_rnti04660.bin",
  "llr_file": "f0367_s01_llr_idx000310.bin",
  "ldpc_cfg_file": "f0367_s01_ldpc.json"
}