{
  "frame": 426,
  "slot": 11,
  "fg_idx": 429,
  "fg_mtime": 1764948395.847461,
  "tx_idx": 852,
  "tx_mtime": 1764948395.846461,
  "llr_idx": 429,
  "llr_mtime": 1764948395.847461,
  "rnti": 4660,
  "fullgrid_file": "f0426_s11_fullgrid_idx000429.bin",
  "txbits_file": "f0426_s11_txbits_idx000852_rnti04660.bin",
  "llr_file": "f0426_s11_llr_idx000429.bin",
  "ldpc_cfg_file": "f0426_s11_ldpc.json"
}