{
  "frame": 657,
  "slot": 1,
  "fg_idx": 890,
  "fg_mtime": 1764948396.887421,
  "tx_idx": 1313,
  "tx_mtime": 1764948396.885421,
  "llr_idx": 890,
  "llr_mtime": 1764948396.887421,
  "rnti": 4660,
  "fullgrid_file": "f0657_s01_fullgrid_idx000890.bin",
  "txbits_file": "f0657_s01_txbits_idx001313_rnti04660.bin",
  "llr_file": "f0657_s01_llr_idx000890.bin",
  "ldpc_cfg_file": "f0657_s01_ldpc.json"
}