{
  "frame": 891,
  "slot": 1,
  "fg_idx": 1358,
  "fg_mtime": 1764948397.95338,
  "tx_idx": 1781,
  "tx_mtime": 1764948397.9513803,
  "llr_idx": 1358,
  "llr_mtime": 1764948397.95338,
  "rnti": 4660,
  "fullgrid_file": "f0891_s01_fullgrid_idx001358.bin",
  "txbits_file": "f0891_s01_txbits_idx001781_rnti04660.bin",
  "llr_file": "f0891_s01_llr_idx001358.bin",
  "ldpc_cfg_file": "f0891_s01_ldpc.json"
}