{
  "frame": 267,
  "slot": 1,
  "fg_idx": 110,
  "fg_mtime": 1764948395.1214888,
  "tx_idx": 533,
  "tx_mtime": 1764948395.119489,
  "llr_idx": 110,
  "llr_mtime": 1764948395.1214888,
  "rnti": 4660,
  "fullgrid_file": "f0267_s01_fullgrid_idx000110.bin",
  "txbits_file": "f0267_s01_txbits_idx000533_rnti04660.bin",
  "llr_file": "f0267_s01_llr_idx000110.bin",
  "ldpc_cfg_file": "f0267_s01_ldpc.json"
}