{
  "frame": 215,
  "slot": 1,
  "fg_idx": 6,
  "fg_mtime": 1764948394.8974974,
  "tx_idx": 429,
  "tx_mtime": 1764948394.8964975,
  "llr_idx": 6,
  "llr_mtime": 1764948394.8984976,
  "rnti": 4660,
  "fullgrid_file": "f0215_s01_fullgrid_idx000006.bin",
  "txbits_file": "f0215_s01_txbits_idx000429_rnti04660.bin",
  "llr_file": "f0215_s01_llr_idx000006.bin",
  "ldpc_cfg_file": "f0215_s01_ldpc.json"
}