{
  "frame": 574,
  "slot": 1,
  "fg_idx": 724,
  "fg_mtime": 1764948396.5354345,
  "tx_idx": 1147,
  "tx_mtime": 1764948396.5344346,
  "llr_idx": 724,
  "llr_mtime": 1764948396.5354345,
  "rnti": 4660,
  "fullgrid_file": "f0574_s01_fullgrid_idx000724.bin",
  "txbits_file": "f0574_s01_txbits_idx001147_rnti04660.bin",
  "llr_file": "f0574_s01_llr_idx000724.bin",
  "ldpc_cfg_file": "f0574_s01_ldpc.json"
}