{
  "frame": 348,
  "slot": 11,
  "fg_idx": 273,
  "fg_mtime": 1764948395.4894748,
  "tx_idx": 696,
  "tx_mtime": 1764948395.4874747,
  "llr_idx": 273,
  "llr_mtime": 1764948395.4894748,
  "rnti": 4660,
  "fullgrid_file": "f0348_s11_fullgrid_idx000273.bin",
  "txbits_file": "f0348_s11_txbits_idx000696_rnti04660.bin",
  "llr_file": "f0348_s11_llr_idx000273.bin",
  "ldpc_cfg_file": "f0348_s11_ldpc.json"
}