{
  "frame": 813,
  "slot": 11,
  "fg_idx": 1203,
  "fg_mtime": 1764948397.5963938,
  "tx_idx": 1626,
  "tx_mtime": 1764948397.594394,
  "llr_idx": 1203,
  "llr_mtime": 1764948397.5963938,
  "rnti": 4660,
  "fullgrid_file": "f0813_s11_fullgrid_idx001203.bin",
  "txbits_file": "f0813_s11_txbits_idx001626_rnti04660.bin",
  "llr_file": "f0813_s11_llr_idx001203.bin",
  "ldpc_cfg_file": "f0813_s11_ldpc.json"
}