{
  "frame": 946,
  "slot": 11,
  "fg_idx": 1469,
  "fg_mtime": 1764948398.2113702,
  "tx_idx": 1892,
  "tx_mtime": 1764948398.2093704,
  "llr_idx": 1469,
  "llr_mtime": 1764948398.2123702,
  "rnti": 4660,
  "fullgrid_file": "f0946_s11_fullgrid_idx001469.bin",
  "txbits_file": "f0946_s11_txbits_idx001892_rnti04660.bin",
  "llr_file": "f0946_s11_llr_idx001469.bin",
  "ldpc_cfg_file": "f0946_s11_ldpc.json"
}