{
  "frame": 425,
  "slot": 11,
  "fg_idx": 427,
  "fg_mtime": 1764948395.843461,
  "tx_idx": 850,
  "tx_mtime": 1764948395.8414612,
  "llr_idx": 427,
  "llr_mtime": 1764948395.843461,
  "rnti": 4660,
  "fullgrid_file": "f0425_s11_fullgrid_idx000427.bin",
  "txbits_file": "f0425_s11_txbits_idx000850_rnti04660.bin",
  "llr_file": "f0425_s11_llr_idx000427.bin",
  "ldpc_cfg_file": "f0425_s11_ldpc.json"
}