{
  "frame": 559,
  "slot": 11,
  "fg_idx": 695,
  "fg_mtime": 1764948396.4734368,
  "tx_idx": 1118,
  "tx_mtime": 1764948396.471437,
  "llr_idx": 695,
  "llr_mtime": 1764948396.4734368,
  "rnti": 4660,
  "fullgrid_file": "f0559_s11_fullgrid_idx000695.bin",
  "txbits_file": "f0559_s11_txbits_idx001118_rnti04660.bin",
  "llr_file": "f0559_s11_llr_idx000695.bin",
  "ldpc_cfg_file": "f0559_s11_ldpc.json"
}