{
  "frame": 682,
  "slot": 11,
  "fg_idx": 941,
  "fg_mtime": 1764948396.9984167,
  "tx_idx": 1364,
  "tx_mtime": 1764948396.9964168,
  "llr_idx": 941,
  "llr_mtime": 1764948396.9984167,
  "rnti": 4660,
  "fullgrid_file": "f0682_s11_fullgrid_idx000941.bin",
  "txbits_file": "f0682_s11_txbits_idx001364_rnti04660.bin",
  "llr_file": "f0682_s11_llr_idx000941.bin",
  "ldpc_cfg_file": "f0682_s11_ldpc.json"
}