{
  "frame": 417,
  "slot": 11,
  "fg_idx": 411,
  "fg_mtime": 1764948395.8054626,
  "tx_idx": 834,
  "tx_mtime": 1764948395.8044627,
  "llr_idx": 411,
  "llr_mtime": 1764948395.8054626,
  "rnti": 4660,
  "fullgrid_file": "f0417_s11_fullgrid_idx000411.bin",
  "txbits_file": "f0417_s11_txbits_idx000834_rnti04660.bin",
  "llr_file": "f0417_s11_llr_idx000411.bin",
  "ldpc_cfg_file": "f0417_s11_ldpc.json"
}