{
  "frame": 315,
  "slot": 1,
  "fg_idx": 206,
  "fg_mtime": 1764948395.3354807,
  "tx_idx": 629,
  "tx_mtime": 1764948395.3334808,
  "llr_idx": 206,
  "llr_mtime": 1764948395.3354807,
  "rnti": 4660,
  "fullgrid_file": "f0315_s01_fullgrid_idx000206.bin",
  "txbits_file": "f0315_s01_txbits_idx000629_rnti04660.bin",
  "llr_file": "f0315_s01_llr_idx000206.bin",
  "ldpc_cfg_file": "f0315_s01_ldpc.json"
}