{
  "frame": 479,
  "slot": 11,
  "fg_idx": 535,
  "fg_mtime": 1764948396.0884516,
  "tx_idx": 958,
  "tx_mtime": 1764948396.0864518,
  "llr_idx": 535,
  "llr_mtime": 1764948396.0884516,
  "rnti": 4660,
  "fullgrid_file": "f0479_s11_fullgrid_idx000535.bin",
  "txbits_file": "f0479_s11_txbits_idx000958_rnti04660.bin",
  "llr_file": "f0479_s11_llr_idx000535.bin",
  "ldpc_cfg_file": "f0479_s11_ldpc.json"
}