{
  "frame": 936,
  "slot": 11,
  "fg_idx": 1449,
  "fg_mtime": 1764948398.164372,
  "tx_idx": 1872,
  "tx_mtime": 1764948398.162372,
  "llr_idx": 1449,
  "llr_mtime": 1764948398.164372,
  "rnti": 4660,
  "fullgrid_file": "f0936_s11_fullgrid_idx001449.bin",
  "txbits_file": "f0936_s11_txbits_idx001872_rnti04660.bin",
  "llr_file": "f0936_s11_llr_idx001449.bin",
  "ldpc_cfg_file": "f0936_s11_ldpc.json"
}