{
  "frame": 411,
  "slot": 1,
  "fg_idx": 398,
  "fg_mtime": 1764948395.7764637,
  "tx_idx": 821,
  "tx_mtime": 1764948395.7744637,
  "llr_idx": 398,
  "llr_mtime": 1764948395.7764637,
  "rnti": 4660,
  "fullgrid_file": "f0411_s01_fullgrid_idx000398.bin",
  "txbits_file": "f0411_s01_txbits_idx000821_rnti04660.bin",
  "llr_file": "f0411_s01_llr_idx000398.bin",
  "ldpc_cfg_file": "f0411_s01_ldpc.json"
}