{
  "frame": 943,
  "slot": 1,
  "fg_idx": 1462,
  "fg_mtime": 1764948398.1963708,
  "tx_idx": 1885,
  "tx_mtime": 1764948398.194371,
  "llr_idx": 1462,
  "llr_mtime": 1764948398.1963708,
  "rnti": 4660,
  "fullgrid_file": "f0943_s01_fullgrid_idx001462.bin",
  "txbits_file": "f0943_s01_txbits_idx001885_rnti04660.bin",
  "llr_file": "f0943_s01_llr_idx001462.bin",
  "ldpc_cfg_file": "f0943_s01_ldpc.json"
}