{
  "frame": 332,
  "slot": 1,
  "fg_idx": 240,
  "fg_mtime": 1764948395.4134777,
  "tx_idx": 663,
  "tx_mtime": 1764948395.4114778,
  "llr_idx": 240,
  "llr_mtime": 1764948395.4134777,
  "rnti": 4660,
  "fullgrid_file": "f0332_s01_fullgrid_idx000240.bin",
  "txbits_file": "f0332_s01_txbits_idx000663_rnti04660.bin",
  "llr_file": "f0332_s01_llr_idx000240.bin",
  "ldpc_cfg_file": "f0332_s01_ldpc.json"
}