{
  "frame": 926,
  "slot": 1,
  "fg_idx": 1428,
  "fg_mtime": 1764948398.1163738,
  "tx_idx": 1851,
  "tx_mtime": 1764948398.114374,
  "llr_idx": 1428,
  "llr_mtime": 1764948398.1163738,
  "rnti": 4660,
  "fullgrid_file": "f0926_s01_fullgrid_idx001428.bin",
  "txbits_file": "f0926_s01_txbits_idx001851_rnti04660.bin",
  "llr_file": "f0926_s01_llr_idx001428.bin",
  "ldpc_cfg_file": "f0926_s01_ldpc.json"
}