{
  "frame": 581,
  "slot": 11,
  "fg_idx": 739,
  "fg_mtime": 1764948396.5674334,
  "tx_idx": 1162,
  "tx_mtime": 1764948396.5664332,
  "llr_idx": 739,
  "llr_mtime": 1764948396.5674334,
  "rnti": 4660,
  "fullgrid_file": "f0581_s11_fullgrid_idx000739.bin",
  "txbits_file": "f0581_s11_txbits_idx001162_rnti04660.bin",
  "llr_file": "f0581_s11_llr_idx000739.bin",
  "ldpc_cfg_file": "f0581_s11_ldpc.json"
}