{
  "frame": 760,
  "slot": 11,
  "fg_idx": 1097,
  "fg_mtime": 1764948397.3484032,
  "tx_idx": 1520,
  "tx_mtime": 1764948397.3464034,
  "llr_idx": 1097,
  "llr_mtime": 1764948397.3484032,
  "rnti": 4660,
  "fullgrid_file": "f0760_s11_fullgrid_idx001097.bin",
  "txbits_file": "f0760_s11_txbits_idx001520_rnti04660.bin",
  "llr_file": "f0760_s11_llr_idx001097.bin",
  "ldpc_cfg_file": "f0760_s11_ldpc.json"
}