{
  "frame": 749,
  "slot": 11,
  "fg_idx": 1075,
  "fg_mtime": 1764948397.2954054,
  "tx_idx": 1498,
  "tx_mtime": 1764948397.2934053,
  "llr_idx": 1075,
  "llr_mtime": 1764948397.2954054,
  "rnti": 4660,
  "fullgrid_file": "f0749_s11_fullgrid_idx001075.bin",
  "txbits_file": "f0749_s11_txbits_idx001498_rnti04660.bin",
  "llr_file": "f0749_s11_llr_idx001075.bin",
  "ldpc_cfg_file": "f0749_s11_ldpc.json"
}