{
  "frame": 629,
  "slot": 11,
  "fg_idx": 835,
  "fg_mtime": 1764948396.7724254,
  "tx_idx": 1258,
  "tx_mtime": 1764948396.7704256,
  "llr_idx": 835,
  "llr_mtime": 1764948396.7724254,
  "rnti": 4660,
  "fullgrid_file": "f0629_s11_fullgrid_idx000835.bin",
  "txbits_file": "f0629_s11_txbits_idx001258_rnti04660.bin",
  "llr_file": "f0629_s11_llr_idx000835.bin",
  "ldpc_cfg_file": "f0629_s11_ldpc.json"
}