{
  "frame": 623,
  "slot": 1,
  "fg_idx": 822,
  "fg_mtime": 1764948396.7434266,
  "tx_idx": 1245,
  "tx_mtime": 1764948396.7414265,
  "llr_idx": 822,
  "llr_mtime": 1764948396.7434266,
  "rnti": 4660,
  "fullgrid_file": "f0623_s01_fullgrid_idx000822.bin",
  "txbits_file": "f0623_s01_txbits_idx001245_rnti04660.bin",
  "llr_file": "f0623_s01_llr_idx000822.bin",
  "ldpc_cfg_file": "f0623_s01_ldpc.json"
}