{
  "frame": 575,
  "slot": 11,
  "fg_idx": 727,
  "fg_mtime": 1764948396.5424342,
  "tx_idx": 1150,
  "tx_mtime": 1764948396.5404344,
  "llr_idx": 727,
  "llr_mtime": 1764948396.5424342,
  "rnti": 4660,
  "fullgrid_file": "f0575_s11_fullgrid_idx000727.bin",
  "txbits_file": "f0575_s11_txbits_idx001150_rnti04660.bin",
  "llr_file": "f0575_s11_llr_idx000727.bin",
  "ldpc_cfg_file": "f0575_s11_ldpc.json"
}