{
  "frame": 454,
  "slot": 1,
  "fg_idx": 484,
  "fg_mtime": 1764948395.971456,
  "tx_idx": 907,
  "tx_mtime": 1764948395.9694562,
  "llr_idx": 484,
  "llr_mtime": 1764948395.971456,
  "rnti": 4660,
  "fullgrid_file": "f0454_s01_fullgrid_idx000484.bin",
  "txbits_file": "f0454_s01_txbits_idx000907_rnti04660.bin",
  "llr_file": "f0454_s01_llr_idx000484.bin",
  "ldpc_cfg_file": "f0454_s01_ldpc.json"
}