{
  "frame": 545,
  "slot": 1,
  "fg_idx": 666,
  "fg_mtime": 1764948396.4094393,
  "tx_idx": 1089,
  "tx_mtime": 1764948396.4084394,
  "llr_idx": 666,
  "llr_mtime": 1764948396.4094393,
  "rnti": 4660,
  "fullgrid_file": "f0545_s01_fullgrid_idx000666.bin",
  "txbits_file": "f0545_s01_txbits_idx001089_rnti04660.bin",
  "llr_file": "f0545_s01_llr_idx000666.bin",
  "ldpc_cfg_file": "f0545_s01_ldpc.json"
}