{
  "frame": 836,
  "slot": 1,
  "fg_idx": 1248,
  "fg_mtime": 1764948397.7003899,
  "tx_idx": 1671,
  "tx_mtime": 1764948397.69939,
  "llr_idx": 1248,
  "llr_mtime": 1764948397.7013898,
  "rnti": 4660,
  "fullgrid_file": "f0836_s01_fullgrid_idx001248.bin",
  "txbits_file": "f0836_s01_txbits_idx001671_rnti04660.bin",
  "llr_file": "f0836_s01_llr_idx001248.bin",
  "ldpc_cfg_file": "f0836_s01_ldpc.json"
}