{
  "frame": 653,
  "slot": 11,
  "fg_idx": 883,
  "fg_mtime": 1764948396.8714216,
  "tx_idx": 1306,
  "tx_mtime": 1764948396.8694217,
  "llr_idx": 883,
  "llr_mtime": 1764948396.8724215,
  "rnti": 4660,
  "fullgrid_file": "f0653_s11_fullgrid_idx000883.bin",
  "txbits_file": "f0653_s11_txbits_idx001306_rnti04660.bin",
  "llr_file": "f0653_s11_llr_idx000883.bin",
  "ldpc_cfg_file": "f0653_s11_ldpc.json"
}