{
  "frame": 596,
  "slot": 1,
  "fg_idx": 768,
  "fg_mtime": 1764948396.626431,
  "tx_idx": 1191,
  "tx_mtime": 1764948396.625431,
  "llr_idx": 768,
  "llr_mtime": 1764948396.627431,
  "rnti": 4660,
  "fullgrid_file": "f0596_s01_fullgrid_idx000768.bin",
  "txbits_file": "f0596_s01_txbits_idx001191_rnti04660.bin",
  "llr_file": "f0596_s01_llr_idx000768.bin",
  "ldpc_cfg_file": "f0596_s01_ldpc.json"
}