{
  "frame": 411,
  "slot": 11,
  "fg_idx": 399,
  "fg_mtime": 1764948395.7774637,
  "tx_idx": 822,
  "tx_mtime": 1764948395.7764637,
  "llr_idx": 399,
  "llr_mtime": 1764948395.7784636,
  "rnti": 4660,
  "fullgrid_file": "f0411_s11_fullgrid_idx000399.bin",
  "txbits_file": "f0411_s11_txbits_idx000822_rnti04660.bin",
  "llr_file": "f0411_s11_llr_idx000399.bin",
  "ldpc_cfg_file": "f0411_s11_ldpc.json"
}