{
  "frame": 587,
  "slot": 11,
  "fg_idx": 751,
  "fg_mtime": 1764948396.5914323,
  "tx_idx": 1174,
  "tx_mtime": 1764948396.5904324,
  "llr_idx": 751,
  "llr_mtime": 1764948396.5914323,
  "rnti": 4660,
  "fullgrid_file": "f0587_s11_fullgrid_idx000751.bin",
  "txbits_file": "f0587_s11_txbits_idx001174_rnti04660.bin",
  "llr_file": "f0587_s11_llr_idx000751.bin",
  "ldpc_cfg_file": "f0587_s11_ldpc.json"
}