{
  "frame": 233,
  "slot": 11,
  "fg_idx": 43,
  "fg_mtime": 1764948394.9734945,
  "tx_idx": 466,
  "tx_mtime": 1764948394.9714947,
  "llr_idx": 43,
  "llr_mtime": 1764948394.9734945,
  "rnti": 4660,
  "fullgrid_file": "f0233_s11_fullgrid_idx000043.bin",
  "txbits_file": "f0233_s11_txbits_idx000466_rnti04660.bin",
  "llr_file": "f0233_s11_llr_idx000043.bin",
  "ldpc_cfg_file": "f0233_s11_ldpc.json"
}