{
  "frame": 384,
  "slot": 1,
  "fg_idx": 344,
  "fg_mtime": 1764948395.6524684,
  "tx_idx": 767,
  "tx_mtime": 1764948395.6514685,
  "llr_idx": 344,
  "llr_mtime": 1764948395.6524684,
  "rnti": 4660,
  "fullgrid_file": "f0384_s01_fullgrid_idx000344.bin",
  "txbits_file": "f0384_s01_txbits_idx000767_rnti04660.bin",
  "llr_file": "f0384_s01_llr_idx000344.bin",
  "ldpc_cfg_file": "f0384_s01_ldpc.json"
}