{
  "frame": 321,
  "slot": 1,
  "fg_idx": 218,
  "fg_mtime": 1764948395.3624797,
  "tx_idx": 641,
  "tx_mtime": 1764948395.3614795,
  "llr_idx": 218,
  "llr_mtime": 1764948395.3634796,
  "rnti": 4660,
  "fullgrid_file": "f0321_s01_fullgrid_idx000218.bin",
  "txbits_file": "f0321_s01_txbits_idx000641_rnti04660.bin",
  "llr_file": "f0321_s01_llr_idx000218.bin",
  "ldpc_cfg_file": "f0321_s01_ldpc.json"
}