{
  "frame": 277,
  "slot": 11,
  "fg_idx": 131,
  "fg_mtime": 1764948395.170487,
  "tx_idx": 554,
  "tx_mtime": 1764948395.168487,
  "llr_idx": 131,
  "llr_mtime": 1764948395.170487,
  "rnti": 4660,
  "fullgrid_file": "f0277_s11_fullgrid_idx000131.bin",
  "txbits_file": "f0277_s11_txbits_idx000554_rnti04660.bin",
  "llr_file": "f0277_s11_llr_idx000131.bin",
  "ldpc_cfg_file": "f0277_s11_ldpc.json"
}