{
  "frame": 258,
  "slot": 1,
  "fg_idx": 92,
  "fg_mtime": 1764948395.0794904,
  "tx_idx": 515,
  "tx_mtime": 1764948395.0784905,
  "llr_idx": 92,
  "llr_mtime": 1764948395.0794904,
  "rnti": 4660,
  "fullgrid_file": "f0258_s01_fullgrid_idx000092.bin",
  "txbits_file": "f0258_s01_txbits_idx000515_rnti04660.bin",
  "llr_file": "f0258_s01_llr_idx000092.bin",
  "ldpc_cfg_file": "f0258_s01_ldpc.json"
}