{
  "frame": 235,
  "slot": 11,
  "fg_idx": 47,
  "fg_mtime": 1764948394.9824944,
  "tx_idx": 470,
  "tx_mtime": 1764948394.9804943,
  "llr_idx": 47,
  "llr_mtime": 1764948394.9824944,
  "rnti": 4660,
  "fullgrid_file": "f0235_s11_fullgrid_idx000047.bin",
  "txbits_file": "f0235_s11_txbits_idx000470_rnti04660.bin",
  "llr_file": "f0235_s11_llr_idx000047.bin",
  "ldpc_cfg_file": "f0235_s11_ldpc.json"
}