{
  "frame": 511,
  "slot": 1,
  "fg_idx": 598,
  "fg_mtime": 1764948396.2334461,
  "tx_idx": 1021,
  "tx_mtime": 1764948396.2324462,
  "llr_idx": 598,
  "llr_mtime": 1764948396.2334461,
  "rnti": 4660,
  "fullgrid_file": "f0511_s01_fullgrid_idx000598.bin",
  "txbits_file": "f0511_s01_txbits_idx001021_rnti04660.bin",
  "llr_file": "f0511_s01_llr_idx000598.bin",
  "ldpc_cfg_file": "f0511_s01_ldpc.json"
}