{
  "frame": 733,
  "slot": 11,
  "fg_idx": 1043,
  "fg_mtime": 1764948397.2244081,
  "tx_idx": 1466,
  "tx_mtime": 1764948397.223408,
  "llr_idx": 1043,
  "llr_mtime": 1764948397.2244081,
  "rnti": 4660,
  "fullgrid_file": "f0733_s11_fullgrid_idx001043.bin",
  "txbits_file": "f0733_s11_txbits_idx001466_rnti04660.bin",
  "llr_file": "f0733_s11_llr_idx001043.bin",
  "ldpc_cfg_file": "f0733_s11_ldpc.json"
}