{
  "frame": 752,
  "slot": 11,
  "fg_idx": 1081,
  "fg_mtime": 1764948397.3104048,
  "tx_idx": 1504,
  "tx_mtime": 1764948397.308405,
  "llr_idx": 1081,
  "llr_mtime": 1764948397.3104048,
  "rnti": 4660,
  "fullgrid_file": "f0752_s11_fullgrid_idx001081.bin",
  "txbits_file": "f0752_s11_txbits_idx001504_rnti04660.bin",
  "llr_file": "f0752_s11_llr_idx001081.bin",
  "ldpc_cfg_file": "f0752_s11_ldpc.json"
}