{
  "frame": 711,
  "slot": 1,
  "fg_idx": 998,
  "fg_mtime": 1764948397.1244118,
  "tx_idx": 1421,
  "tx_mtime": 1764948397.122412,
  "llr_idx": 998,
  "llr_mtime": 1764948397.1244118,
  "rnti": 4660,
  "fullgrid_file": "f0711_s01_fullgrid_idx000998.bin",
  "txbits_file": "f0711_s01_txbits_idx001421_rnti04660.bin",
  "llr_file": "f0711_s01_llr_idx000998.bin",
  "ldpc_cfg_file": "f0711_s01_ldpc.json"
}