{
  "frame": 538,
  "slot": 1,
  "fg_idx": 652,
  "fg_mtime": 1764948396.3794405,
  "tx_idx": 1075,
  "tx_mtime": 1764948396.3774405,
  "llr_idx": 652,
  "llr_mtime": 1764948396.3794405,
  "rnti": 4660,
  "fullgrid_file": "f0538_s01_fullgrid_idx000652.bin",
  "txbits_file": "f0538_s01_txbits_idx001075_rnti04660.bin",
  "llr_file": "f0538_s01_llr_idx000652.bin",
  "ldpc_cfg_file": "f0538_s01_ldpc.json"
}