{
  "frame": 577,
  "slot": 1,
  "fg_idx": 730,
  "fg_mtime": 1764948396.547434,
  "tx_idx": 1153,
  "tx_mtime": 1764948396.5464342,
  "llr_idx": 730,
  "llr_mtime": 1764948396.547434,
  "rnti": 4660,
  "fullgrid_file": "f0577_s01_fullgrid_idx000730.bin",
  "txbits_file": "f0577_s01_txbits_idx001153_rnti04660.bin",
  "llr_file": "f0577_s01_llr_idx000730.bin",
  "ldpc_cfg_file": "f0577_s01_ldpc.json"
}