{
  "frame": 276,
  "slot": 1,
  "fg_idx": 128,
  "fg_mtime": 1764948395.1634872,
  "tx_idx": 551,
  "tx_mtime": 1764948395.1614873,
  "llr_idx": 128,
  "llr_mtime": 1764948395.1634872,
  "rnti": 4660,
  "fullgrid_file": "f0276_s01_fullgrid_idx000128.bin",
  "txbits_file": "f0276_s01_txbits_idx000551_rnti04660.bin",
  "llr_file": "f0276_s01_llr_idx000128.bin",
  "ldpc_cfg_file": "f0276_s01_ldpc.json"
}