{
  "frame": 928,
  "slot": 1,
  "fg_idx": 1432,
  "fg_mtime": 1764948398.1243737,
  "tx_idx": 1855,
  "tx_mtime": 1764948398.1223736,
  "llr_idx": 1432,
  "llr_mtime": 1764948398.1243737,
  "rnti": 4660,
  "fullgrid_file": "f0928_s01_fullgrid_idx001432.bin",
  "txbits_file": "f0928_s01_txbits_idx001855_rnti04660.bin",
  "llr_file": "f0928_s01_llr_idx001432.bin",
  "ldpc_cfg_file": "f0928_s01_ldpc.json"
}