{
  "frame": 890,
  "slot": 1,
  "fg_idx": 1356,
  "fg_mtime": 1764948397.9483802,
  "tx_idx": 1779,
  "tx_mtime": 1764948397.9473803,
  "llr_idx": 1356,
  "llr_mtime": 1764948397.9493802,
  "rnti": 4660,
  "fullgrid_file": "f0890_s01_fullgrid_idx001356.bin",
  "txbits_file": "f0890_s01_txbits_idx001779_rnti04660.bin",
  "llr_file": "f0890_s01_llr_idx001356.bin",
  "ldpc_cfg_file": "f0890_s01_ldpc.json"
}