{
  "frame": 540,
  "slot": 1,
  "fg_idx": 656,
  "fg_mtime": 1764948396.3884401,
  "tx_idx": 1079,
  "tx_mtime": 1764948396.3874402,
  "llr_idx": 656,
  "llr_mtime": 1764948396.38944,
  "rnti": 4660,
  "fullgrid_file": "f0540_s01_fullgrid_idx000656.bin",
  "txbits_file": "f0540_s01_txbits_idx001079_rnti04660.bin",
  "llr_file": "f0540_s01_llr_idx000656.bin",
  "ldpc_cfg_file": "f0540_s01_ldpc.json"
}