{
  "frame": 824,
  "slot": 11,
  "fg_idx": 1225,
  "fg_mtime": 1764948397.6473918,
  "tx_idx": 1648,
  "tx_mtime": 1764948397.645392,
  "llr_idx": 1225,
  "llr_mtime": 1764948397.6473918,
  "rnti": 4660,
  "fullgrid_file": "f0824_s11_fullgrid_idx001225.bin",
  "txbits_file": "f0824_s11_txbits_idx001648_rnti04660.bin",
  "llr_file": "f0824_s11_llr_idx001225.bin",
  "ldpc_cfg_file": "f0824_s11_ldpc.json"
}