{
  "frame": 286,
  "slot": 1,
  "fg_idx": 148,
  "fg_mtime": 1764948395.2074857,
  "tx_idx": 571,
  "tx_mtime": 1764948395.2054856,
  "llr_idx": 148,
  "llr_mtime": 1764948395.2074857,
  "rnti": 4660,
  "fullgrid_file": "f0286_s01_fullgrid_idx000148.bin",
  "txbits_file": "f0286_s01_txbits_idx000571_rnti04660.bin",
  "llr_file": "f0286_s01_llr_idx000148.bin",
  "ldpc_cfg_file": "f0286_s01_ldpc.json"
}