{
  "frame": 568,
  "slot": 11,
  "fg_idx": 713,
  "fg_mtime": 1764948396.5104353,
  "tx_idx": 1136,
  "tx_mtime": 1764948396.5084355,
  "llr_idx": 713,
  "llr_mtime": 1764948396.5104353,
  "rnti": 4660,
  "fullgrid_file": "f0568_s11_fullgrid_idx000713.bin",
  "txbits_file": "f0568_s11_txbits_idx001136_rnti04660.bin",
  "llr_file": "f0568_s11_llr_idx000713.bin",
  "ldpc_cfg_file": "f0568_s11_ldpc.json"
}