{
  "frame": 604,
  "slot": 1,
  "fg_idx": 784,
  "fg_mtime": 1764948396.6614296,
  "tx_idx": 1207,
  "tx_mtime": 1764948396.6594298,
  "llr_idx": 784,
  "llr_mtime": 1764948396.6614296,
  "rnti": 4660,
  "fullgrid_file": "f0604_s01_fullgrid_idx000784.bin",
  "txbits_file": "f0604_s01_txbits_idx001207_rnti04660.bin",
  "llr_file": "f0604_s01_llr_idx000784.bin",
  "ldpc_cfg_file": "f0604_s01_ldpc.json"
}