{
  "frame": 793,
  "slot": 1,
  "fg_idx": 1162,
  "fg_mtime": 1764948397.4993975,
  "tx_idx": 1585,
  "tx_mtime": 1764948397.4973977,
  "llr_idx": 1162,
  "llr_mtime": 1764948397.4993975,
  "rnti": 4660,
  "fullgrid_file": "f0793_s01_fullgrid_idx001162.bin",
  "txbits_file": "f0793_s01_txbits_idx001585_rnti04660.bin",
  "llr_file": "f0793_s01_llr_idx001162.bin",
  "ldpc_cfg_file": "f0793_s01_ldpc.json"
}