{
  "frame": 923,
  "slot": 11,
  "fg_idx": 1423,
  "fg_mtime": 1764948398.1043744,
  "tx_idx": 1846,
  "tx_mtime": 1764948398.1023743,
  "llr_idx": 1423,
  "llr_mtime": 1764948398.1043744,
  "rnti": 4660,
  "fullgrid_file": "f0923_s11_fullgrid_idx001423.bin",
  "txbits_file": "f0923_s11_txbits_idx001846_rnti04660.bin",
  "llr_file": "f0923_s11_llr_idx001423.bin",
  "ldpc_cfg_file": "f0923_s11_ldpc.json"
}