{
  "frame": 976,
  "slot": 11,
  "fg_idx": 1529,
  "fg_mtime": 1764948398.3593645,
  "tx_idx": 1952,
  "tx_mtime": 1764948398.3583646,
  "llr_idx": 1529,
  "llr_mtime": 1764948398.3593645,
  "rnti": 4660,
  "fullgrid_file": "f0976_s11_fullgrid_idx001529.bin",
  "txbits_file": "f0976_s11_txbits_idx001952_rnti04660.bin",
  "llr_file": "f0976_s11_llr_idx001529.bin",
  "ldpc_cfg_file": "f0976_s11_ldpc.json"
}