{
  "frame": 349,
  "slot": 1,
  "fg_idx": 274,
  "fg_mtime": 1764948395.4914746,
  "tx_idx": 697,
  "tx_mtime": 1764948395.4894748,
  "llr_idx": 274,
  "llr_mtime": 1764948395.4914746,
  "rnti": 4660,
  "fullgrid_file": "f0349_s01_fullgrid_idx000274.bin",
  "txbits_file": "f0349_s01_txbits_idx000697_rnti04660.bin",
  "llr_file": "f0349_s01_llr_idx000274.bin",
  "ldpc_cfg_file": "f0349_s01_ldpc.json"
}