{
  "frame": 367,
  "slot": 11,
  "fg_idx": 311,
  "fg_mtime": 1764948395.5764713,
  "tx_idx": 734,
  "tx_mtime": 1764948395.5744715,
  "llr_idx": 311,
  "llr_mtime": 1764948395.5764713,
  "rnti": 4660,
  "fullgrid_file": "f0367_s11_fullgrid_idx000311.bin",
  "txbits_file": "f0367_s11_txbits_idx000734_rnti04660.bin",
  "llr_file": "f0367_s11_llr_idx000311.bin",
  "ldpc_cfg_file": "f0367_s11_ldpc.json"
}