{
  "frame": 259,
  "slot": 11,
  "fg_idx": 95,
  "fg_mtime": 1764948395.0864902,
  "tx_idx": 518,
  "tx_mtime": 1764948395.0844903,
  "llr_idx": 95,
  "llr_mtime": 1764948395.0864902,
  "rnti": 4660,
  "fullgrid_file": "f0259_s11_fullgrid_idx000095.bin",
  "txbits_file": "f0259_s11_txbits_idx000518_rnti04660.bin",
  "llr_file": "f0259_s11_llr_idx000095.bin",
  "ldpc_cfg_file": "f0259_s11_ldpc.json"
}