{
  "frame": 785,
  "slot": 1,
  "fg_idx": 1146,
  "fg_mtime": 1764948397.462399,
  "tx_idx": 1569,
  "tx_mtime": 1764948397.459399,
  "llr_idx": 1146,
  "llr_mtime": 1764948397.462399,
  "rnti": 4660,
  "fullgrid_file": "f0785_s01_fullgrid_idx001146.bin",
  "txbits_file": "f0785_s01_txbits_idx001569_rnti04660.bin",
  "llr_file": "f0785_s01_llr_idx001146.bin",
  "ldpc_cfg_file": "f0785_s01_ldpc.json"
}