{
  "frame": 217,
  "slot": 11,
  "fg_idx": 11,
  "fg_mtime": 1764948394.9074972,
  "tx_idx": 434,
  "tx_mtime": 1764948394.9054973,
  "llr_idx": 11,
  "llr_mtime": 1764948394.9074972,
  "rnti": 4660,
  "fullgrid_file": "f0217_s11_fullgrid_idx000011.bin",
  "txbits_file": "f0217_s11_txbits_idx000434_rnti04660.bin",
  "llr_file": "f0217_s11_llr_idx000011.bin",
  "ldpc_cfg_file": "f0217_s11_ldpc.json"
}