{
  "frame": 992,
  "slot": 1,
  "fg_idx": 1560,
  "fg_mtime": 1764948398.4373617,
  "tx_idx": 1983,
  "tx_mtime": 1764948398.4353616,
  "llr_idx": 1560,
  "llr_mtime": 1764948398.4373617,
  "rnti": 4660,
  "fullgrid_file": "f0992_s01_fullgrid_idx001560.bin",
  "txbits_file": "f0992_s01_txbits_idx001983_rnti04660.bin",
  "llr_file": "f0992_s01_llr_idx001560.bin",
  "ldpc_cfg_file": "f0992_s01_ldpc.json"
}