{
  "frame": 586,
  "slot": 1,
  "fg_idx": 748,
  "fg_mtime": 1764948396.5844326,
  "tx_idx": 1171,
  "tx_mtime": 1764948396.5834327,
  "llr_idx": 748,
  "llr_mtime": 1764948396.5854325,
  "rnti": 4660,
  "fullgrid_file": "f0586_s01_fullgrid_idx000748.bin",
  "txbits_file": "f0586_s01_txbits_idx001171_rnti04660.bin",
  "llr_file": "f0586_s01_llr_idx000748.bin",
  "ldpc_cfg_file": "f0586_s01_ldpc.json"
}