{
  "frame": 248,
  "slot": 11,
  "fg_idx": 73,
  "fg_mtime": 1764948395.036492,
  "tx_idx": 496,
  "tx_mtime": 1764948395.0354922,
  "llr_idx": 73,
  "llr_mtime": 1764948395.037492,
  "rnti": 4660,
  "fullgrid_file": "f0248_s11_fullgrid_idx000073.bin",
  "txbits_file": "f0248_s11_txbits_idx000496_rnti04660.bin",
  "llr_file": "f0248_s11_llr_idx000073.bin",
  "ldpc_cfg_file": "f0248_s11_ldpc.json"
}