{
  "frame": 374,
  "slot": 11,
  "fg_idx": 325,
  "fg_mtime": 1764948395.6084702,
  "tx_idx": 748,
  "tx_mtime": 1764948395.6074703,
  "llr_idx": 325,
  "llr_mtime": 1764948395.6084702,
  "rnti": 4660,
  "fullgrid_file": "f0374_s11_fullgrid_idx000325.bin",
  "txbits_file": "f0374_s11_txbits_idx000748_rnti04660.bin",
  "llr_file": "f0374_s11_llr_idx000325.bin",
  "ldpc_cfg_file": "f0374_s11_ldpc.json"
}