{
  "frame": 316,
  "slot": 11,
  "fg_idx": 209,
  "fg_mtime": 1764948395.3414805,
  "tx_idx": 632,
  "tx_mtime": 1764948395.3404806,
  "llr_idx": 209,
  "llr_mtime": 1764948395.3414805,
  "rnti": 4660,
  "fullgrid_file": "f0316_s11_fullgrid_idx000209.bin",
  "txbits_file": "f0316_s11_txbits_idx000632_rnti04660.bin",
  "llr_file": "f0316_s11_llr_idx000209.bin",
  "ldpc_cfg_file": "f0316_s11_ldpc.json"
}