{
  "frame": 403,
  "slot": 1,
  "fg_idx": 382,
  "fg_mtime": 1764948395.739465,
  "tx_idx": 805,
  "tx_mtime": 1764948395.7374651,
  "llr_idx": 382,
  "llr_mtime": 1764948395.739465,
  "rnti": 4660,
  "fullgrid_file": "f0403_s01_fullgrid_idx000382.bin",
  "txbits_file": "f0403_s01_txbits_idx000805_rnti04660.bin",
  "llr_file": "f0403_s01_llr_idx000382.bin",
  "ldpc_cfg_file": "f0403_s01_ldpc.json"
}