{
  "frame": 887,
  "slot": 1,
  "fg_idx": 1350,
  "fg_mtime": 1764948397.9353807,
  "tx_idx": 1773,
  "tx_mtime": 1764948397.9333808,
  "llr_idx": 1350,
  "llr_mtime": 1764948397.9353807,
  "rnti": 4660,
  "fullgrid_file": "f0887_s01_fullgrid_idx001350.bin",
  "txbits_file": "f0887_s01_txbits_idx001773_rnti04660.bin",
  "llr_file": "f0887_s01_llr_idx001350.bin",
  "ldpc_cfg_file": "f0887_s01_ldpc.json"
}