{
  "frame": 277,
  "slot": 1,
  "fg_idx": 130,
  "fg_mtime": 1764948395.1674871,
  "tx_idx": 553,
  "tx_mtime": 1764948395.1664872,
  "llr_idx": 130,
  "llr_mtime": 1764948395.168487,
  "rnti": 4660,
  "fullgrid_file": "f0277_s01_fullgrid_idx000130.bin",
  "txbits_file": "f0277_s01_txbits_idx000553_rnti04660.bin",
  "llr_file": "f0277_s01_llr_idx000130.bin",
  "ldpc_cfg_file": "f0277_s01_ldpc.json"
}