{
  "frame": 630,
  "slot": 1,
  "fg_idx": 836,
  "fg_mtime": 1764948396.7744253,
  "tx_idx": 1259,
  "tx_mtime": 1764948396.7724254,
  "llr_idx": 836,
  "llr_mtime": 1764948396.7744253,
  "rnti": 4660,
  "fullgrid_file": "f0630_s01_fullgrid_idx000836.bin",
  "txbits_file": "f0630_s01_txbits_idx001259_rnti04660.bin",
  "llr_file": "f0630_s01_llr_idx000836.bin",
  "ldpc_cfg_file": "f0630_s01_ldpc.json"
}