{
  "frame": 435,
  "slot": 1,
  "fg_idx": 446,
  "fg_mtime": 1764948395.8854594,
  "tx_idx": 869,
  "tx_mtime": 1764948395.8844595,
  "llr_idx": 446,
  "llr_mtime": 1764948395.8854594,
  "rnti": 4660,
  "fullgrid_file": "f0435_s01_fullgrid_idx000446.bin",
  "txbits_file": "f0435_s01_txbits_idx000869_rnti04660.bin",
  "llr_file": "f0435_s01_llr_idx000446.bin",
  "ldpc_cfg_file": "f0435_s01_ldpc.json"
}