{
  "frame": 747,
  "slot": 1,
  "fg_idx": 1070,
  "fg_mtime": 1764948397.2844057,
  "tx_idx": 1493,
  "tx_mtime": 1764948397.2834058,
  "llr_idx": 1070,
  "llr_mtime": 1764948397.2844057,
  "rnti": 4660,
  "fullgrid_file": "f0747_s01_fullgrid_idx001070.bin",
  "txbits_file": "f0747_s01_txbits_idx001493_rnti04660.bin",
  "llr_file": "f0747_s01_llr_idx001070.bin",
  "ldpc_cfg_file": "f0747_s01_ldpc.json"
}