{
  "frame": 863,
  "slot": 11,
  "fg_idx": 1303,
  "fg_mtime": 1764948397.826385,
  "tx_idx": 1726,
  "tx_mtime": 1764948397.825385,
  "llr_idx": 1303,
  "llr_mtime": 1764948397.827385,
  "rnti": 4660,
  "fullgrid_file": "f0863_s11_fullgrid_idx001303.bin",
  "txbits_file": "f0863_s11_txbits_idx001726_rnti04660.bin",
  "llr_file": "f0863_s11_llr_idx001303.bin",
  "ldpc_cfg_file": "f0863_s11_ldpc.json"
}