{
  "frame": 922,
  "slot": 11,
  "fg_idx": 1421,
  "fg_mtime": 1764948398.0993745,
  "tx_idx": 1844,
  "tx_mtime": 1764948398.0973747,
  "llr_idx": 1421,
  "llr_mtime": 1764948398.0993745,
  "rnti": 4660,
  "fullgrid_file": "f0922_s11_fullgrid_idx001421.bin",
  "txbits_file": "f0922_s11_txbits_idx001844_rnti04660.bin",
  "llr_file": "f0922_s11_llr_idx001421.bin",
  "ldpc_cfg_file": "f0922_s11_ldpc.json"
}