{
  "frame": 781,
  "slot": 1,
  "fg_idx": 1138,
  "fg_mtime": 1764948397.4423997,
  "tx_idx": 1561,
  "tx_mtime": 1764948397.4413998,
  "llr_idx": 1138,
  "llr_mtime": 1764948397.4433997,
  "rnti": 4660,
  "fullgrid_file": "f0781_s01_fullgrid_idx001138.bin",
  "txbits_file": "f0781_s01_txbits_idx001561_rnti04660.bin",
  "llr_file": "f0781_s01_llr_idx001138.bin",
  "ldpc_cfg_file": "f0781_s01_ldpc.json"
}