{
  "frame": 582,
  "slot": 11,
  "fg_idx": 741,
  "fg_mtime": 1764948396.571433,
  "tx_idx": 1164,
  "tx_mtime": 1764948396.5694332,
  "llr_idx": 741,
  "llr_mtime": 1764948396.571433,
  "rnti": 4660,
  "fullgrid_file": "f0582_s11_fullgrid_idx000741.bin",
  "txbits_file": "f0582_s11_txbits_idx001164_rnti04660.bin",
  "llr_file": "f0582_s11_llr_idx000741.bin",
  "ldpc_cfg_file": "f0582_s11_ldpc.json"
}