{
  "frame": 215,
  "slot": 11,
  "fg_idx": 7,
  "fg_mtime": 1764948394.8994975,
  "tx_idx": 430,
  "tx_mtime": 1764948394.8984976,
  "llr_idx": 7,
  "llr_mtime": 1764948394.9004974,
  "rnti": 4660,
  "fullgrid_file": "f0215_s11_fullgrid_idx000007.bin",
  "txbits_file": "f0215_s11_txbits_idx000430_rnti04660.bin",
  "llr_file": "f0215_s11_llr_idx000007.bin",
  "ldpc_cfg_file": "f0215_s11_ldpc.json"
}