{
  "frame": 935,
  "slot": 1,
  "fg_idx": 1446,
  "fg_mtime": 1764948398.1573722,
  "tx_idx": 1869,
  "tx_mtime": 1764948398.1563723,
  "llr_idx": 1446,
  "llr_mtime": 1764948398.1573722,
  "rnti": 4660,
  "fullgrid_file": "f0935_s01_fullgrid_idx001446.bin",
  "txbits_file": "f0935_s01_txbits_idx001869_rnti04660.bin",
  "llr_file": "f0935_s01_llr_idx001446.bin",
  "ldpc_cfg_file": "f0935_s01_ldpc.json"
}