{
  "frame": 327,
  "slot": 1,
  "fg_idx": 230,
  "fg_mtime": 1764948395.3894784,
  "tx_idx": 653,
  "tx_mtime": 1764948395.3884785,
  "llr_idx": 230,
  "llr_mtime": 1764948395.3894784,
  "rnti": 4660,
  "fullgrid_file": "f0327_s01_fullgrid_idx000230.bin",
  "txbits_file": "f0327_s01_txbits_idx000653_rnti04660.bin",
  "llr_file": "f0327_s01_llr_idx000230.bin",
  "ldpc_cfg_file": "f0327_s01_ldpc.json"
}