{
  "frame": 415,
  "slot": 1,
  "fg_idx": 406,
  "fg_mtime": 1764948395.794463,
  "tx_idx": 829,
  "tx_mtime": 1764948395.792463,
  "llr_idx": 406,
  "llr_mtime": 1764948395.794463,
  "rnti": 4660,
  "fullgrid_file": "f0415_s01_fullgrid_idx000406.bin",
  "txbits_file": "f0415_s01_txbits_idx000829_rnti04660.bin",
  "llr_file": "f0415_s01_llr_idx000406.bin",
  "ldpc_cfg_file": "f0415_s01_ldpc.json"
}