{
  "frame": 812,
  "slot": 11,
  "fg_idx": 1201,
  "fg_mtime": 1764948397.591394,
  "tx_idx": 1624,
  "tx_mtime": 1764948397.590394,
  "llr_idx": 1201,
  "llr_mtime": 1764948397.591394,
  "rnti": 4660,
  "fullgrid_file": "f0812_s11_fullgrid_idx001201.bin",
  "txbits_file": "f0812_s11_txbits_idx001624_rnti04660.bin",
  "llr_file": "f0812_s11_llr_idx001201.bin",
  "ldpc_cfg_file": "f0812_s11_ldpc.json"
}