{
  "frame": 518,
  "slot": 11,
  "fg_idx": 613,
  "fg_mtime": 1764948396.2684448,
  "tx_idx": 1036,
  "tx_mtime": 1764948396.266445,
  "llr_idx": 613,
  "llr_mtime": 1764948396.2684448,
  "rnti": 4660,
  "fullgrid_file": "f0518_s11_fullgrid_idx000613.bin",
  "txbits_file": "f0518_s11_txbits_idx001036_rnti04660.bin",
  "llr_file": "f0518_s11_llr_idx000613.bin",
  "ldpc_cfg_file": "f0518_s11_ldpc.json"
}