{
  "frame": 512,
  "slot": 1,
  "fg_idx": 600,
  "fg_mtime": 1764948396.2374458,
  "tx_idx": 1023,
  "tx_mtime": 1764948396.236446,
  "llr_idx": 600,
  "llr_mtime": 1764948396.238446,
  "rnti": 4660,
  "fullgrid_file": "f0512_s01_fullgrid_idx000600.bin",
  "txbits_file": "f0512_s01_txbits_idx001023_rnti04660.bin",
  "llr_file": "f0512_s01_llr_idx000600.bin",
  "ldpc_cfg_file": "f0512_s01_ldpc.json"
}