{
  "frame": 707,
  "slot": 11,
  "fg_idx": 991,
  "fg_mtime": 1764948397.1094124,
  "tx_idx": 1414,
  "tx_mtime": 1764948397.1084125,
  "llr_idx": 991,
  "llr_mtime": 1764948397.1094124,
  "rnti": 4660,
  "fullgrid_file": "f0707_s11_fullgrid_idx000991.bin",
  "txbits_file": "f0707_s11_txbits_idx001414_rnti04660.bin",
  "llr_file": "f0707_s11_llr_idx000991.bin",
  "ldpc_cfg_file": "f0707_s11_ldpc.json"
}