{
  "frame": 915,
  "slot": 1,
  "fg_idx": 1406,
  "fg_mtime": 1764948398.0643759,
  "tx_idx": 1829,
  "tx_mtime": 1764948398.063376,
  "llr_idx": 1406,
  "llr_mtime": 1764948398.0653758,
  "rnti": 4660,
  "fullgrid_file": "f0915_s01_fullgrid_idx001406.bin",
  "txbits_file": "f0915_s01_txbits_idx001829_rnti04660.bin",
  "llr_file": "f0915_s01_llr_idx001406.bin",
  "ldpc_cfg_file": "f0915_s01_ldpc.json"
}