{
  "frame": 342,
  "slot": 1,
  "fg_idx": 260,
  "fg_mtime": 1764948395.4594758,
  "tx_idx": 683,
  "tx_mtime": 1764948395.4584758,
  "llr_idx": 260,
  "llr_mtime": 1764948395.460476,
  "rnti": 4660,
  "fullgrid_file": "f0342_s01_fullgrid_idx000260.bin",
  "txbits_file": "f0342_s01_txbits_idx000683_rnti04660.bin",
  "llr_file": "f0342_s01_llr_idx000260.bin",
  "ldpc_cfg_file": "f0342_s01_ldpc.json"
}