{
  "frame": 360,
  "slot": 11,
  "fg_idx": 297,
  "fg_mtime": 1764948395.5444727,
  "tx_idx": 720,
  "tx_mtime": 1764948395.5424726,
  "llr_idx": 297,
  "llr_mtime": 1764948395.5444727,
  "rnti": 4660,
  "fullgrid_file": "f0360_s11_fullgrid_idx000297.bin",
  "txbits_file": "f0360_s11_txbits_idx000720_rnti04660.bin",
  "llr_file": "f0360_s11_llr_idx000297.bin",
  "ldpc_cfg_file": "f0360_s11_ldpc.json"
}