{
  "frame": 490,
  "slot": 1,
  "fg_idx": 556,
  "fg_mtime": 1764948396.13545,
  "tx_idx": 979,
  "tx_mtime": 1764948396.13345,
  "llr_idx": 556,
  "llr_mtime": 1764948396.13545,
  "rnti": 4660,
  "fullgrid_file": "f0490_s01_fullgrid_idx000556.bin",
  "txbits_file": "f0490_s01_txbits_idx000979_rnti04660.bin",
  "llr_file": "f0490_s01_llr_idx000556.bin",
  "ldpc_cfg_file": "f0490_s01_ldpc.json"
}