{
  "frame": 470,
  "slot": 1,
  "fg_idx": 516,
  "fg_mtime": 1764948396.0444534,
  "tx_idx": 939,
  "tx_mtime": 1764948396.0434535,
  "llr_idx": 516,
  "llr_mtime": 1764948396.0454533,
  "rnti": 4660,
  "fullgrid_file": "f0470_s01_fullgrid_idx000516.bin",
  "txbits_file": "f0470_s01_txbits_idx000939_rnti04660.bin",
  "llr_file": "f0470_s01_llr_idx000516.bin",
  "ldpc_cfg_file": "f0470_s01_ldpc.json"
}