{
  "frame": 433,
  "slot": 11,
  "fg_idx": 443,
  "fg_mtime": 1764948395.8794596,
  "tx_idx": 866,
  "tx_mtime": 1764948395.8784597,
  "llr_idx": 443,
  "llr_mtime": 1764948395.8794596,
  "rnti": 4660,
  "fullgrid_file": "f0433_s11_fullgrid_idx000443.bin",
  "txbits_file": "f0433_s11_txbits_idx000866_rnti04660.bin",
  "llr_file": "f0433_s11_llr_idx000443.bin",
  "ldpc_cfg_file": "f0433_s11_ldpc.json"
}