{
  "frame": 566,
  "slot": 11,
  "fg_idx": 709,
  "fg_mtime": 1764948396.5024357,
  "tx_idx": 1132,
  "tx_mtime": 1764948396.5014358,
  "llr_idx": 709,
  "llr_mtime": 1764948396.5024357,
  "rnti": 4660,
  "fullgrid_file": "f0566_s11_fullgrid_idx000709.bin",
  "txbits_file": "f0566_s11_txbits_idx001132_rnti04660.bin",
  "llr_file": "f0566_s11_llr_idx000709.bin",
  "ldpc_cfg_file": "f0566_s11_ldpc.json"
}