{
  "frame": 934,
  "slot": 11,
  "fg_idx": 1445,
  "fg_mtime": 1764948398.1553724,
  "tx_idx": 1868,
  "tx_mtime": 1764948398.1533725,
  "llr_idx": 1445,
  "llr_mtime": 1764948398.1553724,
  "rnti": 4660,
  "fullgrid_file": "f0934_s11_fullgrid_idx001445.bin",
  "txbits_file": "f0934_s11_txbits_idx001868_rnti04660.bin",
  "llr_file": "f0934_s11_llr_idx001445.bin",
  "ldpc_cfg_file": "f0934_s11_ldpc.json"
}