{
  "frame": 539,
  "slot": 11,
  "fg_idx": 655,
  "fg_mtime": 1764948396.3864403,
  "tx_idx": 1078,
  "tx_mtime": 1764948396.3854403,
  "llr_idx": 655,
  "llr_mtime": 1764948396.3864403,
  "rnti": 4660,
  "fullgrid_file": "f0539_s11_fullgrid_idx000655.bin",
  "txbits_file": "f0539_s11_txbits_idx001078_rnti04660.bin",
  "llr_file": "f0539_s11_llr_idx000655.bin",
  "ldpc_cfg_file": "f0539_s11_ldpc.json"
}