{
  "frame": 220,
  "slot": 1,
  "fg_idx": 16,
  "fg_mtime": 1764948394.9184966,
  "tx_idx": 439,
  "tx_mtime": 1764948394.9164968,
  "llr_idx": 16,
  "llr_mtime": 1764948394.9184966,
  "rnti": 4660,
  "fullgrid_file": "f0220_s01_fullgrid_idx000016.bin",
  "txbits_file": "f0220_s01_txbits_idx000439_rnti04660.bin",
  "llr_file": "f0220_s01_llr_idx000016.bin",
  "ldpc_cfg_file": "f0220_s01_ldpc.json"
}