{
  "frame": 776,
  "slot": 1,
  "fg_idx": 1128,
  "fg_mtime": 1764948397.4194005,
  "tx_idx": 1551,
  "tx_mtime": 1764948397.4184005,
  "llr_idx": 1128,
  "llr_mtime": 1764948397.4204006,
  "rnti": 4660,
  "fullgrid_file": "f0776_s01_fullgrid_idx001128.bin",
  "txbits_file": "f0776_s01_txbits_idx001551_rnti04660.bin",
  "llr_file": "f0776_s01_llr_idx001128.bin",
  "ldpc_cfg_file": "f0776_s01_ldpc.json"
}