{
  "frame": 848,
  "slot": 1,
  "fg_idx": 1272,
  "fg_mtime": 1764948397.7563877,
  "tx_idx": 1695,
  "tx_mtime": 1764948397.7543876,
  "llr_idx": 1272,
  "llr_mtime": 1764948397.7563877,
  "rnti": 4660,
  "fullgrid_file": "f0848_s01_fullgrid_idx001272.bin",
  "txbits_file": "f0848_s01_txbits_idx001695_rnti04660.bin",
  "llr_file": "f0848_s01_llr_idx001272.bin",
  "ldpc_cfg_file": "f0848_s01_ldpc.json"
}