{
  "frame": 748,
  "slot": 1,
  "fg_idx": 1072,
  "fg_mtime": 1764948397.2894056,
  "tx_idx": 1495,
  "tx_mtime": 1764948397.2874057,
  "llr_idx": 1072,
  "llr_mtime": 1764948397.2894056,
  "rnti": 4660,
  "fullgrid_file": "f0748_s01_fullgrid_idx001072.bin",
  "txbits_file": "f0748_s01_txbits_idx001495_rnti04660.bin",
  "llr_file": "f0748_s01_llr_idx001072.bin",
  "ldpc_cfg_file": "f0748_s01_ldpc.json"
}