{
  "frame": 465,
  "slot": 1,
  "fg_idx": 506,
  "fg_mtime": 1764948396.0214543,
  "tx_idx": 929,
  "tx_mtime": 1764948396.0194542,
  "llr_idx": 506,
  "llr_mtime": 1764948396.0214543,
  "rnti": 4660,
  "fullgrid_file": "f0465_s01_fullgrid_idx000506.bin",
  "txbits_file": "f0465_s01_txbits_idx000929_rnti04660.bin",
  "llr_file": "f0465_s01_llr_idx000506.bin",
  "ldpc_cfg_file": "f0465_s01_ldpc.json"
}