{
  "frame": 590,
  "slot": 1,
  "fg_idx": 756,
  "fg_mtime": 1764948396.602432,
  "tx_idx": 1179,
  "tx_mtime": 1764948396.600432,
  "llr_idx": 756,
  "llr_mtime": 1764948396.602432,
  "rnti": 4660,
  "fullgrid_file": "f0590_s01_fullgrid_idx000756.bin",
  "txbits_file": "f0590_s01_txbits_idx001179_rnti04660.bin",
  "llr_file": "f0590_s01_llr_idx000756.bin",
  "ldpc_cfg_file": "f0590_s01_ldpc.json"
}