{
  "frame": 484,
  "slot": 1,
  "fg_idx": 544,
  "fg_mtime": 1764948396.108451,
  "tx_idx": 967,
  "tx_mtime": 1764948396.106451,
  "llr_idx": 544,
  "llr_mtime": 1764948396.108451,
  "rnti": 4660,
  "fullgrid_file": "f0484_s01_fullgrid_idx000544.bin",
  "txbits_file": "f0484_s01_txbits_idx000967_rnti04660.bin",
  "llr_file": "f0484_s01_llr_idx000544.bin",
  "ldpc_cfg_file": "f0484_s01_ldpc.json"
}