{
  "frame": 874,
  "slot": 11,
  "fg_idx": 1325,
  "fg_mtime": 1764948397.876383,
  "tx_idx": 1748,
  "tx_mtime": 1764948397.8743832,
  "llr_idx": 1325,
  "llr_mtime": 1764948397.876383,
  "rnti": 4660,
  "fullgrid_file": "f0874_s11_fullgrid_idx001325.bin",
  "txbits_file": "f0874_s11_txbits_idx001748_rnti04660.bin",
  "llr_file": "f0874_s11_llr_idx001325.bin",
  "ldpc_cfg_file": "f0874_s11_ldpc.json"
}