{
  "frame": 460,
  "slot": 11,
  "fg_idx": 497,
  "fg_mtime": 1764948396.0004551,
  "tx_idx": 920,
  "tx_mtime": 1764948395.999455,
  "llr_idx": 497,
  "llr_mtime": 1764948396.001455,
  "rnti": 4660,
  "fullgrid_file": "f0460_s11_fullgrid_idx000497.bin",
  "txbits_file": "f0460_s11_txbits_idx000920_rnti04660.bin",
  "llr_file": "f0460_s11_llr_idx000497.bin",
  "ldpc_cfg_file": "f0460_s11_ldpc.json"
}