{
  "frame": 739,
  "slot": 11,
  "fg_idx": 1055,
  "fg_mtime": 1764948397.250407,
  "tx_idx": 1478,
  "tx_mtime": 1764948397.249407,
  "llr_idx": 1055,
  "llr_mtime": 1764948397.251407,
  "rnti": 4660,
  "fullgrid_file": "f0739_s11_fullgrid_idx001055.bin",
  "txbits_file": "f0739_s11_txbits_idx001478_rnti04660.bin",
  "llr_file": "f0739_s11_llr_idx001055.bin",
  "ldpc_cfg_file": "f0739_s11_ldpc.json"
}