{
  "frame": 761,
  "slot": 1,
  "fg_idx": 1098,
  "fg_mtime": 1764948397.3504033,
  "tx_idx": 1521,
  "tx_mtime": 1764948397.3484032,
  "llr_idx": 1098,
  "llr_mtime": 1764948397.3504033,
  "rnti": 4660,
  "fullgrid_file": "f0761_s01_fullgrid_idx001098.bin",
  "txbits_file": "f0761_s01_txbits_idx001521_rnti04660.bin",
  "llr_file": "f0761_s01_llr_idx001098.bin",
  "ldpc_cfg_file": "f0761_s01_ldpc.json"
}