{
  "frame": 769,
  "slot": 11,
  "fg_idx": 1115,
  "fg_mtime": 1764948397.3894017,
  "tx_idx": 1538,
  "tx_mtime": 1764948397.3874018,
  "llr_idx": 1115,
  "llr_mtime": 1764948397.3894017,
  "rnti": 4660,
  "fullgrid_file": "f0769_s11_fullgrid_idx001115.bin",
  "txbits_file": "f0769_s11_txbits_idx001538_rnti04660.bin",
  "llr_file": "f0769_s11_llr_idx001115.bin",
  "ldpc_cfg_file": "f0769_s11_ldpc.json"
}