{
  "frame": 501,
  "slot": 1,
  "fg_idx": 578,
  "fg_mtime": 1764948396.1864479,
  "tx_idx": 1001,
  "tx_mtime": 1764948396.185448,
  "llr_idx": 578,
  "llr_mtime": 1764948396.1864479,
  "rnti": 4660,
  "fullgrid_file": "f0501_s01_fullgrid_idx000578.bin",
  "txbits_file": "f0501_s01_txbits_idx001001_rnti04660.bin",
  "llr_file": "f0501_s01_llr_idx000578.bin",
  "ldpc_cfg_file": "f0501_s01_ldpc.json"
}