{
  "frame": 959,
  "slot": 1,
  "fg_idx": 1494,
  "fg_mtime": 1764948398.273368,
  "tx_idx": 1917,
  "tx_mtime": 1764948398.271368,
  "llr_idx": 1494,
  "llr_mtime": 1764948398.273368,
  "rnti": 4660,
  "fullgrid_file": "f0959_s01_fullgrid_idx001494.bin",
  "txbits_file": "f0959_s01_txbits_idx001917_rnti04660.bin",
  "llr_file": "f0959_s01_llr_idx001494.bin",
  "ldpc_cfg_file": "f0959_s01_ldpc.json"
}