{
  "frame": 438,
  "slot": 1,
  "fg_idx": 452,
  "fg_mtime": 1764948395.899459,
  "tx_idx": 875,
  "tx_mtime": 1764948395.898459,
  "llr_idx": 452,
  "llr_mtime": 1764948395.899459,
  "rnti": 4660,
  "fullgrid_file": "f0438_s01_fullgrid_idx000452.bin",
  "txbits_file": "f0438_s01_txbits_idx000875_rnti04660.bin",
  "llr_file": "f0438_s01_llr_idx000452.bin",
  "ldpc_cfg_file": "f0438_s01_ldpc.json"
}