{
  "frame": 525,
  "slot": 1,
  "fg_idx": 626,
  "fg_mtime": 1764948396.2984436,
  "tx_idx": 1049,
  "tx_mtime": 1764948396.2964437,
  "llr_idx": 626,
  "llr_mtime": 1764948396.2984436,
  "rnti": 4660,
  "fullgrid_file": "f0525_s01_fullgrid_idx000626.bin",
  "txbits_file": "f0525_s01_txbits_idx001049_rnti04660.bin",
  "llr_file": "f0525_s01_llr_idx000626.bin",
  "ldpc_cfg_file": "f0525_s01_ldpc.json"
}