{
  "frame": 391,
  "slot": 1,
  "fg_idx": 358,
  "fg_mtime": 1764948395.6844673,
  "tx_idx": 781,
  "tx_mtime": 1764948395.6824672,
  "llr_idx": 358,
  "llr_mtime": 1764948395.6844673,
  "rnti": 4660,
  "fullgrid_file": "f0391_s01_fullgrid_idx000358.bin",
  "txbits_file": "f0391_s01_txbits_idx000781_rnti04660.bin",
  "llr_file": "f0391_s01_llr_idx000358.bin",
  "ldpc_cfg_file": "f0391_s01_ldpc.json"
}