{
  "frame": 635,
  "slot": 1,
  "fg_idx": 846,
  "fg_mtime": 1764948396.7944245,
  "tx_idx": 1269,
  "tx_mtime": 1764948396.7924247,
  "llr_idx": 846,
  "llr_mtime": 1764948396.7944245,
  "rnti": 4660,
  "fullgrid_file": "f0635_s01_fullgrid_idx000846.bin",
  "txbits_file": "f0635_s01_txbits_idx001269_rnti04660.bin",
  "llr_file": "f0635_s01_llr_idx000846.bin",
  "ldpc_cfg_file": "f0635_s01_ldpc.json"
}