{
  "frame": 390,
  "slot": 1,
  "fg_idx": 356,
  "fg_mtime": 1764948395.6794674,
  "tx_idx": 779,
  "tx_mtime": 1764948395.6774676,
  "llr_idx": 356,
  "llr_mtime": 1764948395.6794674,
  "rnti": 4660,
  "fullgrid_file": "f0390_s01_fullgrid_idx000356.bin",
  "txbits_file": "f0390_s01_txbits_idx000779_rnti04660.bin",
  "llr_file": "f0390_s01_llr_idx000356.bin",
  "ldpc_cfg_file": "f0390_s01_ldpc.json"
}