{
  "frame": 427,
  "slot": 11,
  "fg_idx": 431,
  "fg_mtime": 1764948395.8524606,
  "tx_idx": 854,
  "tx_mtime": 1764948395.8504608,
  "llr_idx": 431,
  "llr_mtime": 1764948395.8524606,
  "rnti": 4660,
  "fullgrid_file": "f0427_s11_fullgrid_idx000431.bin",
  "txbits_file": "f0427_s11_txbits_idx000854_rnti04660.bin",
  "llr_file": "f0427_s11_llr_idx000431.bin",
  "ldpc_cfg_file": "f0427_s11_ldpc.json"
}