{
  "frame": 613,
  "slot": 1,
  "fg_idx": 802,
  "fg_mtime": 1764948396.7014282,
  "tx_idx": 1225,
  "tx_mtime": 1764948396.7004282,
  "llr_idx": 802,
  "llr_mtime": 1764948396.7014282,
  "rnti": 4660,
  "fullgrid_file": "f0613_s01_fullgrid_idx000802.bin",
  "txbits_file": "f0613_s01_txbits_idx001225_rnti04660.bin",
  "llr_file": "f0613_s01_llr_idx000802.bin",
  "ldpc_cfg_file": "f0613_s01_ldpc.json"
}