{
  "frame": 408,
  "slot": 11,
  "fg_idx": 393,
  "fg_mtime": 1764948395.7634642,
  "tx_idx": 816,
  "tx_mtime": 1764948395.761464,
  "llr_idx": 393,
  "llr_mtime": 1764948395.7634642,
  "rnti": 4660,
  "fullgrid_file": "f0408_s11_fullgrid_idx000393.bin",
  "txbits_file": "f0408_s11_txbits_idx000816_rnti04660.bin",
  "llr_file": "f0408_s11_llr_idx000393.bin",
  "ldpc_cfg_file": "f0408_s11_ldpc.json"
}