{
  "frame": 896,
  "slot": 1,
  "fg_idx": 1368,
  "fg_mtime": 1764948397.9763792,
  "tx_idx": 1791,
  "tx_mtime": 1764948397.9743793,
  "llr_idx": 1368,
  "llr_mtime": 1764948397.9763792,
  "rnti": 4660,
  "fullgrid_file": "f0896_s01_fullgrid_idx001368.bin",
  "txbits_file": "f0896_s01_txbits_idx001791_rnti04660.bin",
  "llr_file": "f0896_s01_llr_idx001368.bin",
  "ldpc_cfg_file": "f0896_s01_ldpc.json"
}