{
  "frame": 733,
  "slot": 1,
  "fg_idx": 1042,
  "fg_mtime": 1764948397.222408,
  "tx_idx": 1465,
  "tx_mtime": 1764948397.2214081,
  "llr_idx": 1042,
  "llr_mtime": 1764948397.223408,
  "rnti": 4660,
  "fullgrid_file": "f0733_s01_fullgrid_idx001042.bin",
  "txbits_file": "f0733_s01_txbits_idx001465_rnti04660.bin",
  "llr_file": "f0733_s01_llr_idx001042.bin",
  "ldpc_cfg_file": "f0733_s01_ldpc.json"
}