{
  "frame": 597,
  "slot": 11,
  "fg_idx": 771,
  "fg_mtime": 1764948396.6334307,
  "tx_idx": 1194,
  "tx_mtime": 1764948396.6314309,
  "llr_idx": 771,
  "llr_mtime": 1764948396.6334307,
  "rnti": 4660,
  "fullgrid_file": "f0597_s11_fullgrid_idx000771.bin",
  "txbits_file": "f0597_s11_txbits_idx001194_rnti04660.bin",
  "llr_file": "f0597_s11_llr_idx000771.bin",
  "ldpc_cfg_file": "f0597_s11_ldpc.json"
}