{
  "frame": 911,
  "slot": 1,
  "fg_idx": 1398,
  "fg_mtime": 1764948398.0463765,
  "tx_idx": 1821,
  "tx_mtime": 1764948398.0453765,
  "llr_idx": 1398,
  "llr_mtime": 1764948398.0463765,
  "rnti": 4660,
  "fullgrid_file": "f0911_s01_fullgrid_idx001398.bin",
  "txbits_file": "f0911_s01_txbits_idx001821_rnti04660.bin",
  "llr_file": "f0911_s01_llr_idx001398.bin",
  "ldpc_cfg_file": "f0911_s01_ldpc.json"
}