{
  "frame": 397,
  "slot": 1,
  "fg_idx": 370,
  "fg_mtime": 1764948395.711466,
  "tx_idx": 793,
  "tx_mtime": 1764948395.7094662,
  "llr_idx": 370,
  "llr_mtime": 1764948395.711466,
  "rnti": 4660,
  "fullgrid_file": "f0397_s01_fullgrid_idx000370.bin",
  "txbits_file": "f0397_s01_txbits_idx000793_rnti04660.bin",
  "llr_file": "f0397_s01_llr_idx000370.bin",
  "ldpc_cfg_file": "f0397_s01_ldpc.json"
}