{
  "frame": 671,
  "slot": 1,
  "fg_idx": 918,
  "fg_mtime": 1764948396.9474187,
  "tx_idx": 1341,
  "tx_mtime": 1764948396.9464188,
  "llr_idx": 918,
  "llr_mtime": 1764948396.9474187,
  "rnti": 4660,
  "fullgrid_file": "f0671_s01_fullgrid_idx000918.bin",
  "txbits_file": "f0671_s01_txbits_idx001341_rnti04660.bin",
  "llr_file": "f0671_s01_llr_idx000918.bin",
  "ldpc_cfg_file": "f0671_s01_ldpc.json"
}