{
  "frame": 499,
  "slot": 1,
  "fg_idx": 574,
  "fg_mtime": 1764948396.1764483,
  "tx_idx": 997,
  "tx_mtime": 1764948396.1744483,
  "llr_idx": 574,
  "llr_mtime": 1764948396.1764483,
  "rnti": 4660,
  "fullgrid_file": "f0499_s01_fullgrid_idx000574.bin",
  "txbits_file": "f0499_s01_txbits_idx000997_rnti04660.bin",
  "llr_file": "f0499_s01_llr_idx000574.bin",
  "ldpc_cfg_file": "f0499_s01_ldpc.json"
}