{
  "frame": 913,
  "slot": 11,
  "fg_idx": 1403,
  "fg_mtime": 1764948398.0573761,
  "tx_idx": 1826,
  "tx_mtime": 1764948398.0563762,
  "llr_idx": 1403,
  "llr_mtime": 1764948398.0573761,
  "rnti": 4660,
  "fullgrid_file": "f0913_s11_fullgrid_idx001403.bin",
  "txbits_file": "f0913_s11_txbits_idx001826_rnti04660.bin",
  "llr_file": "f0913_s11_llr_idx001403.bin",
  "ldpc_cfg_file": "f0913_s11_ldpc.json"
}