{
  "frame": 485,
  "slot": 11,
  "fg_idx": 547,
  "fg_mtime": 1764948396.1154506,
  "tx_idx": 970,
  "tx_mtime": 1764948396.1134508,
  "llr_idx": 547,
  "llr_mtime": 1764948396.1154506,
  "rnti": 4660,
  "fullgrid_file": "f0485_s11_fullgrid_idx000547.bin",
  "txbits_file": "f0485_s11_txbits_idx000970_rnti04660.bin",
  "llr_file": "f0485_s11_llr_idx000547.bin",
  "ldpc_cfg_file": "f0485_s11_ldpc.json"
}