{
  "frame": 750,
  "slot": 1,
  "fg_idx": 1076,
  "fg_mtime": 1764948397.2984052,
  "tx_idx": 1499,
  "tx_mtime": 1764948397.2974052,
  "llr_idx": 1076,
  "llr_mtime": 1764948397.2984052,
  "rnti": 4660,
  "fullgrid_file": "f0750_s01_fullgrid_idx001076.bin",
  "txbits_file": "f0750_s01_txbits_idx001499_rnti04660.bin",
  "llr_file": "f0750_s01_llr_idx001076.bin",
  "ldpc_cfg_file": "f0750_s01_ldpc.json"
}