{
  "frame": 917,
  "slot": 11,
  "fg_idx": 1411,
  "fg_mtime": 1764948398.0753756,
  "tx_idx": 1834,
  "tx_mtime": 1764948398.0743754,
  "llr_idx": 1411,
  "llr_mtime": 1764948398.0753756,
  "rnti": 4660,
  "fullgrid_file": "f0917_s11_fullgrid_idx001411.bin",
  "txbits_file": "f0917_s11_txbits_idx001834_rnti04660.bin",
  "llr_file": "f0917_s11_llr_idx001411.bin",
  "ldpc_cfg_file": "f0917_s11_ldpc.json"
}