{
  "frame": 873,
  "slot": 1,
  "fg_idx": 1322,
  "fg_mtime": 1764948397.8703833,
  "tx_idx": 1745,
  "tx_mtime": 1764948397.8683834,
  "llr_idx": 1322,
  "llr_mtime": 1764948397.8703833,
  "rnti": 4660,
  "fullgrid_file": "f0873_s01_fullgrid_idx001322.bin",
  "txbits_file": "f0873_s01_txbits_idx001745_rnti04660.bin",
  "llr_file": "f0873_s01_llr_idx001322.bin",
  "ldpc_cfg_file": "f0873_s01_ldpc.json"
}