{
  "frame": 463,
  "slot": 11,
  "fg_idx": 503,
  "fg_mtime": 1764948396.0144546,
  "tx_idx": 926,
  "tx_mtime": 1764948396.0124545,
  "llr_idx": 503,
  "llr_mtime": 1764948396.0144546,
  "rnti": 4660,
  "fullgrid_file": "f0463_s11_fullgrid_idx000503.bin",
  "txbits_file": "f0463_s11_txbits_idx000926_rnti04660.bin",
  "llr_file": "f0463_s11_llr_idx000503.bin",
  "ldpc_cfg_file": "f0463_s11_ldpc.json"
}