{
  "frame": 664,
  "slot": 1,
  "fg_idx": 904,
  "fg_mtime": 1764948396.91742,
  "tx_idx": 1327,
  "tx_mtime": 1764948396.9154198,
  "llr_idx": 904,
  "llr_mtime": 1764948396.91742,
  "rnti": 4660,
  "fullgrid_file": "f0664_s01_fullgrid_idx000904.bin",
  "txbits_file": "f0664_s01_txbits_idx001327_rnti04660.bin",
  "llr_file": "f0664_s01_llr_idx000904.bin",
  "ldpc_cfg_file": "f0664_s01_ldpc.json"
}