{
  "frame": 288,
  "slot": 11,
  "fg_idx": 153,
  "fg_mtime": 1764948395.218485,
  "tx_idx": 576,
  "tx_mtime": 1764948395.2174852,
  "llr_idx": 153,
  "llr_mtime": 1764948395.219485,
  "rnti": 4660,
  "fullgrid_file": "f0288_s11_fullgrid_idx000153.bin",
  "txbits_file": "f0288_s11_txbits_idx000576_rnti04660.bin",
  "llr_file": "f0288_s11_llr_idx000153.bin",
  "ldpc_cfg_file": "f0288_s11_ldpc.json"
}