{
  "frame": 792,
  "slot": 1,
  "fg_idx": 1160,
  "fg_mtime": 1764948397.4943976,
  "tx_idx": 1583,
  "tx_mtime": 1764948397.4923978,
  "llr_idx": 1160,
  "llr_mtime": 1764948397.4943976,
  "rnti": 4660,
  "fullgrid_file": "f0792_s01_fullgrid_idx001160.bin",
  "txbits_file": "f0792_s01_txbits_idx001583_rnti04660.bin",
  "llr_file": "f0792_s01_llr_idx001160.bin",
  "ldpc_cfg_file": "f0792_s01_ldpc.json"
}