{
  "frame": 636,
  "slot": 1,
  "fg_idx": 848,
  "fg_mtime": 1764948396.7984245,
  "tx_idx": 1271,
  "tx_mtime": 1764948396.7974243,
  "llr_idx": 848,
  "llr_mtime": 1764948396.7994244,
  "rnti": 4660,
  "fullgrid_file": "f0636_s01_fullgrid_idx000848.bin",
  "txbits_file": "f0636_s01_txbits_idx001271_rnti04660.bin",
  "llr_file": "f0636_s01_llr_idx000848.bin",
  "ldpc_cfg_file": "f0636_s01_ldpc.json"
}