{
  "frame": 455,
  "slot": 1,
  "fg_idx": 486,
  "fg_mtime": 1764948395.976456,
  "tx_idx": 909,
  "tx_mtime": 1764948395.974456,
  "llr_idx": 486,
  "llr_mtime": 1764948395.976456,
  "rnti": 4660,
  "fullgrid_file": "f0455_s01_fullgrid_idx000486.bin",
  "txbits_file": "f0455_s01_txbits_idx000909_rnti04660.bin",
  "llr_file": "f0455_s01_llr_idx000486.bin",
  "ldpc_cfg_file": "f0455_s01_ldpc.json"
}