{
  "frame": 860,
  "slot": 1,
  "fg_idx": 1296,
  "fg_mtime": 1764948397.8093855,
  "tx_idx": 1719,
  "tx_mtime": 1764948397.8083856,
  "llr_idx": 1296,
  "llr_mtime": 1764948397.8093855,
  "rnti": 4660,
  "fullgrid_file": "f0860_s01_fullgrid_idx001296.bin",
  "txbits_file": "f0860_s01_txbits_idx001719_rnti04660.bin",
  "llr_file": "f0860_s01_llr_idx001296.bin",
  "ldpc_cfg_file": "f0860_s01_ldpc.json"
}