{
  "frame": 826,
  "slot": 11,
  "fg_idx": 1229,
  "fg_mtime": 1764948397.6573915,
  "tx_idx": 1652,
  "tx_mtime": 1764948397.6553915,
  "llr_idx": 1229,
  "llr_mtime": 1764948397.6573915,
  "rnti": 4660,
  "fullgrid_file": "f0826_s11_fullgrid_idx001229.bin",
  "txbits_file": "f0826_s11_txbits_idx001652_rnti04660.bin",
  "llr_file": "f0826_s11_llr_idx001229.bin",
  "ldpc_cfg_file": "f0826_s11_ldpc.json"
}