{
  "frame": 462,
  "slot": 1,
  "fg_idx": 500,
  "fg_mtime": 1764948396.0074549,
  "tx_idx": 923,
  "tx_mtime": 1764948396.0064547,
  "llr_idx": 500,
  "llr_mtime": 1764948396.0074549,
  "rnti": 4660,
  "fullgrid_file": "f0462_s01_fullgrid_idx000500.bin",
  "txbits_file": "f0462_s01_txbits_idx000923_rnti04660.bin",
  "llr_file": "f0462_s01_llr_idx000500.bin",
  "ldpc_cfg_file": "f0462_s01_ldpc.json"
}