{
  "frame": 240,
  "slot": 11,
  "fg_idx": 57,
  "fg_mtime": 1764948395.0024934,
  "tx_idx": 480,
  "tx_mtime": 1764948395.0014935,
  "llr_idx": 57,
  "llr_mtime": 1764948395.0024934,
  "rnti": 4660,
  "fullgrid_file": "f0240_s11_fullgrid_idx000057.bin",
  "txbits_file": "f0240_s11_txbits_idx000480_rnti04660.bin",
  "llr_file": "f0240_s11_llr_idx000057.bin",
  "ldpc_cfg_file": "f0240_s11_ldpc.json"
}