{
  "frame": 572,
  "slot": 11,
  "fg_idx": 721,
  "fg_mtime": 1764948396.5284348,
  "tx_idx": 1144,
  "tx_mtime": 1764948396.526435,
  "llr_idx": 721,
  "llr_mtime": 1764948396.5284348,
  "rnti": 4660,
  "fullgrid_file": "f0572_s11_fullgrid_idx000721.bin",
  "txbits_file": "f0572_s11_txbits_idx001144_rnti04660.bin",
  "llr_file": "f0572_s11_llr_idx000721.bin",
  "ldpc_cfg_file": "f0572_s11_ldpc.json"
}