{
  "frame": 218,
  "slot": 11,
  "fg_idx": 13,
  "fg_mtime": 1764948394.9114969,
  "tx_idx": 436,
  "tx_mtime": 1764948394.909497,
  "llr_idx": 13,
  "llr_mtime": 1764948394.9114969,
  "rnti": 4660,
  "fullgrid_file": "f0218_s11_fullgrid_idx000013.bin",
  "txbits_file": "f0218_s11_txbits_idx000436_rnti04660.bin",
  "llr_file": "f0218_s11_llr_idx000013.bin",
  "ldpc_cfg_file": "f0218_s11_ldpc.json"
}