{
  "frame": 349,
  "slot": 11,
  "fg_idx": 275,
  "fg_mtime": 1764948395.4934745,
  "tx_idx": 698,
  "tx_mtime": 1764948395.4914746,
  "llr_idx": 275,
  "llr_mtime": 1764948395.4944744,
  "rnti": 4660,
  "fullgrid_file": "f0349_s11_fullgrid_idx000275.bin",
  "txbits_file": "f0349_s11_txbits_idx000698_rnti04660.bin",
  "llr_file": "f0349_s11_llr_idx000275.bin",
  "ldpc_cfg_file": "f0349_s11_ldpc.json"
}