{
  "frame": 647,
  "slot": 1,
  "fg_idx": 870,
  "fg_mtime": 1764948396.8434227,
  "tx_idx": 1293,
  "tx_mtime": 1764948396.8424227,
  "llr_idx": 870,
  "llr_mtime": 1764948396.8434227,
  "rnti": 4660,
  "fullgrid_file": "f0647_s01_fullgrid_idx000870.bin",
  "txbits_file": "f0647_s01_txbits_idx001293_rnti04660.bin",
  "llr_file": "f0647_s01_llr_idx000870.bin",
  "ldpc_cfg_file": "f0647_s01_ldpc.json"
}