{
  "frame": 857,
  "slot": 11,
  "fg_idx": 1291,
  "fg_mtime": 1764948397.799386,
  "tx_idx": 1714,
  "tx_mtime": 1764948397.7973862,
  "llr_idx": 1291,
  "llr_mtime": 1764948397.799386,
  "rnti": 4660,
  "fullgrid_file": "f0857_s11_fullgrid_idx001291.bin",
  "txbits_file": "f0857_s11_txbits_idx001714_rnti04660.bin",
  "llr_file": "f0857_s11_llr_idx001291.bin",
  "ldpc_cfg_file": "f0857_s11_ldpc.json"
}