{
  "frame": 276,
  "slot": 11,
  "fg_idx": 129,
  "fg_mtime": 1764948395.1654873,
  "tx_idx": 552,
  "tx_mtime": 1764948395.1644871,
  "llr_idx": 129,
  "llr_mtime": 1764948395.1654873,
  "rnti": 4660,
  "fullgrid_file": "f0276_s11_fullgrid_idx000129.bin",
  "txbits_file": "f0276_s11_txbits_idx000552_rnti04660.bin",
  "llr_file": "f0276_s11_llr_idx000129.bin",
  "ldpc_cfg_file": "f0276_s11_ldpc.json"
}