{
  "frame": 942,
  "slot": 1,
  "fg_idx": 1460,
  "fg_mtime": 1764948398.191371,
  "tx_idx": 1883,
  "tx_mtime": 1764948398.190371,
  "llr_idx": 1460,
  "llr_mtime": 1764948398.191371,
  "rnti": 4660,
  "fullgrid_file": "f0942_s01_fullgrid_idx001460.bin",
  "txbits_file": "f0942_s01_txbits_idx001883_rnti04660.bin",
  "llr_file": "f0942_s01_llr_idx001460.bin",
  "ldpc_cfg_file": "f0942_s01_ldpc.json"
}