{
  "frame": 967,
  "slot": 1,
  "fg_idx": 1510,
  "fg_mtime": 1764948398.3133664,
  "tx_idx": 1933,
  "tx_mtime": 1764948398.3113663,
  "llr_idx": 1510,
  "llr_mtime": 1764948398.3133664,
  "rnti": 4660,
  "fullgrid_file": "f0967_s01_fullgrid_idx001510.bin",
  "txbits_file": "f0967_s01_txbits_idx001933_rnti04660.bin",
  "llr_file": "f0967_s01_llr_idx001510.bin",
  "ldpc_cfg_file": "f0967_s01_ldpc.json"
}