{
  "frame": 632,
  "slot": 11,
  "fg_idx": 841,
  "fg_mtime": 1764948396.784425,
  "tx_idx": 1264,
  "tx_mtime": 1764948396.7834249,
  "llr_idx": 841,
  "llr_mtime": 1764948396.784425,
  "rnti": 4660,
  "fullgrid_file": "f0632_s11_fullgrid_idx000841.bin",
  "txbits_file": "f0632_s11_txbits_idx001264_rnti04660.bin",
  "llr_file": "f0632_s11_llr_idx000841.bin",
  "ldpc_cfg_file": "f0632_s11_ldpc.json"
}