{
  "frame": 274,
  "slot": 1,
  "fg_idx": 124,
  "fg_mtime": 1764948395.1534877,
  "tx_idx": 547,
  "tx_mtime": 1764948395.1514878,
  "llr_idx": 124,
  "llr_mtime": 1764948395.1534877,
  "rnti": 4660,
  "fullgrid_file": "f0274_s01_fullgrid_idx000124.bin",
  "txbits_file": "f0274_s01_txbits_idx000547_rnti04660.bin",
  "llr_file": "f0274_s01_llr_idx000124.bin",
  "ldpc_cfg_file": "f0274_s01_ldpc.json"
}