{
  "frame": 639,
  "slot": 11,
  "fg_idx": 855,
  "fg_mtime": 1764948396.8134239,
  "tx_idx": 1278,
  "tx_mtime": 1764948396.8114238,
  "llr_idx": 855,
  "llr_mtime": 1764948396.8134239,
  "rnti": 4660,
  "fullgrid_file": "f0639_s11_fullgrid_idx000855.bin",
  "txbits_file": "f0639_s11_txbits_idx001278_rnti04660.bin",
  "llr_file": "f0639_s11_llr_idx000855.bin",
  "ldpc_cfg_file": "f0639_s11_ldpc.json"
}