{
  "frame": 481,
  "slot": 1,
  "fg_idx": 538,
  "fg_mtime": 1764948396.0944514,
  "tx_idx": 961,
  "tx_mtime": 1764948396.0924516,
  "llr_idx": 538,
  "llr_mtime": 1764948396.0944514,
  "rnti": 4660,
  "fullgrid_file": "f0481_s01_fullgrid_idx000538.bin",
  "txbits_file": "f0481_s01_txbits_idx000961_rnti04660.bin",
  "llr_file": "f0481_s01_llr_idx000538.bin",
  "ldpc_cfg_file": "f0481_s01_ldpc.json"
}