{
  "frame": 244,
  "slot": 1,
  "fg_idx": 64,
  "fg_mtime": 1764948395.0164928,
  "tx_idx": 487,
  "tx_mtime": 1764948395.014493,
  "llr_idx": 64,
  "llr_mtime": 1764948395.0174928,
  "rnti": 4660,
  "fullgrid_file": "f0244_s01_fullgrid_idx000064.bin",
  "txbits_file": "f0244_s01_txbits_idx000487_rnti04660.bin",
  "llr_file": "f0244_s01_llr_idx000064.bin",
  "ldpc_cfg_file": "f0244_s01_ldpc.json"
}