{
  "frame": 558,
  "slot": 11,
  "fg_idx": 693,
  "fg_mtime": 1764948396.4694371,
  "tx_idx": 1116,
  "tx_mtime": 1764948396.467437,
  "llr_idx": 693,
  "llr_mtime": 1764948396.4694371,
  "rnti": 4660,
  "fullgrid_file": "f0558_s11_fullgrid_idx000693.bin",
  "txbits_file": "f0558_s11_txbits_idx001116_rnti04660.bin",
  "llr_file": "f0558_s11_llr_idx000693.bin",
  "ldpc_cfg_file": "f0558_s11_ldpc.json"
}