{
  "frame": 880,
  "slot": 1,
  "fg_idx": 1336,
  "fg_mtime": 1764948397.9023821,
  "tx_idx": 1759,
  "tx_mtime": 1764948397.9013822,
  "llr_idx": 1336,
  "llr_mtime": 1764948397.9023821,
  "rnti": 4660,
  "fullgrid_file": "f0880_s01_fullgrid_idx001336.bin",
  "txbits_file": "f0880_s01_txbits_idx001759_rnti04660.bin",
  "llr_file": "f0880_s01_llr_idx001336.bin",
  "ldpc_cfg_file": "f0880_s01_ldpc.json"
}