{
  "frame": 347,
  "slot": 11,
  "fg_idx": 271,
  "fg_mtime": 1764948395.4854748,
  "tx_idx": 694,
  "tx_mtime": 1764948395.483475,
  "llr_idx": 271,
  "llr_mtime": 1764948395.4854748,
  "rnti": 4660,
  "fullgrid_file": "f0347_s11_fullgrid_idx000271.bin",
  "txbits_file": "f0347_s11_txbits_idx000694_rnti04660.bin",
  "llr_file": "f0347_s11_llr_idx000271.bin",
  "ldpc_cfg_file": "f0347_s11_ldpc.json"
}