{
  "frame": 382,
  "slot": 11,
  "fg_idx": 341,
  "fg_mtime": 1764948395.6454687,
  "tx_idx": 764,
  "tx_mtime": 1764948395.6444688,
  "llr_idx": 341,
  "llr_mtime": 1764948395.6464686,
  "rnti": 4660,
  "fullgrid_file": "f0382_s11_fullgrid_idx000341.bin",
  "txbits_file": "f0382_s11_txbits_idx000764_rnti04660.bin",
  "llr_file": "f0382_s11_llr_idx000341.bin",
  "ldpc_cfg_file": "f0382_s11_ldpc.json"
}