{
  "frame": 686,
  "slot": 1,
  "fg_idx": 948,
  "fg_mtime": 1764948397.0154161,
  "tx_idx": 1371,
  "tx_mtime": 1764948397.013416,
  "llr_idx": 948,
  "llr_mtime": 1764948397.0154161,
  "rnti": 4660,
  "fullgrid_file": "f0686_s01_fullgrid_idx000948.bin",
  "txbits_file": "f0686_s01_txbits_idx001371_rnti04660.bin",
  "llr_file": "f0686_s01_llr_idx000948.bin",
  "ldpc_cfg_file": "f0686_s01_ldpc.json"
}