{
  "frame": 307,
  "slot": 1,
  "fg_idx": 190,
  "fg_mtime": 1764948395.299482,
  "tx_idx": 613,
  "tx_mtime": 1764948395.297482,
  "llr_idx": 190,
  "llr_mtime": 1764948395.299482,
  "rnti": 4660,
  "fullgrid_file": "f0307_s01_fullgrid_idx000190.bin",
  "txbits_file": "f0307_s01_txbits_idx000613_rnti04660.bin",
  "llr_file": "f0307_s01_llr_idx000190.bin",
  "ldpc_cfg_file": "f0307_s01_ldpc.json"
}