{
  "frame": 734,
  "slot": 11,
  "fg_idx": 1045,
  "fg_mtime": 1764948397.2294078,
  "tx_idx": 1468,
  "tx_mtime": 1764948397.227408,
  "llr_idx": 1045,
  "llr_mtime": 1764948397.2294078,
  "rnti": 4660,
  "fullgrid_file": "f0734_s11_fullgrid_idx001045.bin",
  "txbits_file": "f0734_s11_txbits_idx001468_rnti04660.bin",
  "llr_file": "f0734_s11_llr_idx001045.bin",
  "ldpc_cfg_file": "f0734_s11_ldpc.json"
}