{
  "frame": 409,
  "slot": 11,
  "fg_idx": 395,
  "fg_mtime": 1764948395.7684639,
  "tx_idx": 818,
  "tx_mtime": 1764948395.766464,
  "llr_idx": 395,
  "llr_mtime": 1764948395.7684639,
  "rnti": 4660,
  "fullgrid_file": "f0409_s11_fullgrid_idx000395.bin",
  "txbits_file": "f0409_s11_txbits_idx000818_rnti04660.bin",
  "llr_file": "f0409_s11_llr_idx000395.bin",
  "ldpc_cfg_file": "f0409_s11_ldpc.json"
}