{
  "frame": 868,
  "slot": 11,
  "fg_idx": 1313,
  "fg_mtime": 1764948397.849384,
  "tx_idx": 1736,
  "tx_mtime": 1764948397.8473842,
  "llr_idx": 1313,
  "llr_mtime": 1764948397.849384,
  "rnti": 4660,
  "fullgrid_file": "f0868_s11_fullgrid_idx001313.bin",
  "txbits_file": "f0868_s11_txbits_idx001736_rnti04660.bin",
  "llr_file": "f0868_s11_llr_idx001313.bin",
  "ldpc_cfg_file": "f0868_s11_ldpc.json"
}