{
  "frame": 960,
  "slot": 1,
  "fg_idx": 1496,
  "fg_mtime": 1764948398.2783678,
  "tx_idx": 1919,
  "tx_mtime": 1764948398.2763677,
  "llr_idx": 1496,
  "llr_mtime": 1764948398.2783678,
  "rnti": 4660,
  "fullgrid_file": "f0960_s01_fullgrid_idx001496.bin",
  "txbits_file": "f0960_s01_txbits_idx001919_rnti04660.bin",
  "llr_file": "f0960_s01_llr_idx001496.bin",
  "ldpc_cfg_file": "f0960_s01_ldpc.json"
}