{
  "frame": 410,
  "slot": 11,
  "fg_idx": 397,
  "fg_mtime": 1764948395.7734637,
  "tx_idx": 820,
  "tx_mtime": 1764948395.7714639,
  "llr_idx": 397,
  "llr_mtime": 1764948395.7734637,
  "rnti": 4660,
  "fullgrid_file": "f0410_s11_fullgrid_idx000397.bin",
  "txbits_file": "f0410_s11_txbits_idx000820_rnti04660.bin",
  "llr_file": "f0410_s11_llr_idx000397.bin",
  "ldpc_cfg_file": "f0410_s11_ldpc.json"
}