{
  "frame": 692,
  "slot": 11,
  "fg_idx": 961,
  "fg_mtime": 1764948397.042415,
  "tx_idx": 1384,
  "tx_mtime": 1764948397.041415,
  "llr_idx": 961,
  "llr_mtime": 1764948397.043415,
  "rnti": 4660,
  "fullgrid_file": "f0692_s11_fullgrid_idx000961.bin",
  "txbits_file": "f0692_s11_txbits_idx001384_rnti04660.bin",
  "llr_file": "f0692_s11_llr_idx000961.bin",
  "ldpc_cfg_file": "f0692_s11_ldpc.json"
}