{
  "frame": 617,
  "slot": 1,
  "fg_idx": 810,
  "fg_mtime": 1764948396.7174275,
  "tx_idx": 1233,
  "tx_mtime": 1764948396.7164276,
  "llr_idx": 810,
  "llr_mtime": 1764948396.7174275,
  "rnti": 4660,
  "fullgrid_file": "f0617_s01_fullgrid_idx000810.bin",
  "txbits_file": "f0617_s01_txbits_idx001233_rnti04660.bin",
  "llr_file": "f0617_s01_llr_idx000810.bin",
  "ldpc_cfg_file": "f0617_s01_ldpc.json"
}