{
  "frame": 867,
  "slot": 1,
  "fg_idx": 1310,
  "fg_mtime": 1764948397.8413844,
  "tx_idx": 1733,
  "tx_mtime": 1764948397.8403845,
  "llr_idx": 1310,
  "llr_mtime": 1764948397.8423843,
  "rnti": 4660,
  "fullgrid_file": "f0867_s01_fullgrid_idx001310.bin",
  "txbits_file": "f0867_s01_txbits_idx001733_rnti04660.bin",
  "llr_file": "f0867_s01_llr_idx001310.bin",
  "ldpc_cfg_file": "f0867_s01_ldpc.json"
}