{
  "frame": 698,
  "slot": 1,
  "fg_idx": 972,
  "fg_mtime": 1764948397.066414,
  "tx_idx": 1395,
  "tx_mtime": 1764948397.0644143,
  "llr_idx": 972,
  "llr_mtime": 1764948397.066414,
  "rnti": 4660,
  "fullgrid_file": "f0698_s01_fullgrid_idx000972.bin",
  "txbits_file": "f0698_s01_txbits_idx001395_rnti04660.bin",
  "llr_file": "f0698_s01_llr_idx000972.bin",
  "ldpc_cfg_file": "f0698_s01_ldpc.json"
}