{
  "frame": 326,
  "slot": 11,
  "fg_idx": 229,
  "fg_mtime": 1764948395.3874786,
  "tx_idx": 652,
  "tx_mtime": 1764948395.3854787,
  "llr_idx": 229,
  "llr_mtime": 1764948395.3874786,
  "rnti": 4660,
  "fullgrid_file": "f0326_s11_fullgrid_idx000229.bin",
  "txbits_file": "f0326_s11_txbits_idx000652_rnti04660.bin",
  "llr_file": "f0326_s11_llr_idx000229.bin",
  "ldpc_cfg_file": "f0326_s11_ldpc.json"
}