{
  "frame": 452,
  "slot": 11,
  "fg_idx": 481,
  "fg_mtime": 1764948395.9644563,
  "tx_idx": 904,
  "tx_mtime": 1764948395.9624565,
  "llr_idx": 481,
  "llr_mtime": 1764948395.9644563,
  "rnti": 4660,
  "fullgrid_file": "f0452_s11_fullgrid_idx000481.bin",
  "txbits_file": "f0452_s11_txbits_idx000904_rnti04660.bin",
  "llr_file": "f0452_s11_llr_idx000481.bin",
  "ldpc_cfg_file": "f0452_s11_ldpc.json"
}