{
  "frame": 228,
  "slot": 1,
  "fg_idx": 32,
  "fg_mtime": 1764948394.9504955,
  "tx_idx": 455,
  "tx_mtime": 1764948394.9484956,
  "llr_idx": 32,
  "llr_mtime": 1764948394.9504955,
  "rnti": 4660,
  "fullgrid_file": "f0228_s01_fullgrid_idx000032.bin",
  "txbits_file": "f0228_s01_txbits_idx000455_rnti04660.bin",
  "llr_file": "f0228_s01_llr_idx000032.bin",
  "ldpc_cfg_file": "f0228_s01_ldpc.json"
}