{
  "frame": 523,
  "slot": 1,
  "fg_idx": 622,
  "fg_mtime": 1764948396.289444,
  "tx_idx": 1045,
  "tx_mtime": 1764948396.287444,
  "llr_idx": 622,
  "llr_mtime": 1764948396.289444,
  "rnti": 4660,
  "fullgrid_file": "f0523_s01_fullgrid_idx000622.bin",
  "txbits_file": "f0523_s01_txbits_idx001045_rnti04660.bin",
  "llr_file": "f0523_s01_llr_idx000622.bin",
  "ldpc_cfg_file": "f0523_s01_ldpc.json"
}