{
  "frame": 805,
  "slot": 1,
  "fg_idx": 1186,
  "fg_mtime": 1764948397.5553954,
  "tx_idx": 1609,
  "tx_mtime": 1764948397.5543954,
  "llr_idx": 1186,
  "llr_mtime": 1764948397.5553954,
  "rnti": 4660,
  "fullgrid_file": "f0805_s01_fullgrid_idx001186.bin",
  "txbits_file": "f0805_s01_txbits_idx001609_rnti04660.bin",
  "llr_file": "f0805_s01_llr_idx001186.bin",
  "ldpc_cfg_file": "f0805_s01_ldpc.json"
}