{
  "frame": 793,
  "slot": 11,
  "fg_idx": 1163,
  "fg_mtime": 1764948397.5013974,
  "tx_idx": 1586,
  "tx_mtime": 1764948397.5003974,
  "llr_idx": 1163,
  "llr_mtime": 1764948397.5013974,
  "rnti": 4660,
  "fullgrid_file": "f0793_s11_fullgrid_idx001163.bin",
  "txbits_file": "f0793_s11_txbits_idx001586_rnti04660.bin",
  "llr_file": "f0793_s11_llr_idx001163.bin",
  "ldpc_cfg_file": "f0793_s11_ldpc.json"
}