{
  "frame": 502,
  "slot": 11,
  "fg_idx": 581,
  "fg_mtime": 1764948396.1924477,
  "tx_idx": 1004,
  "tx_mtime": 1764948396.1914477,
  "llr_idx": 581,
  "llr_mtime": 1764948396.1934476,
  "rnti": 4660,
  "fullgrid_file": "f0502_s11_fullgrid_idx000581.bin",
  "txbits_file": "f0502_s11_txbits_idx001004_rnti04660.bin",
  "llr_file": "f0502_s11_llr_idx000581.bin",
  "ldpc_cfg_file": "f0502_s11_ldpc.json"
}