{
  "frame": 791,
  "slot": 1,
  "fg_idx": 1158,
  "fg_mtime": 1764948397.489398,
  "tx_idx": 1581,
  "tx_mtime": 1764948397.4883978,
  "llr_idx": 1158,
  "llr_mtime": 1764948397.490398,
  "rnti": 4660,
  "fullgrid_file": "f0791_s01_fullgrid_idx001158.bin",
  "txbits_file": "f0791_s01_txbits_idx001581_rnti04660.bin",
  "llr_file": "f0791_s01_llr_idx001158.bin",
  "ldpc_cfg_file": "f0791_s01_ldpc.json"
}