{
  "frame": 392,
  "slot": 11,
  "fg_idx": 361,
  "fg_mtime": 1764948395.690467,
  "tx_idx": 784,
  "tx_mtime": 1764948395.688467,
  "llr_idx": 361,
  "llr_mtime": 1764948395.690467,
  "rnti": 4660,
  "fullgrid_file": "f0392_s11_fullgrid_idx000361.bin",
  "txbits_file": "f0392_s11_txbits_idx000784_rnti04660.bin",
  "llr_file": "f0392_s11_llr_idx000361.bin",
  "ldpc_cfg_file": "f0392_s11_ldpc.json"
}