{
  "frame": 505,
  "slot": 11,
  "fg_idx": 587,
  "fg_mtime": 1764948396.2064471,
  "tx_idx": 1010,
  "tx_mtime": 1764948396.2044473,
  "llr_idx": 587,
  "llr_mtime": 1764948396.2064471,
  "rnti": 4660,
  "fullgrid_file": "f0505_s11_fullgrid_idx000587.bin",
  "txbits_file": "f0505_s11_txbits_idx001010_rnti04660.bin",
  "llr_file": "f0505_s11_llr_idx000587.bin",
  "ldpc_cfg_file": "f0505_s11_ldpc.json"
}