{
  "frame": 618,
  "slot": 11,
  "fg_idx": 813,
  "fg_mtime": 1764948396.7234273,
  "tx_idx": 1236,
  "tx_mtime": 1764948396.7214274,
  "llr_idx": 813,
  "llr_mtime": 1764948396.7234273,
  "rnti": 4660,
  "fullgrid_file": "f0618_s11_fullgrid_idx000813.bin",
  "txbits_file": "f0618_s11_txbits_idx001236_rnti04660.bin",
  "llr_file": "f0618_s11_llr_idx000813.bin",
  "ldpc_cfg_file": "f0618_s11_ldpc.json"
}