{
  "frame": 1002,
  "slot": 1,
  "fg_idx": 1580,
  "fg_mtime": 1764948398.4853597,
  "tx_idx": 2003,
  "tx_mtime": 1764948398.4843597,
  "llr_idx": 1580,
  "llr_mtime": 1764948398.4863598,
  "rnti": 4660,
  "fullgrid_file": "f1002_s01_fullgrid_idx001580.bin",
  "txbits_file": "f1002_s01_txbits_idx002003_rnti04660.bin",
  "llr_file": "f1002_s01_llr_idx001580.bin",
  "ldpc_cfg_file": "f1002_s01_ldpc.json"
}