{
  "frame": 963,
  "slot": 11,
  "fg_idx": 1503,
  "fg_mtime": 1764948398.294367,
  "tx_idx": 1926,
  "tx_mtime": 1764948398.2923672,
  "llr_idx": 1503,
  "llr_mtime": 1764948398.294367,
  "rnti": 4660,
  "fullgrid_file": "f0963_s11_fullgrid_idx001503.bin",
  "txbits_file": "f0963_s11_txbits_idx001926_rnti04660.bin",
  "llr_file": "f0963_s11_llr_idx001503.bin",
  "ldpc_cfg_file": "f0963_s11_ldpc.json"
}