{
  "frame": 765,
  "slot": 11,
  "fg_idx": 1107,
  "fg_mtime": 1764948397.3704023,
  "tx_idx": 1530,
  "tx_mtime": 1764948397.3694024,
  "llr_idx": 1107,
  "llr_mtime": 1764948397.3704023,
  "rnti": 4660,
  "fullgrid_file": "f0765_s11_fullgrid_idx001107.bin",
  "txbits_file": "f0765_s11_txbits_idx001530_rnti04660.bin",
  "llr_file": "f0765_s11_llr_idx001107.bin",
  "ldpc_cfg_file": "f0765_s11_ldpc.json"
}