{
  "frame": 873,
  "slot": 11,
  "fg_idx": 1323,
  "fg_mtime": 1764948397.8713832,
  "tx_idx": 1746,
  "tx_mtime": 1764948397.8703833,
  "llr_idx": 1323,
  "llr_mtime": 1764948397.872383,
  "rnti": 4660,
  "fullgrid_file": "f0873_s11_fullgrid_idx001323.bin",
  "txbits_file": "f0873_s11_txbits_idx001746_rnti04660.bin",
  "llr_file": "f0873_s11_llr_idx001323.bin",
  "ldpc_cfg_file": "f0873_s11_ldpc.json"
}