{
  "frame": 697,
  "slot": 11,
  "fg_idx": 971,
  "fg_mtime": 1764948397.063414,
  "tx_idx": 1394,
  "tx_mtime": 1764948397.0624142,
  "llr_idx": 971,
  "llr_mtime": 1764948397.0644143,
  "rnti": 4660,
  "fullgrid_file": "f0697_s11_fullgrid_idx000971.bin",
  "txbits_file": "f0697_s11_txbits_idx001394_rnti04660.bin",
  "llr_file": "f0697_s11_llr_idx000971.bin",
  "ldpc_cfg_file": "f0697_s11_ldpc.json"
}