{
  "frame": 839,
  "slot": 1,
  "fg_idx": 1254,
  "fg_mtime": 1764948397.7143893,
  "tx_idx": 1677,
  "tx_mtime": 1764948397.7123892,
  "llr_idx": 1254,
  "llr_mtime": 1764948397.7143893,
  "rnti": 4660,
  "fullgrid_file": "f0839_s01_fullgrid_idx001254.bin",
  "txbits_file": "f0839_s01_txbits_idx001677_rnti04660.bin",
  "llr_file": "f0839_s01_llr_idx001254.bin",
  "ldpc_cfg_file": "f0839_s01_ldpc.json"
}