{
  "frame": 324,
  "slot": 1,
  "fg_idx": 224,
  "fg_mtime": 1764948395.3764791,
  "tx_idx": 647,
  "tx_mtime": 1764948395.374479,
  "llr_idx": 224,
  "llr_mtime": 1764948395.3764791,
  "rnti": 4660,
  "fullgrid_file": "f0324_s01_fullgrid_idx000224.bin",
  "txbits_file": "f0324_s01_txbits_idx000647_rnti04660.bin",
  "llr_file": "f0324_s01_llr_idx000224.bin",
  "ldpc_cfg_file": "f0324_s01_ldpc.json"
}