{
  "frame": 387,
  "slot": 1,
  "fg_idx": 350,
  "fg_mtime": 1764948395.665468,
  "tx_idx": 773,
  "tx_mtime": 1764948395.664468,
  "llr_idx": 350,
  "llr_mtime": 1764948395.665468,
  "rnti": 4660,
  "fullgrid_file": "f0387_s01_fullgrid_idx000350.bin",
  "txbits_file": "f0387_s01_txbits_idx000773_rnti04660.bin",
  "llr_file": "f0387_s01_llr_idx000350.bin",
  "ldpc_cfg_file": "f0387_s01_ldpc.json"
}