{
  "frame": 424,
  "slot": 11,
  "fg_idx": 425,
  "fg_mtime": 1764948395.8384612,
  "tx_idx": 848,
  "tx_mtime": 1764948395.8364613,
  "llr_idx": 425,
  "llr_mtime": 1764948395.8384612,
  "rnti": 4660,
  "fullgrid_file": "f0424_s11_fullgrid_idx000425.bin",
  "txbits_file": "f0424_s11_txbits_idx000848_rnti04660.bin",
  "llr_file": "f0424_s11_llr_idx000425.bin",
  "ldpc_cfg_file": "f0424_s11_ldpc.json"
}