{
  "frame": 774,
  "slot": 1,
  "fg_idx": 1124,
  "fg_mtime": 1764948397.4104009,
  "tx_idx": 1547,
  "tx_mtime": 1764948397.408401,
  "llr_idx": 1124,
  "llr_mtime": 1764948397.4104009,
  "rnti": 4660,
  "fullgrid_file": "f0774_s01_fullgrid_idx001124.bin",
  "txbits_file": "f0774_s01_txbits_idx001547_rnti04660.bin",
  "llr_file": "f0774_s01_llr_idx001124.bin",
  "ldpc_cfg_file": "f0774_s01_ldpc.json"
}