{
  "frame": 644,
  "slot": 11,
  "fg_idx": 865,
  "fg_mtime": 1764948396.8334231,
  "tx_idx": 1288,
  "tx_mtime": 1764948396.832423,
  "llr_idx": 865,
  "llr_mtime": 1764948396.834423,
  "rnti": 4660,
  "fullgrid_file": "f0644_s11_fullgrid_idx000865.bin",
  "txbits_file": "f0644_s11_txbits_idx001288_rnti04660.bin",
  "llr_file": "f0644_s11_llr_idx000865.bin",
  "ldpc_cfg_file": "f0644_s11_ldpc.json"
}