{
  "frame": 274,
  "slot": 11,
  "fg_idx": 125,
  "fg_mtime": 1764948395.1554875,
  "tx_idx": 548,
  "tx_mtime": 1764948395.1534877,
  "llr_idx": 125,
  "llr_mtime": 1764948395.1554875,
  "rnti": 4660,
  "fullgrid_file": "f0274_s11_fullgrid_idx000125.bin",
  "txbits_file": "f0274_s11_txbits_idx000548_rnti04660.bin",
  "llr_file": "f0274_s11_llr_idx000125.bin",
  "ldpc_cfg_file": "f0274_s11_ldpc.json"
}