{
  "frame": 353,
  "slot": 11,
  "fg_idx": 283,
  "fg_mtime": 1764948395.5124738,
  "tx_idx": 706,
  "tx_mtime": 1764948395.510474,
  "llr_idx": 283,
  "llr_mtime": 1764948395.5124738,
  "rnti": 4660,
  "fullgrid_file": "f0353_s11_fullgrid_idx000283.bin",
  "txbits_file": "f0353_s11_txbits_idx000706_rnti04660.bin",
  "llr_file": "f0353_s11_llr_idx000283.bin",
  "ldpc_cfg_file": "f0353_s11_ldpc.json"
}