{
  "frame": 360,
  "slot": 1,
  "fg_idx": 296,
  "fg_mtime": 1764948395.5424726,
  "tx_idx": 719,
  "tx_mtime": 1764948395.5404727,
  "llr_idx": 296,
  "llr_mtime": 1764948395.5424726,
  "rnti": 4660,
  "fullgrid_file": "f0360_s01_fullgrid_idx000296.bin",
  "txbits_file": "f0360_s01_txbits_idx000719_rnti04660.bin",
  "llr_file": "f0360_s01_llr_idx000296.bin",
  "ldpc_cfg_file": "f0360_s01_ldpc.json"
}