{
  "frame": 252,
  "slot": 11,
  "fg_idx": 81,
  "fg_mtime": 1764948395.0554914,
  "tx_idx": 504,
  "tx_mtime": 1764948395.0534916,
  "llr_idx": 81,
  "llr_mtime": 1764948395.0554914,
  "rnti": 4660,
  "fullgrid_file": "f0252_s11_fullgrid_idx000081.bin",
  "txbits_file": "f0252_s11_txbits_idx000504_rnti04660.bin",
  "llr_file": "f0252_s11_llr_idx000081.bin",
  "ldpc_cfg_file": "f0252_s11_ldpc.json"
}