{
  "frame": 609,
  "slot": 1,
  "fg_idx": 794,
  "fg_mtime": 1764948396.6834288,
  "tx_idx": 1217,
  "tx_mtime": 1764948396.6824288,
  "llr_idx": 794,
  "llr_mtime": 1764948396.6834288,
  "rnti": 4660,
  "fullgrid_file": "f0609_s01_fullgrid_idx000794.bin",
  "txbits_file": "f0609_s01_txbits_idx001217_rnti04660.bin",
  "llr_file": "f0609_s01_llr_idx000794.bin",
  "ldpc_cfg_file": "f0609_s01_ldpc.json"
}