{
  "frame": 982,
  "slot": 1,
  "fg_idx": 1540,
  "fg_mtime": 1764948398.3863635,
  "tx_idx": 1963,
  "tx_mtime": 1764948398.3843637,
  "llr_idx": 1540,
  "llr_mtime": 1764948398.3863635,
  "rnti": 4660,
  "fullgrid_file": "f0982_s01_fullgrid_idx001540.bin",
  "txbits_file": "f0982_s01_txbits_idx001963_rnti04660.bin",
  "llr_file": "f0982_s01_llr_idx001540.bin",
  "ldpc_cfg_file": "f0982_s01_ldpc.json"
}