{
  "frame": 740,
  "slot": 11,
  "fg_idx": 1057,
  "fg_mtime": 1764948397.2554069,
  "tx_idx": 1480,
  "tx_mtime": 1764948397.253407,
  "llr_idx": 1057,
  "llr_mtime": 1764948397.2554069,
  "rnti": 4660,
  "fullgrid_file": "f0740_s11_fullgrid_idx001057.bin",
  "txbits_file": "f0740_s11_txbits_idx001480_rnti04660.bin",
  "llr_file": "f0740_s11_llr_idx001057.bin",
  "ldpc_cfg_file": "f0740_s11_ldpc.json"
}