{
  "frame": 298,
  "slot": 11,
  "fg_idx": 173,
  "fg_mtime": 1764948395.2644835,
  "tx_idx": 596,
  "tx_mtime": 1764948395.2624834,
  "llr_idx": 173,
  "llr_mtime": 1764948395.2644835,
  "rnti": 4660,
  "fullgrid_file": "f0298_s11_fullgrid_idx000173.bin",
  "txbits_file": "f0298_s11_txbits_idx000596_rnti04660.bin",
  "llr_file": "f0298_s11_llr_idx000173.bin",
  "ldpc_cfg_file": "f0298_s11_ldpc.json"
}