{
  "frame": 544,
  "slot": 1,
  "fg_idx": 664,
  "fg_mtime": 1764948396.4054394,
  "tx_idx": 1087,
  "tx_mtime": 1764948396.4044394,
  "llr_idx": 664,
  "llr_mtime": 1764948396.4054394,
  "rnti": 4660,
  "fullgrid_file": "f0544_s01_fullgrid_idx000664.bin",
  "txbits_file": "f0544_s01_txbits_idx001087_rnti04660.bin",
  "llr_file": "f0544_s01_llr_idx000664.bin",
  "ldpc_cfg_file": "f0544_s01_ldpc.json"
}