{
  "frame": 844,
  "slot": 11,
  "fg_idx": 1265,
  "fg_mtime": 1764948397.7393882,
  "tx_idx": 1688,
  "tx_mtime": 1764948397.7383883,
  "llr_idx": 1265,
  "llr_mtime": 1764948397.7403882,
  "rnti": 4660,
  "fullgrid_file": "f0844_s11_fullgrid_idx001265.bin",
  "txbits_file": "f0844_s11_txbits_idx001688_rnti04660.bin",
  "llr_file": "f0844_s11_llr_idx001265.bin",
  "ldpc_cfg_file": "f0844_s11_ldpc.json"
}