{
  "frame": 250,
  "slot": 11,
  "fg_idx": 77,
  "fg_mtime": 1764948395.0454917,
  "tx_idx": 500,
  "tx_mtime": 1764948395.0434918,
  "llr_idx": 77,
  "llr_mtime": 1764948395.0454917,
  "rnti": 4660,
  "fullgrid_file": "f0250_s11_fullgrid_idx000077.bin",
  "txbits_file": "f0250_s11_txbits_idx000500_rnti04660.bin",
  "llr_file": "f0250_s11_llr_idx000077.bin",
  "ldpc_cfg_file": "f0250_s11_ldpc.json"
}