{
  "frame": 290,
  "slot": 1,
  "fg_idx": 156,
  "fg_mtime": 1764948395.2264848,
  "tx_idx": 579,
  "tx_mtime": 1764948395.224485,
  "llr_idx": 156,
  "llr_mtime": 1764948395.2264848,
  "rnti": 4660,
  "fullgrid_file": "f0290_s01_fullgrid_idx000156.bin",
  "txbits_file": "f0290_s01_txbits_idx000579_rnti04660.bin",
  "llr_file": "f0290_s01_llr_idx000156.bin",
  "ldpc_cfg_file": "f0290_s01_ldpc.json"
}