{
  "frame": 858,
  "slot": 1,
  "fg_idx": 1292,
  "fg_mtime": 1764948397.8013859,
  "tx_idx": 1715,
  "tx_mtime": 1764948397.799386,
  "llr_idx": 1292,
  "llr_mtime": 1764948397.8013859,
  "rnti": 4660,
  "fullgrid_file": "f0858_s01_fullgrid_idx001292.bin",
  "txbits_file": "f0858_s01_txbits_idx001715_rnti04660.bin",
  "llr_file": "f0858_s01_llr_idx001292.bin",
  "ldpc_cfg_file": "f0858_s01_ldpc.json"
}