{
  "frame": 423,
  "slot": 1,
  "fg_idx": 422,
  "fg_mtime": 1764948395.8314614,
  "tx_idx": 845,
  "tx_mtime": 1764948395.8294616,
  "llr_idx": 422,
  "llr_mtime": 1764948395.8314614,
  "rnti": 4660,
  "fullgrid_file": "f0423_s01_fullgrid_idx000422.bin",
  "txbits_file": "f0423_s01_txbits_idx000845_rnti04660.bin",
  "llr_file": "f0423_s01_llr_idx000422.bin",
  "ldpc_cfg_file": "f0423_s01_ldpc.json"
}