{
  "frame": 921,
  "slot": 1,
  "fg_idx": 1418,
  "fg_mtime": 1764948398.0913749,
  "tx_idx": 1841,
  "tx_mtime": 1764948398.090375,
  "llr_idx": 1418,
  "llr_mtime": 1764948398.0923748,
  "rnti": 4660,
  "fullgrid_file": "f0921_s01_fullgrid_idx001418.bin",
  "txbits_file": "f0921_s01_txbits_idx001841_rnti04660.bin",
  "llr_file": "f0921_s01_llr_idx001418.bin",
  "ldpc_cfg_file": "f0921_s01_ldpc.json"
}