{
  "frame": 468,
  "slot": 11,
  "fg_idx": 513,
  "fg_mtime": 1764948396.0374537,
  "tx_idx": 936,
  "tx_mtime": 1764948396.0354538,
  "llr_idx": 513,
  "llr_mtime": 1764948396.0374537,
  "rnti": 4660,
  "fullgrid_file": "f0468_s11_fullgrid_idx000513.bin",
  "txbits_file": "f0468_s11_txbits_idx000936_rnti04660.bin",
  "llr_file": "f0468_s11_llr_idx000513.bin",
  "ldpc_cfg_file": "f0468_s11_ldpc.json"
}