{
  "frame": 551,
  "slot": 1,
  "fg_idx": 678,
  "fg_mtime": 1764948396.4364383,
  "tx_idx": 1101,
  "tx_mtime": 1764948396.4344385,
  "llr_idx": 678,
  "llr_mtime": 1764948396.4364383,
  "rnti": 4660,
  "fullgrid_file": "f0551_s01_fullgrid_idx000678.bin",
  "txbits_file": "f0551_s01_txbits_idx001101_rnti04660.bin",
  "llr_file": "f0551_s01_llr_idx000678.bin",
  "ldpc_cfg_file": "f0551_s01_ldpc.json"
}