{
  "frame": 375,
  "slot": 1,
  "fg_idx": 326,
  "fg_mtime": 1764948395.61047,
  "tx_idx": 749,
  "tx_mtime": 1764948395.6084702,
  "llr_idx": 326,
  "llr_mtime": 1764948395.61047,
  "rnti": 4660,
  "fullgrid_file": "f0375_s01_fullgrid_idx000326.bin",
  "txbits_file": "f0375_s01_txbits_idx000749_rnti04660.bin",
  "llr_file": "f0375_s01_llr_idx000326.bin",
  "ldpc_cfg_file": "f0375_s01_ldpc.json"
}