{
  "frame": 388,
  "slot": 1,
  "fg_idx": 352,
  "fg_mtime": 1764948395.6704679,
  "tx_idx": 775,
  "tx_mtime": 1764948395.6684678,
  "llr_idx": 352,
  "llr_mtime": 1764948395.6704679,
  "rnti": 4660,
  "fullgrid_file": "f0388_s01_fullgrid_idx000352.bin",
  "txbits_file": "f0388_s01_txbits_idx000775_rnti04660.bin",
  "llr_file": "f0388_s01_llr_idx000352.bin",
  "ldpc_cfg_file": "f0388_s01_ldpc.json"
}