{
  "frame": 954,
  "slot": 11,
  "fg_idx": 1485,
  "fg_mtime": 1764948398.2513688,
  "tx_idx": 1908,
  "tx_mtime": 1764948398.2503688,
  "llr_idx": 1485,
  "llr_mtime": 1764948398.2513688,
  "rnti": 4660,
  "fullgrid_file": "f0954_s11_fullgrid_idx001485.bin",
  "txbits_file": "f0954_s11_txbits_idx001908_rnti04660.bin",
  "llr_file": "f0954_s11_llr_idx001485.bin",
  "ldpc_cfg_file": "f0954_s11_ldpc.json"
}