{
  "frame": 273,
  "slot": 11,
  "fg_idx": 123,
  "fg_mtime": 1764948395.1504877,
  "tx_idx": 546,
  "tx_mtime": 1764948395.1494877,
  "llr_idx": 123,
  "llr_mtime": 1764948395.1514878,
  "rnti": 4660,
  "fullgrid_file": "f0273_s11_fullgrid_idx000123.bin",
  "txbits_file": "f0273_s11_txbits_idx000546_rnti04660.bin",
  "llr_file": "f0273_s11_llr_idx000123.bin",
  "ldpc_cfg_file": "f0273_s11_ldpc.json"
}