{
  "frame": 326,
  "slot": 1,
  "fg_idx": 228,
  "fg_mtime": 1764948395.3854787,
  "tx_idx": 651,
  "tx_mtime": 1764948395.3844788,
  "llr_idx": 228,
  "llr_mtime": 1764948395.3854787,
  "rnti": 4660,
  "fullgrid_file": "f0326_s01_fullgrid_idx000228.bin",
  "txbits_file": "f0326_s01_txbits_idx000651_rnti04660.bin",
  "llr_file": "f0326_s01_llr_idx000228.bin",
  "ldpc_cfg_file": "f0326_s01_ldpc.json"
}