{
  "frame": 412,
  "slot": 1,
  "fg_idx": 400,
  "fg_mtime": 1764948395.7814634,
  "tx_idx": 823,
  "tx_mtime": 1764948395.7794635,
  "llr_idx": 400,
  "llr_mtime": 1764948395.7814634,
  "rnti": 4660,
  "fullgrid_file": "f0412_s01_fullgrid_idx000400.bin",
  "txbits_file": "f0412_s01_txbits_idx000823_rnti04660.bin",
  "llr_file": "f0412_s01_llr_idx000400.bin",
  "ldpc_cfg_file": "f0412_s01_ldpc.json"
}