{
  "frame": 362,
  "slot": 1,
  "fg_idx": 300,
  "fg_mtime": 1764948395.5514724,
  "tx_idx": 723,
  "tx_mtime": 1764948395.5504723,
  "llr_idx": 300,
  "llr_mtime": 1764948395.5514724,
  "rnti": 4660,
  "fullgrid_file": "f0362_s01_fullgrid_idx000300.bin",
  "txbits_file": "f0362_s01_txbits_idx000723_rnti04660.bin",
  "llr_file": "f0362_s01_llr_idx000300.bin",
  "ldpc_cfg_file": "f0362_s01_ldpc.json"
}