{
  "frame": 907,
  "slot": 1,
  "fg_idx": 1390,
  "fg_mtime": 1764948398.0273774,
  "tx_idx": 1813,
  "tx_mtime": 1764948398.0263772,
  "llr_idx": 1390,
  "llr_mtime": 1764948398.0283773,
  "rnti": 4660,
  "fullgrid_file": "f0907_s01_fullgrid_idx001390.bin",
  "txbits_file": "f0907_s01_txbits_idx001813_rnti04660.bin",
  "llr_file": "f0907_s01_llr_idx001390.bin",
  "ldpc_cfg_file": "f0907_s01_ldpc.json"
}