{
  "frame": 268,
  "slot": 1,
  "fg_idx": 112,
  "fg_mtime": 1764948395.1254888,
  "tx_idx": 535,
  "tx_mtime": 1764948395.1244888,
  "llr_idx": 112,
  "llr_mtime": 1764948395.1264887,
  "rnti": 4660,
  "fullgrid_file": "f0268_s01_fullgrid_idx000112.bin",
  "txbits_file": "f0268_s01_txbits_idx000535_rnti04660.bin",
  "llr_file": "f0268_s01_llr_idx000112.bin",
  "ldpc_cfg_file": "f0268_s01_ldpc.json"
}