{
  "frame": 399,
  "slot": 1,
  "fg_idx": 374,
  "fg_mtime": 1764948395.720466,
  "tx_idx": 797,
  "tx_mtime": 1764948395.7184658,
  "llr_idx": 374,
  "llr_mtime": 1764948395.7214658,
  "rnti": 4660,
  "fullgrid_file": "f0399_s01_fullgrid_idx000374.bin",
  "txbits_file": "f0399_s01_txbits_idx000797_rnti04660.bin",
  "llr_file": "f0399_s01_llr_idx000374.bin",
  "ldpc_cfg_file": "f0399_s01_ldpc.json"
}