{
  "frame": 552,
  "slot": 11,
  "fg_idx": 681,
  "fg_mtime": 1764948396.4424381,
  "tx_idx": 1104,
  "tx_mtime": 1764948396.4414382,
  "llr_idx": 681,
  "llr_mtime": 1764948396.4424381,
  "rnti": 4660,
  "fullgrid_file": "f0552_s11_fullgrid_idx000681.bin",
  "txbits_file": "f0552_s11_txbits_idx001104_rnti04660.bin",
  "llr_file": "f0552_s11_llr_idx000681.bin",
  "ldpc_cfg_file": "f0552_s11_ldpc.json"
}