{
  "frame": 282,
  "slot": 1,
  "fg_idx": 140,
  "fg_mtime": 1764948395.1904862,
  "tx_idx": 563,
  "tx_mtime": 1764948395.1874864,
  "llr_idx": 140,
  "llr_mtime": 1764948395.1904862,
  "rnti": 4660,
  "fullgrid_file": "f0282_s01_fullgrid_idx000140.bin",
  "txbits_file": "f0282_s01_txbits_idx000563_rnti04660.bin",
  "llr_file": "f0282_s01_llr_idx000140.bin",
  "ldpc_cfg_file": "f0282_s01_ldpc.json"
}