{
  "frame": 419,
  "slot": 11,
  "fg_idx": 415,
  "fg_mtime": 1764948395.815462,
  "tx_idx": 838,
  "tx_mtime": 1764948395.8134623,
  "llr_idx": 415,
  "llr_mtime": 1764948395.815462,
  "rnti": 4660,
  "fullgrid_file": "f0419_s11_fullgrid_idx000415.bin",
  "txbits_file": "f0419_s11_txbits_idx000838_rnti04660.bin",
  "llr_file": "f0419_s11_llr_idx000415.bin",
  "ldpc_cfg_file": "f0419_s11_ldpc.json"
}