{
  "frame": 364,
  "slot": 11,
  "fg_idx": 305,
  "fg_mtime": 1764948395.5624719,
  "tx_idx": 728,
  "tx_mtime": 1764948395.560472,
  "llr_idx": 305,
  "llr_mtime": 1764948395.5634718,
  "rnti": 4660,
  "fullgrid_file": "f0364_s11_fullgrid_idx000305.bin",
  "txbits_file": "f0364_s11_txbits_idx000728_rnti04660.bin",
  "llr_file": "f0364_s11_llr_idx000305.bin",
  "ldpc_cfg_file": "f0364_s11_ldpc.json"
}