{
  "frame": 542,
  "slot": 11,
  "fg_idx": 661,
  "fg_mtime": 1764948396.3994398,
  "tx_idx": 1084,
  "tx_mtime": 1764948396.3984396,
  "llr_idx": 661,
  "llr_mtime": 1764948396.3994398,
  "rnti": 4660,
  "fullgrid_file": "f0542_s11_fullgrid_idx000661.bin",
  "txbits_file": "f0542_s11_txbits_idx001084_rnti04660.bin",
  "llr_file": "f0542_s11_llr_idx000661.bin",
  "ldpc_cfg_file": "f0542_s11_ldpc.json"
}