{
  "frame": 333,
  "slot": 1,
  "fg_idx": 242,
  "fg_mtime": 1764948395.4174774,
  "tx_idx": 665,
  "tx_mtime": 1764948395.4164774,
  "llr_idx": 242,
  "llr_mtime": 1764948395.4174774,
  "rnti": 4660,
  "fullgrid_file": "f0333_s01_fullgrid_idx000242.bin",
  "txbits_file": "f0333_s01_txbits_idx000665_rnti04660.bin",
  "llr_file": "f0333_s01_llr_idx000242.bin",
  "ldpc_cfg_file": "f0333_s01_ldpc.json"
}