{
  "frame": 1001,
  "slot": 11,
  "fg_idx": 1579,
  "fg_mtime": 1764948398.48236,
  "tx_idx": 2002,
  "tx_mtime": 1764948398.48136,
  "llr_idx": 1579,
  "llr_mtime": 1764948398.4833598,
  "rnti": 4660,
  "fullgrid_file": "f1001_s11_fullgrid_idx001579.bin",
  "txbits_file": "f1001_s11_txbits_idx002002_rnti04660.bin",
  "llr_file": "f1001_s11_llr_idx001579.bin",
  "ldpc_cfg_file": "f1001_s11_ldpc.json"
}