{
  "frame": 508,
  "slot": 1,
  "fg_idx": 592,
  "fg_mtime": 1764948396.2194467,
  "tx_idx": 1015,
  "tx_mtime": 1764948396.2164466,
  "llr_idx": 592,
  "llr_mtime": 1764948396.2194467,
  "rnti": 4660,
  "fullgrid_file": "f0508_s01_fullgrid_idx000592.bin",
  "txbits_file": "f0508_s01_txbits_idx001015_rnti04660.bin",
  "llr_file": "f0508_s01_llr_idx000592.bin",
  "ldpc_cfg_file": "f0508_s01_ldpc.json"
}