{
  "frame": 535,
  "slot": 11,
  "fg_idx": 647,
  "fg_mtime": 1764948396.367441,
  "tx_idx": 1070,
  "tx_mtime": 1764948396.366441,
  "llr_idx": 647,
  "llr_mtime": 1764948396.3684409,
  "rnti": 4660,
  "fullgrid_file": "f0535_s11_fullgrid_idx000647.bin",
  "txbits_file": "f0535_s11_txbits_idx001070_rnti04660.bin",
  "llr_file": "f0535_s11_llr_idx000647.bin",
  "ldpc_cfg_file": "f0535_s11_ldpc.json"
}