{
  "frame": 330,
  "slot": 11,
  "fg_idx": 237,
  "fg_mtime": 1764948395.406478,
  "tx_idx": 660,
  "tx_mtime": 1764948395.404478,
  "llr_idx": 237,
  "llr_mtime": 1764948395.406478,
  "rnti": 4660,
  "fullgrid_file": "f0330_s11_fullgrid_idx000237.bin",
  "txbits_file": "f0330_s11_txbits_idx000660_rnti04660.bin",
  "llr_file": "f0330_s11_llr_idx000237.bin",
  "ldpc_cfg_file": "f0330_s11_ldpc.json"
}