{
  "frame": 223,
  "slot": 11,
  "fg_idx": 23,
  "fg_mtime": 1764948394.932496,
  "tx_idx": 446,
  "tx_mtime": 1764948394.9314961,
  "llr_idx": 23,
  "llr_mtime": 1764948394.932496,
  "rnti": 4660,
  "fullgrid_file": "f0223_s11_fullgrid_idx000023.bin",
  "txbits_file": "f0223_s11_txbits_idx000446_rnti04660.bin",
  "llr_file": "f0223_s11_llr_idx000023.bin",
  "ldpc_cfg_file": "f0223_s11_ldpc.json"
}