{
  "frame": 728,
  "slot": 1,
  "fg_idx": 1032,
  "fg_mtime": 1764948397.199409,
  "tx_idx": 1455,
  "tx_mtime": 1764948397.1974092,
  "llr_idx": 1032,
  "llr_mtime": 1764948397.199409,
  "rnti": 4660,
  "fullgrid_file": "f0728_s01_fullgrid_idx001032.bin",
  "txbits_file": "f0728_s01_txbits_idx001455_rnti04660.bin",
  "llr_file": "f0728_s01_llr_idx001032.bin",
  "ldpc_cfg_file": "f0728_s01_ldpc.json"
}