{
  "frame": 722,
  "slot": 1,
  "fg_idx": 1020,
  "fg_mtime": 1764948397.17341,
  "tx_idx": 1443,
  "tx_mtime": 1764948397.17241,
  "llr_idx": 1020,
  "llr_mtime": 1764948397.17341,
  "rnti": 4660,
  "fullgrid_file": "f0722_s01_fullgrid_idx001020.bin",
  "txbits_file": "f0722_s01_txbits_idx001443_rnti04660.bin",
  "llr_file": "f0722_s01_llr_idx001020.bin",
  "ldpc_cfg_file": "f0722_s01_ldpc.json"
}