{
  "frame": 321,
  "slot": 11,
  "fg_idx": 219,
  "fg_mtime": 1764948395.3654795,
  "tx_idx": 642,
  "tx_mtime": 1764948395.3634796,
  "llr_idx": 219,
  "llr_mtime": 1764948395.3654795,
  "rnti": 4660,
  "fullgrid_file": "f0321_s11_fullgrid_idx000219.bin",
  "txbits_file": "f0321_s11_txbits_idx000642_rnti04660.bin",
  "llr_file": "f0321_s11_llr_idx000219.bin",
  "ldpc_cfg_file": "f0321_s11_ldpc.json"
}