{
  "frame": 339,
  "slot": 11,
  "fg_idx": 255,
  "fg_mtime": 1764948395.4484763,
  "tx_idx": 678,
  "tx_mtime": 1764948395.4474764,
  "llr_idx": 255,
  "llr_mtime": 1764948395.4484763,
  "rnti": 4660,
  "fullgrid_file": "f0339_s11_fullgrid_idx000255.bin",
  "txbits_file": "f0339_s11_txbits_idx000678_rnti04660.bin",
  "llr_file": "f0339_s11_llr_idx000255.bin",
  "ldpc_cfg_file": "f0339_s11_ldpc.json"
}