{
  "frame": 431,
  "slot": 11,
  "fg_idx": 439,
  "fg_mtime": 1764948395.87046,
  "tx_idx": 862,
  "tx_mtime": 1764948395.8684602,
  "llr_idx": 439,
  "llr_mtime": 1764948395.87046,
  "rnti": 4660,
  "fullgrid_file": "f0431_s11_fullgrid_idx000439.bin",
  "txbits_file": "f0431_s11_txbits_idx000862_rnti04660.bin",
  "llr_file": "f0431_s11_llr_idx000439.bin",
  "ldpc_cfg_file": "f0431_s11_ldpc.json"
}