{
  "frame": 477,
  "slot": 11,
  "fg_idx": 531,
  "fg_mtime": 1764948396.079452,
  "tx_idx": 954,
  "tx_mtime": 1764948396.0774522,
  "llr_idx": 531,
  "llr_mtime": 1764948396.079452,
  "rnti": 4660,
  "fullgrid_file": "f0477_s11_fullgrid_idx000531.bin",
  "txbits_file": "f0477_s11_txbits_idx000954_rnti04660.bin",
  "llr_file": "f0477_s11_llr_idx000531.bin",
  "ldpc_cfg_file": "f0477_s11_ldpc.json"
}