{
  "frame": 540,
  "slot": 11,
  "fg_idx": 657,
  "fg_mtime": 1764948396.39144,
  "tx_idx": 1080,
  "tx_mtime": 1764948396.38944,
  "llr_idx": 657,
  "llr_mtime": 1764948396.39144,
  "rnti": 4660,
  "fullgrid_file": "f0540_s11_fullgrid_idx000657.bin",
  "txbits_file": "f0540_s11_txbits_idx001080_rnti04660.bin",
  "llr_file": "f0540_s11_llr_idx000657.bin",
  "ldpc_cfg_file": "f0540_s11_ldpc.json"
}