{
  "frame": 582,
  "slot": 1,
  "fg_idx": 740,
  "fg_mtime": 1764948396.5694332,
  "tx_idx": 1163,
  "tx_mtime": 1764948396.5684333,
  "llr_idx": 740,
  "llr_mtime": 1764948396.5694332,
  "rnti": 4660,
  "fullgrid_file": "f0582_s01_fullgrid_idx000740.bin",
  "txbits_file": "f0582_s01_txbits_idx001163_rnti04660.bin",
  "llr_file": "f0582_s01_llr_idx000740.bin",
  "ldpc_cfg_file": "f0582_s01_ldpc.json"
}