{
  "frame": 624,
  "slot": 1,
  "fg_idx": 824,
  "fg_mtime": 1764948396.7494264,
  "tx_idx": 1247,
  "tx_mtime": 1764948396.7474263,
  "llr_idx": 824,
  "llr_mtime": 1764948396.7494264,
  "rnti": 4660,
  "fullgrid_file": "f0624_s01_fullgrid_idx000824.bin",
  "txbits_file": "f0624_s01_txbits_idx001247_rnti04660.bin",
  "llr_file": "f0624_s01_llr_idx000824.bin",
  "ldpc_cfg_file": "f0624_s01_ldpc.json"
}