{
  "frame": 743,
  "slot": 1,
  "fg_idx": 1062,
  "fg_mtime": 1764948397.2664065,
  "tx_idx": 1485,
  "tx_mtime": 1764948397.2654064,
  "llr_idx": 1062,
  "llr_mtime": 1764948397.2664065,
  "rnti": 4660,
  "fullgrid_file": "f0743_s01_fullgrid_idx001062.bin",
  "txbits_file": "f0743_s01_txbits_idx001485_rnti04660.bin",
  "llr_file": "f0743_s01_llr_idx001062.bin",
  "ldpc_cfg_file": "f0743_s01_ldpc.json"
}