{
  "frame": 512,
  "slot": 11,
  "fg_idx": 601,
  "fg_mtime": 1764948396.2404459,
  "tx_idx": 1024,
  "tx_mtime": 1764948396.238446,
  "llr_idx": 601,
  "llr_mtime": 1764948396.2404459,
  "rnti": 4660,
  "fullgrid_file": "f0512_s11_fullgrid_idx000601.bin",
  "txbits_file": "f0512_s11_txbits_idx001024_rnti04660.bin",
  "llr_file": "f0512_s11_llr_idx000601.bin",
  "ldpc_cfg_file": "f0512_s11_ldpc.json"
}