{
  "frame": 553,
  "slot": 1,
  "fg_idx": 682,
  "fg_mtime": 1764948396.444438,
  "tx_idx": 1105,
  "tx_mtime": 1764948396.443438,
  "llr_idx": 682,
  "llr_mtime": 1764948396.444438,
  "rnti": 4660,
  "fullgrid_file": "f0553_s01_fullgrid_idx000682.bin",
  "txbits_file": "f0553_s01_txbits_idx001105_rnti04660.bin",
  "llr_file": "f0553_s01_llr_idx000682.bin",
  "ldpc_cfg_file": "f0553_s01_ldpc.json"
}