{
  "frame": 220,
  "slot": 11,
  "fg_idx": 17,
  "fg_mtime": 1764948394.9204967,
  "tx_idx": 440,
  "tx_mtime": 1764948394.9184966,
  "llr_idx": 17,
  "llr_mtime": 1764948394.9204967,
  "rnti": 4660,
  "fullgrid_file": "f0220_s11_fullgrid_idx000017.bin",
  "txbits_file": "f0220_s11_txbits_idx000440_rnti04660.bin",
  "llr_file": "f0220_s11_llr_idx000017.bin",
  "ldpc_cfg_file": "f0220_s11_ldpc.json"
}