{
  "frame": 467,
  "slot": 1,
  "fg_idx": 510,
  "fg_mtime": 1764948396.0314538,
  "tx_idx": 933,
  "tx_mtime": 1764948396.029454,
  "llr_idx": 510,
  "llr_mtime": 1764948396.0314538,
  "rnti": 4660,
  "fullgrid_file": "f0467_s01_fullgrid_idx000510.bin",
  "txbits_file": "f0467_s01_txbits_idx000933_rnti04660.bin",
  "llr_file": "f0467_s01_llr_idx000510.bin",
  "ldpc_cfg_file": "f0467_s01_ldpc.json"
}