{
  "frame": 924,
  "slot": 11,
  "fg_idx": 1425,
  "fg_mtime": 1764948398.108374,
  "tx_idx": 1848,
  "tx_mtime": 1764948398.1063743,
  "llr_idx": 1425,
  "llr_mtime": 1764948398.108374,
  "rnti": 4660,
  "fullgrid_file": "f0924_s11_fullgrid_idx001425.bin",
  "txbits_file": "f0924_s11_txbits_idx001848_rnti04660.bin",
  "llr_file": "f0924_s11_llr_idx001425.bin",
  "ldpc_cfg_file": "f0924_s11_ldpc.json"
}