{
  "frame": 541,
  "slot": 11,
  "fg_idx": 659,
  "fg_mtime": 1764948396.3954399,
  "tx_idx": 1082,
  "tx_mtime": 1764948396.39344,
  "llr_idx": 659,
  "llr_mtime": 1764948396.3954399,
  "rnti": 4660,
  "fullgrid_file": "f0541_s11_fullgrid_idx000659.bin",
  "txbits_file": "f0541_s11_txbits_idx001082_rnti04660.bin",
  "llr_file": "f0541_s11_llr_idx000659.bin",
  "ldpc_cfg_file": "f0541_s11_ldpc.json"
}