{
  "frame": 234,
  "slot": 11,
  "fg_idx": 45,
  "fg_mtime": 1764948394.9774945,
  "tx_idx": 468,
  "tx_mtime": 1764948394.9754946,
  "llr_idx": 45,
  "llr_mtime": 1764948394.9774945,
  "rnti": 4660,
  "fullgrid_file": "f0234_s11_fullgrid_idx000045.bin",
  "txbits_file": "f0234_s11_txbits_idx000468_rnti04660.bin",
  "llr_file": "f0234_s11_llr_idx000045.bin",
  "ldpc_cfg_file": "f0234_s11_ldpc.json"
}