{
  "frame": 514,
  "slot": 11,
  "fg_idx": 605,
  "fg_mtime": 1764948396.2494454,
  "tx_idx": 1028,
  "tx_mtime": 1764948396.2474456,
  "llr_idx": 605,
  "llr_mtime": 1764948396.2494454,
  "rnti": 4660,
  "fullgrid_file": "f0514_s11_fullgrid_idx000605.bin",
  "txbits_file": "f0514_s11_txbits_idx001028_rnti04660.bin",
  "llr_file": "f0514_s11_llr_idx000605.bin",
  "ldpc_cfg_file": "f0514_s11_ldpc.json"
}