{
  "frame": 680,
  "slot": 11,
  "fg_idx": 937,
  "fg_mtime": 1764948396.989417,
  "tx_idx": 1360,
  "tx_mtime": 1764948396.9884171,
  "llr_idx": 937,
  "llr_mtime": 1764948396.989417,
  "rnti": 4660,
  "fullgrid_file": "f0680_s11_fullgrid_idx000937.bin",
  "txbits_file": "f0680_s11_txbits_idx001360_rnti04660.bin",
  "llr_file": "f0680_s11_llr_idx000937.bin",
  "ldpc_cfg_file": "f0680_s11_ldpc.json"
}