{
  "frame": 304,
  "slot": 1,
  "fg_idx": 184,
  "fg_mtime": 1764948395.2864826,
  "tx_idx": 607,
  "tx_mtime": 1764948395.2854826,
  "llr_idx": 184,
  "llr_mtime": 1764948395.2864826,
  "rnti": 4660,
  "fullgrid_file": "f0304_s01_fullgrid_idx000184.bin",
  "txbits_file": "f0304_s01_txbits_idx000607_rnti04660.bin",
  "llr_file": "f0304_s01_llr_idx000184.bin",
  "ldpc_cfg_file": "f0304_s01_ldpc.json"
}