{
  "frame": 671,
  "slot": 11,
  "fg_idx": 919,
  "fg_mtime": 1764948396.9494185,
  "tx_idx": 1342,
  "tx_mtime": 1764948396.9474187,
  "llr_idx": 919,
  "llr_mtime": 1764948396.9494185,
  "rnti": 4660,
  "fullgrid_file": "f0671_s11_fullgrid_idx000919.bin",
  "txbits_file": "f0671_s11_txbits_idx001342_rnti04660.bin",
  "llr_file": "f0671_s11_llr_idx000919.bin",
  "ldpc_cfg_file": "f0671_s11_ldpc.json"
}