{
  "frame": 372,
  "slot": 1,
  "fg_idx": 320,
  "fg_mtime": 1764948395.5964706,
  "tx_idx": 743,
  "tx_mtime": 1764948395.5944707,
  "llr_idx": 320,
  "llr_mtime": 1764948395.5964706,
  "rnti": 4660,
  "fullgrid_file": "f0372_s01_fullgrid_idx000320.bin",
  "txbits_file": "f0372_s01_txbits_idx000743_rnti04660.bin",
  "llr_file": "f0372_s01_llr_idx000320.bin",
  "ldpc_cfg_file": "f0372_s01_ldpc.json"
}