{
  "frame": 251,
  "slot": 11,
  "fg_idx": 79,
  "fg_mtime": 1764948395.0504916,
  "tx_idx": 502,
  "tx_mtime": 1764948395.0494916,
  "llr_idx": 79,
  "llr_mtime": 1764948395.0514915,
  "rnti": 4660,
  "fullgrid_file": "f0251_s11_fullgrid_idx000079.bin",
  "txbits_file": "f0251_s11_txbits_idx000502_rnti04660.bin",
  "llr_file": "f0251_s11_llr_idx000079.bin",
  "ldpc_cfg_file": "f0251_s11_ldpc.json"
}