{
  "frame": 968,
  "slot": 11,
  "fg_idx": 1513,
  "fg_mtime": 1764948398.3203661,
  "tx_idx": 1936,
  "tx_mtime": 1764948398.318366,
  "llr_idx": 1513,
  "llr_mtime": 1764948398.3203661,
  "rnti": 4660,
  "fullgrid_file": "f0968_s11_fullgrid_idx001513.bin",
  "txbits_file": "f0968_s11_txbits_idx001936_rnti04660.bin",
  "llr_file": "f0968_s11_llr_idx001513.bin",
  "ldpc_cfg_file": "f0968_s11_ldpc.json"
}