{
  "frame": 993,
  "slot": 11,
  "fg_idx": 1563,
  "fg_mtime": 1764948398.4443614,
  "tx_idx": 1986,
  "tx_mtime": 1764948398.4423614,
  "llr_idx": 1563,
  "llr_mtime": 1764948398.4443614,
  "rnti": 4660,
  "fullgrid_file": "f0993_s11_fullgrid_idx001563.bin",
  "txbits_file": "f0993_s11_txbits_idx001986_rnti04660.bin",
  "llr_file": "f0993_s11_llr_idx001563.bin",
  "ldpc_cfg_file": "f0993_s11_ldpc.json"
}