{
  "frame": 366,
  "slot": 11,
  "fg_idx": 309,
  "fg_mtime": 1764948395.5714715,
  "tx_idx": 732,
  "tx_mtime": 1764948395.5704715,
  "llr_idx": 309,
  "llr_mtime": 1764948395.5724716,
  "rnti": 4660,
  "fullgrid_file": "f0366_s11_fullgrid_idx000309.bin",
  "txbits_file": "f0366_s11_txbits_idx000732_rnti04660.bin",
  "llr_file": "f0366_s11_llr_idx000309.bin",
  "ldpc_cfg_file": "f0366_s11_ldpc.json"
}