{
  "frame": 812,
  "slot": 1,
  "fg_idx": 1200,
  "fg_mtime": 1764948397.589394,
  "tx_idx": 1623,
  "tx_mtime": 1764948397.5873942,
  "llr_idx": 1200,
  "llr_mtime": 1764948397.589394,
  "rnti": 4660,
  "fullgrid_file": "f0812_s01_fullgrid_idx001200.bin",
  "txbits_file": "f0812_s01_txbits_idx001623_rnti04660.bin",
  "llr_file": "f0812_s01_llr_idx001200.bin",
  "ldpc_cfg_file": "f0812_s01_ldpc.json"
}