{
  "frame": 703,
  "slot": 11,
  "fg_idx": 983,
  "fg_mtime": 1764948397.091413,
  "tx_idx": 1406,
  "tx_mtime": 1764948397.090413,
  "llr_idx": 983,
  "llr_mtime": 1764948397.0924132,
  "rnti": 4660,
  "fullgrid_file": "f0703_s11_fullgrid_idx000983.bin",
  "txbits_file": "f0703_s11_txbits_idx001406_rnti04660.bin",
  "llr_file": "f0703_s11_llr_idx000983.bin",
  "ldpc_cfg_file": "f0703_s11_ldpc.json"
}