{
  "frame": 334,
  "slot": 1,
  "fg_idx": 244,
  "fg_mtime": 1764948395.4214773,
  "tx_idx": 667,
  "tx_mtime": 1764948395.4204774,
  "llr_idx": 244,
  "llr_mtime": 1764948395.4224772,
  "rnti": 4660,
  "fullgrid_file": "f0334_s01_fullgrid_idx000244.bin",
  "txbits_file": "f0334_s01_txbits_idx000667_rnti04660.bin",
  "llr_file": "f0334_s01_llr_idx000244.bin",
  "ldpc_cfg_file": "f0334_s01_ldpc.json"
}