{
  "frame": 784,
  "slot": 11,
  "fg_idx": 1145,
  "fg_mtime": 1764948397.459399,
  "tx_idx": 1568,
  "tx_mtime": 1764948397.4573991,
  "llr_idx": 1145,
  "llr_mtime": 1764948397.459399,
  "rnti": 4660,
  "fullgrid_file": "f0784_s11_fullgrid_idx001145.bin",
  "txbits_file": "f0784_s11_txbits_idx001568_rnti04660.bin",
  "llr_file": "f0784_s11_llr_idx001145.bin",
  "ldpc_cfg_file": "f0784_s11_ldpc.json"
}