{
  "frame": 345,
  "slot": 1,
  "fg_idx": 266,
  "fg_mtime": 1764948395.4734752,
  "tx_idx": 689,
  "tx_mtime": 1764948395.4714754,
  "llr_idx": 266,
  "llr_mtime": 1764948395.4734752,
  "rnti": 4660,
  "fullgrid_file": "f0345_s01_fullgrid_idx000266.bin",
  "txbits_file": "f0345_s01_txbits_idx000689_rnti04660.bin",
  "llr_file": "f0345_s01_llr_idx000266.bin",
  "ldpc_cfg_file": "f0345_s01_ldpc.json"
}