{
  "frame": 294,
  "slot": 11,
  "fg_idx": 165,
  "fg_mtime": 1764948395.245484,
  "tx_idx": 588,
  "tx_mtime": 1764948395.2434843,
  "llr_idx": 165,
  "llr_mtime": 1764948395.246484,
  "rnti": 4660,
  "fullgrid_file": "f0294_s11_fullgrid_idx000165.bin",
  "txbits_file": "f0294_s11_txbits_idx000588_rnti04660.bin",
  "llr_file": "f0294_s11_llr_idx000165.bin",
  "ldpc_cfg_file": "f0294_s11_ldpc.json"
}