{
  "frame": 978,
  "slot": 1,
  "fg_idx": 1532,
  "fg_mtime": 1764948398.3663642,
  "tx_idx": 1955,
  "tx_mtime": 1764948398.3643644,
  "llr_idx": 1532,
  "llr_mtime": 1764948398.3663642,
  "rnti": 4660,
  "fullgrid_file": "f0978_s01_fullgrid_idx001532.bin",
  "txbits_file": "f0978_s01_txbits_idx001955_rnti04660.bin",
  "llr_file": "f0978_s01_llr_idx001532.bin",
  "ldpc_cfg_file": "f0978_s01_ldpc.json"
}