{
  "frame": 991,
  "slot": 11,
  "fg_idx": 1559,
  "fg_mtime": 1764948398.4343617,
  "tx_idx": 1982,
  "tx_mtime": 1764948398.4323618,
  "llr_idx": 1559,
  "llr_mtime": 1764948398.4343617,
  "rnti": 4660,
  "fullgrid_file": "f0991_s11_fullgrid_idx001559.bin",
  "txbits_file": "f0991_s11_txbits_idx001982_rnti04660.bin",
  "llr_file": "f0991_s11_llr_idx001559.bin",
  "ldpc_cfg_file": "f0991_s11_ldpc.json"
}