{
  "frame": 386,
  "slot": 11,
  "fg_idx": 349,
  "fg_mtime": 1764948395.6634681,
  "tx_idx": 772,
  "tx_mtime": 1764948395.661468,
  "llr_idx": 349,
  "llr_mtime": 1764948395.6634681,
  "rnti": 4660,
  "fullgrid_file": "f0386_s11_fullgrid_idx000349.bin",
  "txbits_file": "f0386_s11_txbits_idx000772_rnti04660.bin",
  "llr_file": "f0386_s11_llr_idx000349.bin",
  "ldpc_cfg_file": "f0386_s11_ldpc.json"
}