{
  "frame": 448,
  "slot": 1,
  "fg_idx": 472,
  "fg_mtime": 1764948395.9444573,
  "tx_idx": 895,
  "tx_mtime": 1764948395.9424572,
  "llr_idx": 472,
  "llr_mtime": 1764948395.9444573,
  "rnti": 4660,
  "fullgrid_file": "f0448_s01_fullgrid_idx000472.bin",
  "txbits_file": "f0448_s01_txbits_idx000895_rnti04660.bin",
  "llr_file": "f0448_s01_llr_idx000472.bin",
  "ldpc_cfg_file": "f0448_s01_ldpc.json"
}