{
  "frame": 328,
  "slot": 11,
  "fg_idx": 233,
  "fg_mtime": 1764948395.3974783,
  "tx_idx": 656,
  "tx_mtime": 1764948395.3954782,
  "llr_idx": 233,
  "llr_mtime": 1764948395.3974783,
  "rnti": 4660,
  "fullgrid_file": "f0328_s11_fullgrid_idx000233.bin",
  "txbits_file": "f0328_s11_txbits_idx000656_rnti04660.bin",
  "llr_file": "f0328_s11_llr_idx000233.bin",
  "ldpc_cfg_file": "f0328_s11_ldpc.json"
}