{
  "frame": 492,
  "slot": 11,
  "fg_idx": 561,
  "fg_mtime": 1764948396.1464493,
  "tx_idx": 984,
  "tx_mtime": 1764948396.1444495,
  "llr_idx": 561,
  "llr_mtime": 1764948396.1464493,
  "rnti": 4660,
  "fullgrid_file": "f0492_s11_fullgrid_idx000561.bin",
  "txbits_file": "f0492_s11_txbits_idx000984_rnti04660.bin",
  "llr_file": "f0492_s11_llr_idx000561.bin",
  "ldpc_cfg_file": "f0492_s11_ldpc.json"
}