{
  "frame": 346,
  "slot": 11,
  "fg_idx": 269,
  "fg_mtime": 1764948395.480475,
  "tx_idx": 692,
  "tx_mtime": 1764948395.478475,
  "llr_idx": 269,
  "llr_mtime": 1764948395.480475,
  "rnti": 4660,
  "fullgrid_file": "f0346_s11_fullgrid_idx000269.bin",
  "txbits_file": "f0346_s11_txbits_idx000692_rnti04660.bin",
  "llr_file": "f0346_s11_llr_idx000269.bin",
  "ldpc_cfg_file": "f0346_s11_ldpc.json"
}