{
  "frame": 354,
  "slot": 1,
  "fg_idx": 284,
  "fg_mtime": 1764948395.5144737,
  "tx_idx": 707,
  "tx_mtime": 1764948395.5134737,
  "llr_idx": 284,
  "llr_mtime": 1764948395.5144737,
  "rnti": 4660,
  "fullgrid_file": "f0354_s01_fullgrid_idx000284.bin",
  "txbits_file": "f0354_s01_txbits_idx000707_rnti04660.bin",
  "llr_file": "f0354_s01_llr_idx000284.bin",
  "ldpc_cfg_file": "f0354_s01_ldpc.json"
}