{
  "frame": 450,
  "slot": 11,
  "fg_idx": 477,
  "fg_mtime": 1764948395.9554567,
  "tx_idx": 900,
  "tx_mtime": 1764948395.9534569,
  "llr_idx": 477,
  "llr_mtime": 1764948395.9554567,
  "rnti": 4660,
  "fullgrid_file": "f0450_s11_fullgrid_idx000477.bin",
  "txbits_file": "f0450_s11_txbits_idx000900_rnti04660.bin",
  "llr_file": "f0450_s11_llr_idx000477.bin",
  "ldpc_cfg_file": "f0450_s11_ldpc.json"
}