{
  "frame": 334,
  "slot": 11,
  "fg_idx": 245,
  "fg_mtime": 1764948395.4234772,
  "tx_idx": 668,
  "tx_mtime": 1764948395.4224772,
  "llr_idx": 245,
  "llr_mtime": 1764948395.424477,
  "rnti": 4660,
  "fullgrid_file": "f0334_s11_fullgrid_idx000245.bin",
  "txbits_file": "f0334_s11_txbits_idx000668_rnti04660.bin",
  "llr_file": "f0334_s11_llr_idx000245.bin",
  "ldpc_cfg_file": "f0334_s11_ldpc.json"
}