{
  "frame": 552,
  "slot": 1,
  "fg_idx": 680,
  "fg_mtime": 1764948396.440438,
  "tx_idx": 1103,
  "tx_mtime": 1764948396.439438,
  "llr_idx": 680,
  "llr_mtime": 1764948396.440438,
  "rnti": 4660,
  "fullgrid_file": "f0552_s01_fullgrid_idx000680.bin",
  "txbits_file": "f0552_s01_txbits_idx001103_rnti04660.bin",
  "llr_file": "f0552_s01_llr_idx000680.bin",
  "ldpc_cfg_file": "f0552_s01_ldpc.json"
}