{
  "frame": 555,
  "slot": 11,
  "fg_idx": 687,
  "fg_mtime": 1764948396.4564376,
  "tx_idx": 1110,
  "tx_mtime": 1764948396.4554377,
  "llr_idx": 687,
  "llr_mtime": 1764948396.4574375,
  "rnti": 4660,
  "fullgrid_file": "f0555_s11_fullgrid_idx000687.bin",
  "txbits_file": "f0555_s11_txbits_idx001110_rnti04660.bin",
  "llr_file": "f0555_s11_llr_idx000687.bin",
  "ldpc_cfg_file": "f0555_s11_ldpc.json"
}