{
  "frame": 924,
  "slot": 1,
  "fg_idx": 1424,
  "fg_mtime": 1764948398.1063743,
  "tx_idx": 1847,
  "tx_mtime": 1764948398.1043744,
  "llr_idx": 1424,
  "llr_mtime": 1764948398.1063743,
  "rnti": 4660,
  "fullgrid_file": "f0924_s01_fullgrid_idx001424.bin",
  "txbits_file": "f0924_s01_txbits_idx001847_rnti04660.bin",
  "llr_file": "f0924_s01_llr_idx001424.bin",
  "ldpc_cfg_file": "f0924_s01_ldpc.json"
}