{
  "frame": 269,
  "slot": 1,
  "fg_idx": 114,
  "fg_mtime": 1764948395.1314886,
  "tx_idx": 537,
  "tx_mtime": 1764948395.1294885,
  "llr_idx": 114,
  "llr_mtime": 1764948395.1314886,
  "rnti": 4660,
  "fullgrid_file": "f0269_s01_fullgrid_idx000114.bin",
  "txbits_file": "f0269_s01_txbits_idx000537_rnti04660.bin",
  "llr_file": "f0269_s01_llr_idx000114.bin",
  "ldpc_cfg_file": "f0269_s01_ldpc.json"
}