{
  "frame": 440,
  "slot": 11,
  "fg_idx": 457,
  "fg_mtime": 1764948395.9104586,
  "tx_idx": 880,
  "tx_mtime": 1764948395.9094586,
  "llr_idx": 457,
  "llr_mtime": 1764948395.9114585,
  "rnti": 4660,
  "fullgrid_file": "f0440_s11_fullgrid_idx000457.bin",
  "txbits_file": "f0440_s11_txbits_idx000880_rnti04660.bin",
  "llr_file": "f0440_s11_llr_idx000457.bin",
  "ldpc_cfg_file": "f0440_s11_ldpc.json"
}