{
  "frame": 389,
  "slot": 1,
  "fg_idx": 354,
  "fg_mtime": 1764948395.6744676,
  "tx_idx": 777,
  "tx_mtime": 1764948395.6734676,
  "llr_idx": 354,
  "llr_mtime": 1764948395.6744676,
  "rnti": 4660,
  "fullgrid_file": "f0389_s01_fullgrid_idx000354.bin",
  "txbits_file": "f0389_s01_txbits_idx000777_rnti04660.bin",
  "llr_file": "f0389_s01_llr_idx000354.bin",
  "ldpc_cfg_file": "f0389_s01_ldpc.json"
}