{
  "frame": 322,
  "slot": 1,
  "fg_idx": 220,
  "fg_mtime": 1764948395.3674793,
  "tx_idx": 643,
  "tx_mtime": 1764948395.3654795,
  "llr_idx": 220,
  "llr_mtime": 1764948395.3684793,
  "rnti": 4660,
  "fullgrid_file": "f0322_s01_fullgrid_idx000220.bin",
  "txbits_file": "f0322_s01_txbits_idx000643_rnti04660.bin",
  "llr_file": "f0322_s01_llr_idx000220.bin",
  "ldpc_cfg_file": "f0322_s01_ldpc.json"
}