{
  "frame": 385,
  "slot": 1,
  "fg_idx": 346,
  "fg_mtime": 1764948395.6564684,
  "tx_idx": 769,
  "tx_mtime": 1764948395.6554682,
  "llr_idx": 346,
  "llr_mtime": 1764948395.6574683,
  "rnti": 4660,
  "fullgrid_file": "f0385_s01_fullgrid_idx000346.bin",
  "txbits_file": "f0385_s01_txbits_idx000769_rnti04660.bin",
  "llr_file": "f0385_s01_llr_idx000346.bin",
  "ldpc_cfg_file": "f0385_s01_ldpc.json"
}