{
  "frame": 891,
  "slot": 11,
  "fg_idx": 1359,
  "fg_mtime": 1764948397.95538,
  "tx_idx": 1782,
  "tx_mtime": 1764948397.95338,
  "llr_idx": 1359,
  "llr_mtime": 1764948397.95538,
  "rnti": 4660,
  "fullgrid_file": "f0891_s11_fullgrid_idx001359.bin",
  "txbits_file": "f0891_s11_txbits_idx001782_rnti04660.bin",
  "llr_file": "f0891_s11_llr_idx001359.bin",
  "ldpc_cfg_file": "f0891_s11_ldpc.json"
}