{
  "frame": 538,
  "slot": 11,
  "fg_idx": 653,
  "fg_mtime": 1764948396.3824403,
  "tx_idx": 1076,
  "tx_mtime": 1764948396.3794405,
  "llr_idx": 653,
  "llr_mtime": 1764948396.3824403,
  "rnti": 4660,
  "fullgrid_file": "f0538_s11_fullgrid_idx000653.bin",
  "txbits_file": "f0538_s11_txbits_idx001076_rnti04660.bin",
  "llr_file": "f0538_s11_llr_idx000653.bin",
  "ldpc_cfg_file": "f0538_s11_ldpc.json"
}