{
  "frame": 476,
  "slot": 1,
  "fg_idx": 528,
  "fg_mtime": 1764948396.0724523,
  "tx_idx": 951,
  "tx_mtime": 1764948396.0704525,
  "llr_idx": 528,
  "llr_mtime": 1764948396.0724523,
  "rnti": 4660,
  "fullgrid_file": "f0476_s01_fullgrid_idx000528.bin",
  "txbits_file": "f0476_s01_txbits_idx000951_rnti04660.bin",
  "llr_file": "f0476_s01_llr_idx000528.bin",
  "ldpc_cfg_file": "f0476_s01_ldpc.json"
}