{
  "frame": 958,
  "slot": 1,
  "fg_idx": 1492,
  "fg_mtime": 1764948398.268368,
  "tx_idx": 1915,
  "tx_mtime": 1764948398.2663682,
  "llr_idx": 1492,
  "llr_mtime": 1764948398.268368,
  "rnti": 4660,
  "fullgrid_file": "f0958_s01_fullgrid_idx001492.bin",
  "txbits_file": "f0958_s01_txbits_idx001915_rnti04660.bin",
  "llr_file": "f0958_s01_llr_idx001492.bin",
  "ldpc_cfg_file": "f0958_s01_ldpc.json"
}