{
  "frame": 473,
  "slot": 1,
  "fg_idx": 522,
  "fg_mtime": 1764948396.0584528,
  "tx_idx": 945,
  "tx_mtime": 1764948396.056453,
  "llr_idx": 522,
  "llr_mtime": 1764948396.0584528,
  "rnti": 4660,
  "fullgrid_file": "f0473_s01_fullgrid_idx000522.bin",
  "txbits_file": "f0473_s01_txbits_idx000945_rnti04660.bin",
  "llr_file": "f0473_s01_llr_idx000522.bin",
  "ldpc_cfg_file": "f0473_s01_ldpc.json"
}