{
  "frame": 271,
  "slot": 1,
  "fg_idx": 118,
  "fg_mtime": 1764948395.1404881,
  "tx_idx": 541,
  "tx_mtime": 1764948395.1384883,
  "llr_idx": 118,
  "llr_mtime": 1764948395.1404881,
  "rnti": 4660,
  "fullgrid_file": "f0271_s01_fullgrid_idx000118.bin",
  "txbits_file": "f0271_s01_txbits_idx000541_rnti04660.bin",
  "llr_file": "f0271_s01_llr_idx000118.bin",
  "ldpc_cfg_file": "f0271_s01_ldpc.json"
}