{
  "frame": 717,
  "slot": 11,
  "fg_idx": 1011,
  "fg_mtime": 1764948397.1554108,
  "tx_idx": 1434,
  "tx_mtime": 1764948397.1534107,
  "llr_idx": 1011,
  "llr_mtime": 1764948397.1554108,
  "rnti": 4660,
  "fullgrid_file": "f0717_s11_fullgrid_idx001011.bin",
  "txbits_file": "f0717_s11_txbits_idx001434_rnti04660.bin",
  "llr_file": "f0717_s11_llr_idx001011.bin",
  "ldpc_cfg_file": "f0717_s11_ldpc.json"
}