{
  "frame": 563,
  "slot": 1,
  "fg_idx": 702,
  "fg_mtime": 1764948396.4874363,
  "tx_idx": 1125,
  "tx_mtime": 1764948396.4854364,
  "llr_idx": 702,
  "llr_mtime": 1764948396.4874363,
  "rnti": 4660,
  "fullgrid_file": "f0563_s01_fullgrid_idx000702.bin",
  "txbits_file": "f0563_s01_txbits_idx001125_rnti04660.bin",
  "llr_file": "f0563_s01_llr_idx000702.bin",
  "ldpc_cfg_file": "f0563_s01_ldpc.json"
}