{
  "frame": 622,
  "slot": 1,
  "fg_idx": 820,
  "fg_mtime": 1764948396.7394266,
  "tx_idx": 1243,
  "tx_mtime": 1764948396.7374268,
  "llr_idx": 820,
  "llr_mtime": 1764948396.7394266,
  "rnti": 4660,
  "fullgrid_file": "f0622_s01_fullgrid_idx000820.bin",
  "txbits_file": "f0622_s01_txbits_idx001243_rnti04660.bin",
  "llr_file": "f0622_s01_llr_idx000820.bin",
  "ldpc_cfg_file": "f0622_s01_ldpc.json"
}