{
  "frame": 221,
  "slot": 11,
  "fg_idx": 19,
  "fg_mtime": 1764948394.9234965,
  "tx_idx": 442,
  "tx_mtime": 1764948394.9224966,
  "llr_idx": 19,
  "llr_mtime": 1764948394.9234965,
  "rnti": 4660,
  "fullgrid_file": "f0221_s11_fullgrid_idx000019.bin",
  "txbits_file": "f0221_s11_txbits_idx000442_rnti04660.bin",
  "llr_file": "f0221_s11_llr_idx000019.bin",
  "ldpc_cfg_file": "f0221_s11_ldpc.json"
}