{
  "frame": 265,
  "slot": 11,
  "fg_idx": 107,
  "fg_mtime": 1764948395.114489,
  "tx_idx": 530,
  "tx_mtime": 1764948395.1124892,
  "llr_idx": 107,
  "llr_mtime": 1764948395.114489,
  "rnti": 4660,
  "fullgrid_file": "f0265_s11_fullgrid_idx000107.bin",
  "txbits_file": "f0265_s11_txbits_idx000530_rnti04660.bin",
  "llr_file": "f0265_s11_llr_idx000107.bin",
  "ldpc_cfg_file": "f0265_s11_ldpc.json"
}