{
  "frame": 422,
  "slot": 1,
  "fg_idx": 420,
  "fg_mtime": 1764948395.8264618,
  "tx_idx": 843,
  "tx_mtime": 1764948395.8254619,
  "llr_idx": 420,
  "llr_mtime": 1764948395.8274617,
  "rnti": 4660,
  "fullgrid_file": "f0422_s01_fullgrid_idx000420.bin",
  "txbits_file": "f0422_s01_txbits_idx000843_rnti04660.bin",
  "llr_file": "f0422_s01_llr_idx000420.bin",
  "ldpc_cfg_file": "f0422_s01_ldpc.json"
}