{
  "frame": 968,
  "slot": 1,
  "fg_idx": 1512,
  "fg_mtime": 1764948398.318366,
  "tx_idx": 1935,
  "tx_mtime": 1764948398.3163662,
  "llr_idx": 1512,
  "llr_mtime": 1764948398.318366,
  "rnti": 4660,
  "fullgrid_file": "f0968_s01_fullgrid_idx001512.bin",
  "txbits_file": "f0968_s01_txbits_idx001935_rnti04660.bin",
  "llr_file": "f0968_s01_llr_idx001512.bin",
  "ldpc_cfg_file": "f0968_s01_ldpc.json"
}