{
  "frame": 336,
  "slot": 11,
  "fg_idx": 249,
  "fg_mtime": 1764948395.4344769,
  "tx_idx": 672,
  "tx_mtime": 1764948395.432477,
  "llr_idx": 249,
  "llr_mtime": 1764948395.4344769,
  "rnti": 4660,
  "fullgrid_file": "f0336_s11_fullgrid_idx000249.bin",
  "txbits_file": "f0336_s11_txbits_idx000672_rnti04660.bin",
  "llr_file": "f0336_s11_llr_idx000249.bin",
  "ldpc_cfg_file": "f0336_s11_ldpc.json"
}