{
  "frame": 999,
  "slot": 11,
  "fg_idx": 1575,
  "fg_mtime": 1764948398.4723604,
  "tx_idx": 1998,
  "tx_mtime": 1764948398.4703603,
  "llr_idx": 1575,
  "llr_mtime": 1764948398.4723604,
  "rnti": 4660,
  "fullgrid_file": "f0999_s11_fullgrid_idx001575.bin",
  "txbits_file": "f0999_s11_txbits_idx001998_rnti04660.bin",
  "llr_file": "f0999_s11_llr_idx001575.bin",
  "ldpc_cfg_file": "f0999_s11_ldpc.json"
}