{
  "frame": 806,
  "slot": 11,
  "fg_idx": 1189,
  "fg_mtime": 1764948397.563395,
  "tx_idx": 1612,
  "tx_mtime": 1764948397.5603952,
  "llr_idx": 1189,
  "llr_mtime": 1764948397.563395,
  "rnti": 4660,
  "fullgrid_file": "f0806_s11_fullgrid_idx001189.bin",
  "txbits_file": "f0806_s11_txbits_idx001612_rnti04660.bin",
  "llr_file": "f0806_s11_llr_idx001189.bin",
  "ldpc_cfg_file": "f0806_s11_ldpc.json"
}