{
  "frame": 693,
  "slot": 11,
  "fg_idx": 963,
  "fg_mtime": 1764948397.0474148,
  "tx_idx": 1386,
  "tx_mtime": 1764948397.0464149,
  "llr_idx": 963,
  "llr_mtime": 1764948397.0484147,
  "rnti": 4660,
  "fullgrid_file": "f0693_s11_fullgrid_idx000963.bin",
  "txbits_file": "f0693_s11_txbits_idx001386_rnti04660.bin",
  "llr_file": "f0693_s11_llr_idx000963.bin",
  "ldpc_cfg_file": "f0693_s11_ldpc.json"
}