{
  "frame": 498,
  "slot": 1,
  "fg_idx": 572,
  "fg_mtime": 1764948396.1724484,
  "tx_idx": 995,
  "tx_mtime": 1764948396.1704485,
  "llr_idx": 572,
  "llr_mtime": 1764948396.1724484,
  "rnti": 4660,
  "fullgrid_file": "f0498_s01_fullgrid_idx000572.bin",
  "txbits_file": "f0498_s01_txbits_idx000995_rnti04660.bin",
  "llr_file": "f0498_s01_llr_idx000572.bin",
  "ldpc_cfg_file": "f0498_s01_ldpc.json"
}