{
  "frame": 794,
  "slot": 1,
  "fg_idx": 1164,
  "fg_mtime": 1764948397.5033975,
  "tx_idx": 1587,
  "tx_mtime": 1764948397.5023973,
  "llr_idx": 1164,
  "llr_mtime": 1764948397.5033975,
  "rnti": 4660,
  "fullgrid_file": "f0794_s01_fullgrid_idx001164.bin",
  "txbits_file": "f0794_s01_txbits_idx001587_rnti04660.bin",
  "llr_file": "f0794_s01_llr_idx001164.bin",
  "ldpc_cfg_file": "f0794_s01_ldpc.json"
}