{
  "frame": 498,
  "slot": 11,
  "fg_idx": 573,
  "fg_mtime": 1764948396.1744483,
  "tx_idx": 996,
  "tx_mtime": 1764948396.1724484,
  "llr_idx": 573,
  "llr_mtime": 1764948396.1744483,
  "rnti": 4660,
  "fullgrid_file": "f0498_s11_fullgrid_idx000573.bin",
  "txbits_file": "f0498_s11_txbits_idx000996_rnti04660.bin",
  "llr_file": "f0498_s11_llr_idx000573.bin",
  "ldpc_cfg_file": "f0498_s11_ldpc.json"
}