{
  "frame": 533,
  "slot": 11,
  "fg_idx": 643,
  "fg_mtime": 1764948396.3564413,
  "tx_idx": 1066,
  "tx_mtime": 1764948396.3544414,
  "llr_idx": 643,
  "llr_mtime": 1764948396.3564413,
  "rnti": 4660,
  "fullgrid_file": "f0533_s11_fullgrid_idx000643.bin",
  "txbits_file": "f0533_s11_txbits_idx001066_rnti04660.bin",
  "llr_file": "f0533_s11_llr_idx000643.bin",
  "ldpc_cfg_file": "f0533_s11_ldpc.json"
}