{
  "frame": 397,
  "slot": 11,
  "fg_idx": 371,
  "fg_mtime": 1764948395.714466,
  "tx_idx": 794,
  "tx_mtime": 1764948395.7124662,
  "llr_idx": 371,
  "llr_mtime": 1764948395.714466,
  "rnti": 4660,
  "fullgrid_file": "f0397_s11_fullgrid_idx000371.bin",
  "txbits_file": "f0397_s11_txbits_idx000794_rnti04660.bin",
  "llr_file": "f0397_s11_llr_idx000371.bin",
  "ldpc_cfg_file": "f0397_s11_ldpc.json"
}