{
  "frame": 864,
  "slot": 11,
  "fg_idx": 1305,
  "fg_mtime": 1764948397.831385,
  "tx_idx": 1728,
  "tx_mtime": 1764948397.8293848,
  "llr_idx": 1305,
  "llr_mtime": 1764948397.831385,
  "rnti": 4660,
  "fullgrid_file": "f0864_s11_fullgrid_idx001305.bin",
  "txbits_file": "f0864_s11_txbits_idx001728_rnti04660.bin",
  "llr_file": "f0864_s11_llr_idx001305.bin",
  "ldpc_cfg_file": "f0864_s11_ldpc.json"
}