{
  "frame": 429,
  "slot": 1,
  "fg_idx": 434,
  "fg_mtime": 1764948395.8584604,
  "tx_idx": 857,
  "tx_mtime": 1764948395.8564606,
  "llr_idx": 434,
  "llr_mtime": 1764948395.8584604,
  "rnti": 4660,
  "fullgrid_file": "f0429_s01_fullgrid_idx000434.bin",
  "txbits_file": "f0429_s01_txbits_idx000857_rnti04660.bin",
  "llr_file": "f0429_s01_llr_idx000434.bin",
  "ldpc_cfg_file": "f0429_s01_ldpc.json"
}