{
  "frame": 706,
  "slot": 1,
  "fg_idx": 988,
  "fg_mtime": 1764948397.1034126,
  "tx_idx": 1411,
  "tx_mtime": 1764948397.1014128,
  "llr_idx": 988,
  "llr_mtime": 1764948397.1034126,
  "rnti": 4660,
  "fullgrid_file": "f0706_s01_fullgrid_idx000988.bin",
  "txbits_file": "f0706_s01_txbits_idx001411_rnti04660.bin",
  "llr_file": "f0706_s01_llr_idx000988.bin",
  "ldpc_cfg_file": "f0706_s01_ldpc.json"
}