{
  "frame": 405,
  "slot": 1,
  "fg_idx": 386,
  "fg_mtime": 1764948395.7484648,
  "tx_idx": 809,
  "tx_mtime": 1764948395.7474647,
  "llr_idx": 386,
  "llr_mtime": 1764948395.7484648,
  "rnti": 4660,
  "fullgrid_file": "f0405_s01_fullgrid_idx000386.bin",
  "txbits_file": "f0405_s01_txbits_idx000809_rnti04660.bin",
  "llr_file": "f0405_s01_llr_idx000386.bin",
  "ldpc_cfg_file": "f0405_s01_ldpc.json"
}