{
  "frame": 475,
  "slot": 1,
  "fg_idx": 526,
  "fg_mtime": 1764948396.0674524,
  "tx_idx": 949,
  "tx_mtime": 1764948396.0664525,
  "llr_idx": 526,
  "llr_mtime": 1764948396.0674524,
  "rnti": 4660,
  "fullgrid_file": "f0475_s01_fullgrid_idx000526.bin",
  "txbits_file": "f0475_s01_txbits_idx000949_rnti04660.bin",
  "llr_file": "f0475_s01_llr_idx000526.bin",
  "ldpc_cfg_file": "f0475_s01_ldpc.json"
}