{
  "frame": 989,
  "slot": 1,
  "fg_idx": 1554,
  "fg_mtime": 1764948398.422362,
  "tx_idx": 1977,
  "tx_mtime": 1764948398.4213622,
  "llr_idx": 1554,
  "llr_mtime": 1764948398.422362,
  "rnti": 4660,
  "fullgrid_file": "f0989_s01_fullgrid_idx001554.bin",
  "txbits_file": "f0989_s01_txbits_idx001977_rnti04660.bin",
  "llr_file": "f0989_s01_llr_idx001554.bin",
  "ldpc_cfg_file": "f0989_s01_ldpc.json"
}