{
  "frame": 646,
  "slot": 1,
  "fg_idx": 868,
  "fg_mtime": 1764948396.8394227,
  "tx_idx": 1291,
  "tx_mtime": 1764948396.8384228,
  "llr_idx": 868,
  "llr_mtime": 1764948396.8404229,
  "rnti": 4660,
  "fullgrid_file": "f0646_s01_fullgrid_idx000868.bin",
  "txbits_file": "f0646_s01_txbits_idx001291_rnti04660.bin",
  "llr_file": "f0646_s01_llr_idx000868.bin",
  "ldpc_cfg_file": "f0646_s01_ldpc.json"
}