{
  "frame": 317,
  "slot": 11,
  "fg_idx": 211,
  "fg_mtime": 1764948395.3464801,
  "tx_idx": 634,
  "tx_mtime": 1764948395.3444803,
  "llr_idx": 211,
  "llr_mtime": 1764948395.3474803,
  "rnti": 4660,
  "fullgrid_file": "f0317_s11_fullgrid_idx000211.bin",
  "txbits_file": "f0317_s11_txbits_idx000634_rnti04660.bin",
  "llr_file": "f0317_s11_llr_idx000211.bin",
  "ldpc_cfg_file": "f0317_s11_ldpc.json"
}