{
  "frame": 730,
  "slot": 11,
  "fg_idx": 1037,
  "fg_mtime": 1764948397.2114086,
  "tx_idx": 1460,
  "tx_mtime": 1764948397.2094085,
  "llr_idx": 1037,
  "llr_mtime": 1764948397.2114086,
  "rnti": 4660,
  "fullgrid_file": "f0730_s11_fullgrid_idx001037.bin",
  "txbits_file": "f0730_s11_txbits_idx001460_rnti04660.bin",
  "llr_file": "f0730_s11_llr_idx001037.bin",
  "ldpc_cfg_file": "f0730_s11_ldpc.json"
}