{
  "frame": 930,
  "slot": 1,
  "fg_idx": 1436,
  "fg_mtime": 1764948398.1343732,
  "tx_idx": 1859,
  "tx_mtime": 1764948398.1323733,
  "llr_idx": 1436,
  "llr_mtime": 1764948398.1343732,
  "rnti": 4660,
  "fullgrid_file": "f0930_s01_fullgrid_idx001436.bin",
  "txbits_file": "f0930_s01_txbits_idx001859_rnti04660.bin",
  "llr_file": "f0930_s01_llr_idx001436.bin",
  "ldpc_cfg_file": "f0930_s01_ldpc.json"
}