{
  "frame": 744,
  "slot": 1,
  "fg_idx": 1064,
  "fg_mtime": 1764948397.2714062,
  "tx_idx": 1487,
  "tx_mtime": 1764948397.2694063,
  "llr_idx": 1064,
  "llr_mtime": 1764948397.2714062,
  "rnti": 4660,
  "fullgrid_file": "f0744_s01_fullgrid_idx001064.bin",
  "txbits_file": "f0744_s01_txbits_idx001487_rnti04660.bin",
  "llr_file": "f0744_s01_llr_idx001064.bin",
  "ldpc_cfg_file": "f0744_s01_ldpc.json"
}