{
  "frame": 928,
  "slot": 11,
  "fg_idx": 1433,
  "fg_mtime": 1764948398.1263735,
  "tx_idx": 1856,
  "tx_mtime": 1764948398.1243737,
  "llr_idx": 1433,
  "llr_mtime": 1764948398.1263735,
  "rnti": 4660,
  "fullgrid_file": "f0928_s11_fullgrid_idx001433.bin",
  "txbits_file": "f0928_s11_txbits_idx001856_rnti04660.bin",
  "llr_file": "f0928_s11_llr_idx001433.bin",
  "ldpc_cfg_file": "f0928_s11_ldpc.json"
}