{
  "frame": 491,
  "slot": 1,
  "fg_idx": 558,
  "fg_mtime": 1764948396.1394496,
  "tx_idx": 981,
  "tx_mtime": 1764948396.1384497,
  "llr_idx": 558,
  "llr_mtime": 1764948396.1394496,
  "rnti": 4660,
  "fullgrid_file": "f0491_s01_fullgrid_idx000558.bin",
  "txbits_file": "f0491_s01_txbits_idx000981_rnti04660.bin",
  "llr_file": "f0491_s01_llr_idx000558.bin",
  "ldpc_cfg_file": "f0491_s01_ldpc.json"
}