{
  "frame": 616,
  "slot": 11,
  "fg_idx": 809,
  "fg_mtime": 1764948396.7154276,
  "tx_idx": 1232,
  "tx_mtime": 1764948396.7144277,
  "llr_idx": 809,
  "llr_mtime": 1764948396.7154276,
  "rnti": 4660,
  "fullgrid_file": "f0616_s11_fullgrid_idx000809.bin",
  "txbits_file": "f0616_s11_txbits_idx001232_rnti04660.bin",
  "llr_file": "f0616_s11_llr_idx000809.bin",
  "ldpc_cfg_file": "f0616_s11_ldpc.json"
}