{
  "frame": 1000,
  "slot": 1,
  "fg_idx": 1576,
  "fg_mtime": 1764948398.4743602,
  "tx_idx": 1999,
  "tx_mtime": 1764948398.4723604,
  "llr_idx": 1576,
  "llr_mtime": 1764948398.4743602,
  "rnti": 4660,
  "fullgrid_file": "f1000_s01_fullgrid_idx001576.bin",
  "txbits_file": "f1000_s01_txbits_idx001999_rnti04660.bin",
  "llr_file": "f1000_s01_llr_idx001576.bin",
  "ldpc_cfg_file": "f1000_s01_ldpc.json"
}