{
  "frame": 668,
  "slot": 11,
  "fg_idx": 913,
  "fg_mtime": 1764948396.9344192,
  "tx_idx": 1336,
  "tx_mtime": 1764948396.9334192,
  "llr_idx": 913,
  "llr_mtime": 1764948396.935419,
  "rnti": 4660,
  "fullgrid_file": "f0668_s11_fullgrid_idx000913.bin",
  "txbits_file": "f0668_s11_txbits_idx001336_rnti04660.bin",
  "llr_file": "f0668_s11_llr_idx000913.bin",
  "ldpc_cfg_file": "f0668_s11_ldpc.json"
}