{
  "frame": 479,
  "slot": 1,
  "fg_idx": 534,
  "fg_mtime": 1764948396.0864518,
  "tx_idx": 957,
  "tx_mtime": 1764948396.084452,
  "llr_idx": 534,
  "llr_mtime": 1764948396.0864518,
  "rnti": 4660,
  "fullgrid_file": "f0479_s01_fullgrid_idx000534.bin",
  "txbits_file": "f0479_s01_txbits_idx000957_rnti04660.bin",
  "llr_file": "f0479_s01_llr_idx000534.bin",
  "ldpc_cfg_file": "f0479_s01_ldpc.json"
}