{
  "frame": 758,
  "slot": 11,
  "fg_idx": 1093,
  "fg_mtime": 1764948397.3384037,
  "tx_idx": 1516,
  "tx_mtime": 1764948397.3364038,
  "llr_idx": 1093,
  "llr_mtime": 1764948397.3384037,
  "rnti": 4660,
  "fullgrid_file": "f0758_s11_fullgrid_idx001093.bin",
  "txbits_file": "f0758_s11_txbits_idx001516_rnti04660.bin",
  "llr_file": "f0758_s11_llr_idx001093.bin",
  "ldpc_cfg_file": "f0758_s11_ldpc.json"
}