{
  "frame": 369,
  "slot": 11,
  "fg_idx": 315,
  "fg_mtime": 1764948395.585471,
  "tx_idx": 738,
  "tx_mtime": 1764948395.584471,
  "llr_idx": 315,
  "llr_mtime": 1764948395.585471,
  "rnti": 4660,
  "fullgrid_file": "f0369_s11_fullgrid_idx000315.bin",
  "txbits_file": "f0369_s11_txbits_idx000738_rnti04660.bin",
  "llr_file": "f0369_s11_llr_idx000315.bin",
  "ldpc_cfg_file": "f0369_s11_ldpc.json"
}