{
  "frame": 421,
  "slot": 1,
  "fg_idx": 418,
  "fg_mtime": 1764948395.8224618,
  "tx_idx": 841,
  "tx_mtime": 1764948395.820462,
  "llr_idx": 418,
  "llr_mtime": 1764948395.8224618,
  "rnti": 4660,
  "fullgrid_file": "f0421_s01_fullgrid_idx000418.bin",
  "txbits_file": "f0421_s01_txbits_idx000841_rnti04660.bin",
  "llr_file": "f0421_s01_llr_idx000418.bin",
  "ldpc_cfg_file": "f0421_s01_ldpc.json"
}