{
  "frame": 265,
  "slot": 1,
  "fg_idx": 106,
  "fg_mtime": 1764948395.1114893,
  "tx_idx": 529,
  "tx_mtime": 1764948395.1104894,
  "llr_idx": 106,
  "llr_mtime": 1764948395.1124892,
  "rnti": 4660,
  "fullgrid_file": "f0265_s01_fullgrid_idx000106.bin",
  "txbits_file": "f0265_s01_txbits_idx000529_rnti04660.bin",
  "llr_file": "f0265_s01_llr_idx000106.bin",
  "ldpc_cfg_file": "f0265_s01_ldpc.json"
}