{
  "frame": 901,
  "slot": 1,
  "fg_idx": 1378,
  "fg_mtime": 1764948398.0003784,
  "tx_idx": 1801,
  "tx_mtime": 1764948397.9983783,
  "llr_idx": 1378,
  "llr_mtime": 1764948398.0003784,
  "rnti": 4660,
  "fullgrid_file": "f0901_s01_fullgrid_idx001378.bin",
  "txbits_file": "f0901_s01_txbits_idx001801_rnti04660.bin",
  "llr_file": "f0901_s01_llr_idx001378.bin",
  "ldpc_cfg_file": "f0901_s01_ldpc.json"
}