{
  "frame": 986,
  "slot": 11,
  "fg_idx": 1549,
  "fg_mtime": 1764948398.4103627,
  "tx_idx": 1972,
  "tx_mtime": 1764948398.4083626,
  "llr_idx": 1549,
  "llr_mtime": 1764948398.4103627,
  "rnti": 4660,
  "fullgrid_file": "f0986_s11_fullgrid_idx001549.bin",
  "txbits_file": "f0986_s11_txbits_idx001972_rnti04660.bin",
  "llr_file": "f0986_s11_llr_idx001549.bin",
  "ldpc_cfg_file": "f0986_s11_ldpc.json"
}