{
  "frame": 725,
  "slot": 11,
  "fg_idx": 1027,
  "fg_mtime": 1764948397.1884093,
  "tx_idx": 1450,
  "tx_mtime": 1764948397.1874094,
  "llr_idx": 1027,
  "llr_mtime": 1764948397.1884093,
  "rnti": 4660,
  "fullgrid_file": "f0725_s11_fullgrid_idx001027.bin",
  "txbits_file": "f0725_s11_txbits_idx001450_rnti04660.bin",
  "llr_file": "f0725_s11_llr_idx001027.bin",
  "ldpc_cfg_file": "f0725_s11_ldpc.json"
}