{
  "frame": 567,
  "slot": 11,
  "fg_idx": 711,
  "fg_mtime": 1764948396.5064356,
  "tx_idx": 1134,
  "tx_mtime": 1764948396.5044358,
  "llr_idx": 711,
  "llr_mtime": 1764948396.5064356,
  "rnti": 4660,
  "fullgrid_file": "f0567_s11_fullgrid_idx000711.bin",
  "txbits_file": "f0567_s11_txbits_idx001134_rnti04660.bin",
  "llr_file": "f0567_s11_llr_idx000711.bin",
  "ldpc_cfg_file": "f0567_s11_ldpc.json"
}