{
  "frame": 872,
  "slot": 11,
  "fg_idx": 1321,
  "fg_mtime": 1764948397.8683834,
  "tx_idx": 1744,
  "tx_mtime": 1764948397.8663836,
  "llr_idx": 1321,
  "llr_mtime": 1764948397.8683834,
  "rnti": 4660,
  "fullgrid_file": "f0872_s11_fullgrid_idx001321.bin",
  "txbits_file": "f0872_s11_txbits_idx001744_rnti04660.bin",
  "llr_file": "f0872_s11_llr_idx001321.bin",
  "ldpc_cfg_file": "f0872_s11_ldpc.json"
}