{
  "frame": 601,
  "slot": 11,
  "fg_idx": 779,
  "fg_mtime": 1764948396.64943,
  "tx_idx": 1202,
  "tx_mtime": 1764948396.6474302,
  "llr_idx": 779,
  "llr_mtime": 1764948396.64943,
  "rnti": 4660,
  "fullgrid_file": "f0601_s11_fullgrid_idx000779.bin",
  "txbits_file": "f0601_s11_txbits_idx001202_rnti04660.bin",
  "llr_file": "f0601_s11_llr_idx000779.bin",
  "ldpc_cfg_file": "f0601_s11_ldpc.json"
}