{
  "frame": 435,
  "slot": 11,
  "fg_idx": 447,
  "fg_mtime": 1764948395.8874593,
  "tx_idx": 870,
  "tx_mtime": 1764948395.8864594,
  "llr_idx": 447,
  "llr_mtime": 1764948395.8874593,
  "rnti": 4660,
  "fullgrid_file": "f0435_s11_fullgrid_idx000447.bin",
  "txbits_file": "f0435_s11_txbits_idx000870_rnti04660.bin",
  "llr_file": "f0435_s11_llr_idx000447.bin",
  "ldpc_cfg_file": "f0435_s11_ldpc.json"
}