{
  "frame": 618,
  "slot": 1,
  "fg_idx": 812,
  "fg_mtime": 1764948396.7214274,
  "tx_idx": 1235,
  "tx_mtime": 1764948396.7194273,
  "llr_idx": 812,
  "llr_mtime": 1764948396.7214274,
  "rnti": 4660,
  "fullgrid_file": "f0618_s01_fullgrid_idx000812.bin",
  "txbits_file": "f0618_s01_txbits_idx001235_rnti04660.bin",
  "llr_file": "f0618_s01_llr_idx000812.bin",
  "ldpc_cfg_file": "f0618_s01_ldpc.json"
}