{
  "frame": 446,
  "slot": 11,
  "fg_idx": 469,
  "fg_mtime": 1764948395.9374576,
  "tx_idx": 892,
  "tx_mtime": 1764948395.9354575,
  "llr_idx": 469,
  "llr_mtime": 1764948395.9374576,
  "rnti": 4660,
  "fullgrid_file": "f0446_s11_fullgrid_idx000469.bin",
  "txbits_file": "f0446_s11_txbits_idx000892_rnti04660.bin",
  "llr_file": "f0446_s11_llr_idx000469.bin",
  "ldpc_cfg_file": "f0446_s11_ldpc.json"
}