{
  "frame": 227,
  "slot": 1,
  "fg_idx": 30,
  "fg_mtime": 1764948394.9464955,
  "tx_idx": 453,
  "tx_mtime": 1764948394.9444957,
  "llr_idx": 30,
  "llr_mtime": 1764948394.9464955,
  "rnti": 4660,
  "fullgrid_file": "f0227_s01_fullgrid_idx000030.bin",
  "txbits_file": "f0227_s01_txbits_idx000453_rnti04660.bin",
  "llr_file": "f0227_s01_llr_idx000030.bin",
  "ldpc_cfg_file": "f0227_s01_ldpc.json"
}