{
  "frame": 627,
  "slot": 1,
  "fg_idx": 830,
  "fg_mtime": 1764948396.7624257,
  "tx_idx": 1253,
  "tx_mtime": 1764948396.7604258,
  "llr_idx": 830,
  "llr_mtime": 1764948396.7624257,
  "rnti": 4660,
  "fullgrid_file": "f0627_s01_fullgrid_idx000830.bin",
  "txbits_file": "f0627_s01_txbits_idx001253_rnti04660.bin",
  "llr_file": "f0627_s01_llr_idx000830.bin",
  "ldpc_cfg_file": "f0627_s01_ldpc.json"
}