{
  "frame": 905,
  "slot": 11,
  "fg_idx": 1387,
  "fg_mtime": 1764948398.0203776,
  "tx_idx": 1810,
  "tx_mtime": 1764948398.0193775,
  "llr_idx": 1387,
  "llr_mtime": 1764948398.0203776,
  "rnti": 4660,
  "fullgrid_file": "f0905_s11_fullgrid_idx001387.bin",
  "txbits_file": "f0905_s11_txbits_idx001810_rnti04660.bin",
  "llr_file": "f0905_s11_llr_idx001387.bin",
  "ldpc_cfg_file": "f0905_s11_ldpc.json"
}