{
  "frame": 846,
  "slot": 1,
  "fg_idx": 1268,
  "fg_mtime": 1764948397.746388,
  "tx_idx": 1691,
  "tx_mtime": 1764948397.745388,
  "llr_idx": 1268,
  "llr_mtime": 1764948397.746388,
  "rnti": 4660,
  "fullgrid_file": "f0846_s01_fullgrid_idx001268.bin",
  "txbits_file": "f0846_s01_txbits_idx001691_rnti04660.bin",
  "llr_file": "f0846_s01_llr_idx001268.bin",
  "ldpc_cfg_file": "f0846_s01_ldpc.json"
}