{
  "frame": 996,
  "slot": 11,
  "fg_idx": 1569,
  "fg_mtime": 1764948398.4573607,
  "tx_idx": 1992,
  "tx_mtime": 1764948398.455361,
  "llr_idx": 1569,
  "llr_mtime": 1764948398.4573607,
  "rnti": 4660,
  "fullgrid_file": "f0996_s11_fullgrid_idx001569.bin",
  "txbits_file": "f0996_s11_txbits_idx001992_rnti04660.bin",
  "llr_file": "f0996_s11_llr_idx001569.bin",
  "ldpc_cfg_file": "f0996_s11_ldpc.json"
}