{
  "frame": 805,
  "slot": 11,
  "fg_idx": 1187,
  "fg_mtime": 1764948397.5573952,
  "tx_idx": 1610,
  "tx_mtime": 1764948397.5563953,
  "llr_idx": 1187,
  "llr_mtime": 1764948397.5573952,
  "rnti": 4660,
  "fullgrid_file": "f0805_s11_fullgrid_idx001187.bin",
  "txbits_file": "f0805_s11_txbits_idx001610_rnti04660.bin",
  "llr_file": "f0805_s11_llr_idx001187.bin",
  "ldpc_cfg_file": "f0805_s11_ldpc.json"
}