{
  "frame": 878,
  "slot": 11,
  "fg_idx": 1333,
  "fg_mtime": 1764948397.8953824,
  "tx_idx": 1756,
  "tx_mtime": 1764948397.8943825,
  "llr_idx": 1333,
  "llr_mtime": 1764948397.8963823,
  "rnti": 4660,
  "fullgrid_file": "f0878_s11_fullgrid_idx001333.bin",
  "txbits_file": "f0878_s11_txbits_idx001756_rnti04660.bin",
  "llr_file": "f0878_s11_llr_idx001333.bin",
  "ldpc_cfg_file": "f0878_s11_ldpc.json"
}