{
  "frame": 229,
  "slot": 11,
  "fg_idx": 35,
  "fg_mtime": 1764948394.9564953,
  "tx_idx": 458,
  "tx_mtime": 1764948394.9554954,
  "llr_idx": 35,
  "llr_mtime": 1764948394.9564953,
  "rnti": 4660,
  "fullgrid_file": "f0229_s11_fullgrid_idx000035.bin",
  "txbits_file": "f0229_s11_txbits_idx000458_rnti04660.bin",
  "llr_file": "f0229_s11_llr_idx000035.bin",
  "ldpc_cfg_file": "f0229_s11_ldpc.json"
}