{
  "frame": 393,
  "slot": 11,
  "fg_idx": 363,
  "fg_mtime": 1764948395.6944668,
  "tx_idx": 786,
  "tx_mtime": 1764948395.693467,
  "llr_idx": 363,
  "llr_mtime": 1764948395.6954668,
  "rnti": 4660,
  "fullgrid_file": "f0393_s11_fullgrid_idx000363.bin",
  "txbits_file": "f0393_s11_txbits_idx000786_rnti04660.bin",
  "llr_file": "f0393_s11_llr_idx000363.bin",
  "ldpc_cfg_file": "f0393_s11_ldpc.json"
}