{
  "frame": 414,
  "slot": 11,
  "fg_idx": 405,
  "fg_mtime": 1764948395.792463,
  "tx_idx": 828,
  "tx_mtime": 1764948395.7904632,
  "llr_idx": 405,
  "llr_mtime": 1764948395.792463,
  "rnti": 4660,
  "fullgrid_file": "f0414_s11_fullgrid_idx000405.bin",
  "txbits_file": "f0414_s11_txbits_idx000828_rnti04660.bin",
  "llr_file": "f0414_s11_llr_idx000405.bin",
  "ldpc_cfg_file": "f0414_s11_ldpc.json"
}