{
  "frame": 829,
  "slot": 11,
  "fg_idx": 1235,
  "fg_mtime": 1764948397.6703908,
  "tx_idx": 1658,
  "tx_mtime": 1764948397.669391,
  "llr_idx": 1235,
  "llr_mtime": 1764948397.6703908,
  "rnti": 4660,
  "fullgrid_file": "f0829_s11_fullgrid_idx001235.bin",
  "txbits_file": "f0829_s11_txbits_idx001658_rnti04660.bin",
  "llr_file": "f0829_s11_llr_idx001235.bin",
  "ldpc_cfg_file": "f0829_s11_ldpc.json"
}