{
  "frame": 542,
  "slot": 1,
  "fg_idx": 660,
  "fg_mtime": 1764948396.3974397,
  "tx_idx": 1083,
  "tx_mtime": 1764948396.3954399,
  "llr_idx": 660,
  "llr_mtime": 1764948396.3974397,
  "rnti": 4660,
  "fullgrid_file": "f0542_s01_fullgrid_idx000660.bin",
  "txbits_file": "f0542_s01_txbits_idx001083_rnti04660.bin",
  "llr_file": "f0542_s01_llr_idx000660.bin",
  "ldpc_cfg_file": "f0542_s01_ldpc.json"
}