{
  "frame": 234,
  "slot": 1,
  "fg_idx": 44,
  "fg_mtime": 1764948394.9754946,
  "tx_idx": 467,
  "tx_mtime": 1764948394.9734945,
  "llr_idx": 44,
  "llr_mtime": 1764948394.9754946,
  "rnti": 4660,
  "fullgrid_file": "f0234_s01_fullgrid_idx000044.bin",
  "txbits_file": "f0234_s01_txbits_idx000467_rnti04660.bin",
  "llr_file": "f0234_s01_llr_idx000044.bin",
  "ldpc_cfg_file": "f0234_s01_ldpc.json"
}