{
  "frame": 381,
  "slot": 11,
  "fg_idx": 339,
  "fg_mtime": 1764948395.6414688,
  "tx_idx": 762,
  "tx_mtime": 1764948395.639469,
  "llr_idx": 339,
  "llr_mtime": 1764948395.6414688,
  "rnti": 4660,
  "fullgrid_file": "f0381_s11_fullgrid_idx000339.bin",
  "txbits_file": "f0381_s11_txbits_idx000762_rnti04660.bin",
  "llr_file": "f0381_s11_llr_idx000339.bin",
  "ldpc_cfg_file": "f0381_s11_ldpc.json"
}