{
  "frame": 597,
  "slot": 1,
  "fg_idx": 770,
  "fg_mtime": 1764948396.6314309,
  "tx_idx": 1193,
  "tx_mtime": 1764948396.6294308,
  "llr_idx": 770,
  "llr_mtime": 1764948396.6314309,
  "rnti": 4660,
  "fullgrid_file": "f0597_s01_fullgrid_idx000770.bin",
  "txbits_file": "f0597_s01_txbits_idx001193_rnti04660.bin",
  "llr_file": "f0597_s01_llr_idx000770.bin",
  "ldpc_cfg_file": "f0597_s01_ldpc.json"
}