{
  "frame": 931,
  "slot": 11,
  "fg_idx": 1439,
  "fg_mtime": 1764948398.141373,
  "tx_idx": 1862,
  "tx_mtime": 1764948398.139373,
  "llr_idx": 1439,
  "llr_mtime": 1764948398.141373,
  "rnti": 4660,
  "fullgrid_file": "f0931_s11_fullgrid_idx001439.bin",
  "txbits_file": "f0931_s11_txbits_idx001862_rnti04660.bin",
  "llr_file": "f0931_s11_llr_idx001439.bin",
  "ldpc_cfg_file": "f0931_s11_ldpc.json"
}