{
  "frame": 244,
  "slot": 11,
  "fg_idx": 65,
  "fg_mtime": 1764948395.0194929,
  "tx_idx": 488,
  "tx_mtime": 1764948395.0174928,
  "llr_idx": 65,
  "llr_mtime": 1764948395.0194929,
  "rnti": 4660,
  "fullgrid_file": "f0244_s11_fullgrid_idx000065.bin",
  "txbits_file": "f0244_s11_txbits_idx000488_rnti04660.bin",
  "llr_file": "f0244_s11_llr_idx000065.bin",
  "ldpc_cfg_file": "f0244_s11_ldpc.json"
}