{
  "frame": 461,
  "slot": 11,
  "fg_idx": 499,
  "fg_mtime": 1764948396.0054548,
  "tx_idx": 922,
  "tx_mtime": 1764948396.003455,
  "llr_idx": 499,
  "llr_mtime": 1764948396.0054548,
  "rnti": 4660,
  "fullgrid_file": "f0461_s11_fullgrid_idx000499.bin",
  "txbits_file": "f0461_s11_txbits_idx000922_rnti04660.bin",
  "llr_file": "f0461_s11_llr_idx000499.bin",
  "ldpc_cfg_file": "f0461_s11_ldpc.json"
}