{
  "frame": 673,
  "slot": 11,
  "fg_idx": 923,
  "fg_mtime": 1764948396.9574182,
  "tx_idx": 1346,
  "tx_mtime": 1764948396.9564183,
  "llr_idx": 923,
  "llr_mtime": 1764948396.9574182,
  "rnti": 4660,
  "fullgrid_file": "f0673_s11_fullgrid_idx000923.bin",
  "txbits_file": "f0673_s11_txbits_idx001346_rnti04660.bin",
  "llr_file": "f0673_s11_llr_idx000923.bin",
  "ldpc_cfg_file": "f0673_s11_ldpc.json"
}