{
  "frame": 483,
  "slot": 1,
  "fg_idx": 542,
  "fg_mtime": 1764948396.103451,
  "tx_idx": 965,
  "tx_mtime": 1764948396.102451,
  "llr_idx": 542,
  "llr_mtime": 1764948396.103451,
  "rnti": 4660,
  "fullgrid_file": "f0483_s01_fullgrid_idx000542.bin",
  "txbits_file": "f0483_s01_txbits_idx000965_rnti04660.bin",
  "llr_file": "f0483_s01_llr_idx000542.bin",
  "ldpc_cfg_file": "f0483_s01_ldpc.json"
}