{
  "frame": 981,
  "slot": 11,
  "fg_idx": 1539,
  "fg_mtime": 1764948398.3843637,
  "tx_idx": 1962,
  "tx_mtime": 1764948398.3823638,
  "llr_idx": 1539,
  "llr_mtime": 1764948398.3843637,
  "rnti": 4660,
  "fullgrid_file": "f0981_s11_fullgrid_idx001539.bin",
  "txbits_file": "f0981_s11_txbits_idx001962_rnti04660.bin",
  "llr_file": "f0981_s11_llr_idx001539.bin",
  "ldpc_cfg_file": "f0981_s11_ldpc.json"
}