{
  "frame": 898,
  "slot": 11,
  "fg_idx": 1373,
  "fg_mtime": 1764948397.9873788,
  "tx_idx": 1796,
  "tx_mtime": 1764948397.986379,
  "llr_idx": 1373,
  "llr_mtime": 1764948397.9873788,
  "rnti": 4660,
  "fullgrid_file": "f0898_s11_fullgrid_idx001373.bin",
  "txbits_file": "f0898_s11_txbits_idx001796_rnti04660.bin",
  "llr_file": "f0898_s11_llr_idx001373.bin",
  "ldpc_cfg_file": "f0898_s11_ldpc.json"
}