{
  "frame": 828,
  "slot": 1,
  "fg_idx": 1232,
  "fg_mtime": 1764948397.6643913,
  "tx_idx": 1655,
  "tx_mtime": 1764948397.6623912,
  "llr_idx": 1232,
  "llr_mtime": 1764948397.6643913,
  "rnti": 4660,
  "fullgrid_file": "f0828_s01_fullgrid_idx001232.bin",
  "txbits_file": "f0828_s01_txbits_idx001655_rnti04660.bin",
  "llr_file": "f0828_s01_llr_idx001232.bin",
  "ldpc_cfg_file": "f0828_s01_ldpc.json"
}