{
  "frame": 952,
  "slot": 11,
  "fg_idx": 1481,
  "fg_mtime": 1764948398.2423692,
  "tx_idx": 1904,
  "tx_mtime": 1764948398.241369,
  "llr_idx": 1481,
  "llr_mtime": 1764948398.2423692,
  "rnti": 4660,
  "fullgrid_file": "f0952_s11_fullgrid_idx001481.bin",
  "txbits_file": "f0952_s11_txbits_idx001904_rnti04660.bin",
  "llr_file": "f0952_s11_llr_idx001481.bin",
  "ldpc_cfg_file": "f0952_s11_ldpc.json"
}