{
  "frame": 614,
  "slot": 1,
  "fg_idx": 804,
  "fg_mtime": 1764948396.705428,
  "tx_idx": 1227,
  "tx_mtime": 1764948396.704428,
  "llr_idx": 804,
  "llr_mtime": 1764948396.705428,
  "rnti": 4660,
  "fullgrid_file": "f0614_s01_fullgrid_idx000804.bin",
  "txbits_file": "f0614_s01_txbits_idx001227_rnti04660.bin",
  "llr_file": "f0614_s01_llr_idx000804.bin",
  "ldpc_cfg_file": "f0614_s01_ldpc.json"
}