{
  "frame": 930,
  "slot": 11,
  "fg_idx": 1437,
  "fg_mtime": 1764948398.136373,
  "tx_idx": 1860,
  "tx_mtime": 1764948398.1343732,
  "llr_idx": 1437,
  "llr_mtime": 1764948398.136373,
  "rnti": 4660,
  "fullgrid_file": "f0930_s11_fullgrid_idx001437.bin",
  "txbits_file": "f0930_s11_txbits_idx001860_rnti04660.bin",
  "llr_file": "f0930_s11_llr_idx001437.bin",
  "ldpc_cfg_file": "f0930_s11_ldpc.json"
}