{
  "frame": 309,
  "slot": 1,
  "fg_idx": 194,
  "fg_mtime": 1764948395.3074818,
  "tx_idx": 617,
  "tx_mtime": 1764948395.3064818,
  "llr_idx": 194,
  "llr_mtime": 1764948395.3074818,
  "rnti": 4660,
  "fullgrid_file": "f0309_s01_fullgrid_idx000194.bin",
  "txbits_file": "f0309_s01_txbits_idx000617_rnti04660.bin",
  "llr_file": "f0309_s01_llr_idx000194.bin",
  "ldpc_cfg_file": "f0309_s01_ldpc.json"
}