{
  "frame": 293,
  "slot": 1,
  "fg_idx": 162,
  "fg_mtime": 1764948395.2394843,
  "tx_idx": 585,
  "tx_mtime": 1764948395.2384844,
  "llr_idx": 162,
  "llr_mtime": 1764948395.2394843,
  "rnti": 4660,
  "fullgrid_file": "f0293_s01_fullgrid_idx000162.bin",
  "txbits_file": "f0293_s01_txbits_idx000585_rnti04660.bin",
  "llr_file": "f0293_s01_llr_idx000162.bin",
  "ldpc_cfg_file": "f0293_s01_ldpc.json"
}