{
  "frame": 504,
  "slot": 11,
  "fg_idx": 585,
  "fg_mtime": 1764948396.2024472,
  "tx_idx": 1008,
  "tx_mtime": 1764948396.2004473,
  "llr_idx": 585,
  "llr_mtime": 1764948396.2024472,
  "rnti": 4660,
  "fullgrid_file": "f0504_s11_fullgrid_idx000585.bin",
  "txbits_file": "f0504_s11_txbits_idx001008_rnti04660.bin",
  "llr_file": "f0504_s11_llr_idx000585.bin",
  "ldpc_cfg_file": "f0504_s11_ldpc.json"
}