{
  "frame": 344,
  "slot": 1,
  "fg_idx": 264,
  "fg_mtime": 1764948395.4694755,
  "tx_idx": 687,
  "tx_mtime": 1764948395.4674757,
  "llr_idx": 264,
  "llr_mtime": 1764948395.4694755,
  "rnti": 4660,
  "fullgrid_file": "f0344_s01_fullgrid_idx000264.bin",
  "txbits_file": "f0344_s01_txbits_idx000687_rnti04660.bin",
  "llr_file": "f0344_s01_llr_idx000264.bin",
  "ldpc_cfg_file": "f0344_s01_ldpc.json"
}