{
  "frame": 845,
  "slot": 11,
  "fg_idx": 1267,
  "fg_mtime": 1764948397.744388,
  "tx_idx": 1690,
  "tx_mtime": 1764948397.7423882,
  "llr_idx": 1267,
  "llr_mtime": 1764948397.744388,
  "rnti": 4660,
  "fullgrid_file": "f0845_s11_fullgrid_idx001267.bin",
  "txbits_file": "f0845_s11_txbits_idx001690_rnti04660.bin",
  "llr_file": "f0845_s11_llr_idx001267.bin",
  "ldpc_cfg_file": "f0845_s11_ldpc.json"
}