{
  "frame": 879,
  "slot": 11,
  "fg_idx": 1335,
  "fg_mtime": 1764948397.900382,
  "tx_idx": 1758,
  "tx_mtime": 1764948397.8983822,
  "llr_idx": 1335,
  "llr_mtime": 1764948397.900382,
  "rnti": 4660,
  "fullgrid_file": "f0879_s11_fullgrid_idx001335.bin",
  "txbits_file": "f0879_s11_txbits_idx001758_rnti04660.bin",
  "llr_file": "f0879_s11_llr_idx001335.bin",
  "ldpc_cfg_file": "f0879_s11_ldpc.json"
}