{
  "frame": 940,
  "slot": 11,
  "fg_idx": 1457,
  "fg_mtime": 1764948398.1843712,
  "tx_idx": 1880,
  "tx_mtime": 1764948398.1823714,
  "llr_idx": 1457,
  "llr_mtime": 1764948398.1843712,
  "rnti": 4660,
  "fullgrid_file": "f0940_s11_fullgrid_idx001457.bin",
  "txbits_file": "f0940_s11_txbits_idx001880_rnti04660.bin",
  "llr_file": "f0940_s11_llr_idx001457.bin",
  "ldpc_cfg_file": "f0940_s11_ldpc.json"
}