{
  "frame": 691,
  "slot": 11,
  "fg_idx": 959,
  "fg_mtime": 1764948397.0394151,
  "tx_idx": 1382,
  "tx_mtime": 1764948397.0374153,
  "llr_idx": 959,
  "llr_mtime": 1764948397.0394151,
  "rnti": 4660,
  "fullgrid_file": "f0691_s11_fullgrid_idx000959.bin",
  "txbits_file": "f0691_s11_txbits_idx001382_rnti04660.bin",
  "llr_file": "f0691_s11_llr_idx000959.bin",
  "ldpc_cfg_file": "f0691_s11_ldpc.json"
}