{
  "frame": 983,
  "slot": 11,
  "fg_idx": 1543,
  "fg_mtime": 1764948398.3933632,
  "tx_idx": 1966,
  "tx_mtime": 1764948398.3913634,
  "llr_idx": 1543,
  "llr_mtime": 1764948398.3933632,
  "rnti": 4660,
  "fullgrid_file": "f0983_s11_fullgrid_idx001543.bin",
  "txbits_file": "f0983_s11_txbits_idx001966_rnti04660.bin",
  "llr_file": "f0983_s11_llr_idx001543.bin",
  "ldpc_cfg_file": "f0983_s11_ldpc.json"
}