{
  "frame": 448,
  "slot": 11,
  "fg_idx": 473,
  "fg_mtime": 1764948395.9464571,
  "tx_idx": 896,
  "tx_mtime": 1764948395.9454572,
  "llr_idx": 473,
  "llr_mtime": 1764948395.947457,
  "rnti": 4660,
  "fullgrid_file": "f0448_s11_fullgrid_idx000473.bin",
  "txbits_file": "f0448_s11_txbits_idx000896_rnti04660.bin",
  "llr_file": "f0448_s11_llr_idx000473.bin",
  "ldpc_cfg_file": "f0448_s11_ldpc.json"
}