{
  "frame": 524,
  "slot": 1,
  "fg_idx": 624,
  "fg_mtime": 1764948396.2934437,
  "tx_idx": 1047,
  "tx_mtime": 1764948396.2914438,
  "llr_idx": 624,
  "llr_mtime": 1764948396.2934437,
  "rnti": 4660,
  "fullgrid_file": "f0524_s01_fullgrid_idx000624.bin",
  "txbits_file": "f0524_s01_txbits_idx001047_rnti04660.bin",
  "llr_file": "f0524_s01_llr_idx000624.bin",
  "ldpc_cfg_file": "f0524_s01_ldpc.json"
}