{
  "frame": 447,
  "slot": 11,
  "fg_idx": 471,
  "fg_mtime": 1764948395.9424572,
  "tx_idx": 894,
  "tx_mtime": 1764948395.9404573,
  "llr_idx": 471,
  "llr_mtime": 1764948395.9424572,
  "rnti": 4660,
  "fullgrid_file": "f0447_s11_fullgrid_idx000471.bin",
  "txbits_file": "f0447_s11_txbits_idx000894_rnti04660.bin",
  "llr_file": "f0447_s11_llr_idx000471.bin",
  "ldpc_cfg_file": "f0447_s11_ldpc.json"
}