{
  "frame": 853,
  "slot": 11,
  "fg_idx": 1283,
  "fg_mtime": 1764948397.7803867,
  "tx_idx": 1706,
  "tx_mtime": 1764948397.7793868,
  "llr_idx": 1283,
  "llr_mtime": 1764948397.7803867,
  "rnti": 4660,
  "fullgrid_file": "f0853_s11_fullgrid_idx001283.bin",
  "txbits_file": "f0853_s11_txbits_idx001706_rnti04660.bin",
  "llr_file": "f0853_s11_llr_idx001283.bin",
  "ldpc_cfg_file": "f0853_s11_ldpc.json"
}