{
  "frame": 463,
  "slot": 1,
  "fg_idx": 502,
  "fg_mtime": 1764948396.0124545,
  "tx_idx": 925,
  "tx_mtime": 1764948396.0104547,
  "llr_idx": 502,
  "llr_mtime": 1764948396.0124545,
  "rnti": 4660,
  "fullgrid_file": "f0463_s01_fullgrid_idx000502.bin",
  "txbits_file": "f0463_s01_txbits_idx000925_rnti04660.bin",
  "llr_file": "f0463_s01_llr_idx000502.bin",
  "ldpc_cfg_file": "f0463_s01_ldpc.json"
}