{
  "frame": 896,
  "slot": 11,
  "fg_idx": 1369,
  "fg_mtime": 1764948397.9783792,
  "tx_idx": 1792,
  "tx_mtime": 1764948397.9763792,
  "llr_idx": 1369,
  "llr_mtime": 1764948397.9783792,
  "rnti": 4660,
  "fullgrid_file": "f0896_s11_fullgrid_idx001369.bin",
  "txbits_file": "f0896_s11_txbits_idx001792_rnti04660.bin",
  "llr_file": "f0896_s11_llr_idx001369.bin",
  "ldpc_cfg_file": "f0896_s11_ldpc.json"
}