{
  "frame": 578,
  "slot": 1,
  "fg_idx": 732,
  "fg_mtime": 1764948396.5524337,
  "tx_idx": 1155,
  "tx_mtime": 1764948396.5504339,
  "llr_idx": 732,
  "llr_mtime": 1764948396.5524337,
  "rnti": 4660,
  "fullgrid_file": "f0578_s01_fullgrid_idx000732.bin",
  "txbits_file": "f0578_s01_txbits_idx001155_rnti04660.bin",
  "llr_file": "f0578_s01_llr_idx000732.bin",
  "ldpc_cfg_file": "f0578_s01_ldpc.json"
}