{
  "frame": 325,
  "slot": 11,
  "fg_idx": 227,
  "fg_mtime": 1764948395.3834789,
  "tx_idx": 650,
  "tx_mtime": 1764948395.3814788,
  "llr_idx": 227,
  "llr_mtime": 1764948395.3834789,
  "rnti": 4660,
  "fullgrid_file": "f0325_s11_fullgrid_idx000227.bin",
  "txbits_file": "f0325_s11_txbits_idx000650_rnti04660.bin",
  "llr_file": "f0325_s11_llr_idx000227.bin",
  "ldpc_cfg_file": "f0325_s11_ldpc.json"
}