{
  "frame": 339,
  "slot": 1,
  "fg_idx": 254,
  "fg_mtime": 1764948395.4464765,
  "tx_idx": 677,
  "tx_mtime": 1764948395.4434764,
  "llr_idx": 254,
  "llr_mtime": 1764948395.4464765,
  "rnti": 4660,
  "fullgrid_file": "f0339_s01_fullgrid_idx000254.bin",
  "txbits_file": "f0339_s01_txbits_idx000677_rnti04660.bin",
  "llr_file": "f0339_s01_llr_idx000254.bin",
  "ldpc_cfg_file": "f0339_s01_ldpc.json"
}