{
  "frame": 398,
  "slot": 1,
  "fg_idx": 372,
  "fg_mtime": 1764948395.716466,
  "tx_idx": 795,
  "tx_mtime": 1764948395.714466,
  "llr_idx": 372,
  "llr_mtime": 1764948395.716466,
  "rnti": 4660,
  "fullgrid_file": "f0398_s01_fullgrid_idx000372.bin",
  "txbits_file": "f0398_s01_txbits_idx000795_rnti04660.bin",
  "llr_file": "f0398_s01_llr_idx000372.bin",
  "ldpc_cfg_file": "f0398_s01_ldpc.json"
}