{
  "frame": 938,
  "slot": 1,
  "fg_idx": 1452,
  "fg_mtime": 1764948398.1723716,
  "tx_idx": 1875,
  "tx_mtime": 1764948398.1703718,
  "llr_idx": 1452,
  "llr_mtime": 1764948398.1723716,
  "rnti": 4660,
  "fullgrid_file": "f0938_s01_fullgrid_idx001452.bin",
  "txbits_file": "f0938_s01_txbits_idx001875_rnti04660.bin",
  "llr_file": "f0938_s01_llr_idx001452.bin",
  "ldpc_cfg_file": "f0938_s01_ldpc.json"
}