{
  "frame": 669,
  "slot": 1,
  "fg_idx": 914,
  "fg_mtime": 1764948396.937419,
  "tx_idx": 1337,
  "tx_mtime": 1764948396.936419,
  "llr_idx": 914,
  "llr_mtime": 1764948396.938419,
  "rnti": 4660,
  "fullgrid_file": "f0669_s01_fullgrid_idx000914.bin",
  "txbits_file": "f0669_s01_txbits_idx001337_rnti04660.bin",
  "llr_file": "f0669_s01_llr_idx000914.bin",
  "ldpc_cfg_file": "f0669_s01_ldpc.json"
}