{
  "frame": 471,
  "slot": 11,
  "fg_idx": 519,
  "fg_mtime": 1764948396.052453,
  "tx_idx": 942,
  "tx_mtime": 1764948396.0504532,
  "llr_idx": 519,
  "llr_mtime": 1764948396.052453,
  "rnti": 4660,
  "fullgrid_file": "f0471_s11_fullgrid_idx000519.bin",
  "txbits_file": "f0471_s11_txbits_idx000942_rnti04660.bin",
  "llr_file": "f0471_s11_llr_idx000519.bin",
  "ldpc_cfg_file": "f0471_s11_ldpc.json"
}