{
  "frame": 312,
  "slot": 1,
  "fg_idx": 200,
  "fg_mtime": 1764948395.3214812,
  "tx_idx": 623,
  "tx_mtime": 1764948395.3194814,
  "llr_idx": 200,
  "llr_mtime": 1764948395.3224812,
  "rnti": 4660,
  "fullgrid_file": "f0312_s01_fullgrid_idx000200.bin",
  "txbits_file": "f0312_s01_txbits_idx000623_rnti04660.bin",
  "llr_file": "f0312_s01_llr_idx000200.bin",
  "ldpc_cfg_file": "f0312_s01_ldpc.json"
}