{
  "frame": 522,
  "slot": 1,
  "fg_idx": 620,
  "fg_mtime": 1764948396.2834442,
  "tx_idx": 1043,
  "tx_mtime": 1764948396.2824442,
  "llr_idx": 620,
  "llr_mtime": 1764948396.284444,
  "rnti": 4660,
  "fullgrid_file": "f0522_s01_fullgrid_idx000620.bin",
  "txbits_file": "f0522_s01_txbits_idx001043_rnti04660.bin",
  "llr_file": "f0522_s01_llr_idx000620.bin",
  "ldpc_cfg_file": "f0522_s01_ldpc.json"
}