{
  "frame": 425,
  "slot": 1,
  "fg_idx": 426,
  "fg_mtime": 1764948395.8404613,
  "tx_idx": 849,
  "tx_mtime": 1764948395.8384612,
  "llr_idx": 426,
  "llr_mtime": 1764948395.8404613,
  "rnti": 4660,
  "fullgrid_file": "f0425_s01_fullgrid_idx000426.bin",
  "txbits_file": "f0425_s01_txbits_idx000849_rnti04660.bin",
  "llr_file": "f0425_s01_llr_idx000426.bin",
  "ldpc_cfg_file": "f0425_s01_ldpc.json"
}