{
  "frame": 403,
  "slot": 11,
  "fg_idx": 383,
  "fg_mtime": 1764948395.741465,
  "tx_idx": 806,
  "tx_mtime": 1764948395.739465,
  "llr_idx": 383,
  "llr_mtime": 1764948395.741465,
  "rnti": 4660,
  "fullgrid_file": "f0403_s11_fullgrid_idx000383.bin",
  "txbits_file": "f0403_s11_txbits_idx000806_rnti04660.bin",
  "llr_file": "f0403_s11_llr_idx000383.bin",
  "ldpc_cfg_file": "f0403_s11_ldpc.json"
}