{
  "frame": 666,
  "slot": 11,
  "fg_idx": 909,
  "fg_mtime": 1764948396.9264195,
  "tx_idx": 1332,
  "tx_mtime": 1764948396.9254196,
  "llr_idx": 909,
  "llr_mtime": 1764948396.9264195,
  "rnti": 4660,
  "fullgrid_file": "f0666_s11_fullgrid_idx000909.bin",
  "txbits_file": "f0666_s11_txbits_idx001332_rnti04660.bin",
  "llr_file": "f0666_s11_llr_idx000909.bin",
  "ldpc_cfg_file": "f0666_s11_ldpc.json"
}