{
  "frame": 771,
  "slot": 1,
  "fg_idx": 1118,
  "fg_mtime": 1764948397.3964014,
  "tx_idx": 1541,
  "tx_mtime": 1764948397.3954015,
  "llr_idx": 1118,
  "llr_mtime": 1764948397.3964014,
  "rnti": 4660,
  "fullgrid_file": "f0771_s01_fullgrid_idx001118.bin",
  "txbits_file": "f0771_s01_txbits_idx001541_rnti04660.bin",
  "llr_file": "f0771_s01_llr_idx001118.bin",
  "ldpc_cfg_file": "f0771_s01_ldpc.json"
}