{
  "frame": 485,
  "slot": 1,
  "fg_idx": 546,
  "fg_mtime": 1764948396.1124508,
  "tx_idx": 969,
  "tx_mtime": 1764948396.1114507,
  "llr_idx": 546,
  "llr_mtime": 1764948396.1124508,
  "rnti": 4660,
  "fullgrid_file": "f0485_s01_fullgrid_idx000546.bin",
  "txbits_file": "f0485_s01_txbits_idx000969_rnti04660.bin",
  "llr_file": "f0485_s01_llr_idx000546.bin",
  "ldpc_cfg_file": "f0485_s01_ldpc.json"
}