{
  "frame": 969,
  "slot": 1,
  "fg_idx": 1514,
  "fg_mtime": 1764948398.322366,
  "tx_idx": 1937,
  "tx_mtime": 1764948398.3203661,
  "llr_idx": 1514,
  "llr_mtime": 1764948398.322366,
  "rnti": 4660,
  "fullgrid_file": "f0969_s01_fullgrid_idx001514.bin",
  "txbits_file": "f0969_s01_txbits_idx001937_rnti04660.bin",
  "llr_file": "f0969_s01_llr_idx001514.bin",
  "ldpc_cfg_file": "f0969_s01_ldpc.json"
}