{
  "frame": 536,
  "slot": 1,
  "fg_idx": 648,
  "fg_mtime": 1764948396.3704407,
  "tx_idx": 1071,
  "tx_mtime": 1764948396.3684409,
  "llr_idx": 648,
  "llr_mtime": 1764948396.3704407,
  "rnti": 4660,
  "fullgrid_file": "f0536_s01_fullgrid_idx000648.bin",
  "txbits_file": "f0536_s01_txbits_idx001071_rnti04660.bin",
  "llr_file": "f0536_s01_llr_idx000648.bin",
  "ldpc_cfg_file": "f0536_s01_ldpc.json"
}