{
  "frame": 402,
  "slot": 11,
  "fg_idx": 381,
  "fg_mtime": 1764948395.7364652,
  "tx_idx": 804,
  "tx_mtime": 1764948395.7354653,
  "llr_idx": 381,
  "llr_mtime": 1764948395.7364652,
  "rnti": 4660,
  "fullgrid_file": "f0402_s11_fullgrid_idx000381.bin",
  "txbits_file": "f0402_s11_txbits_idx000804_rnti04660.bin",
  "llr_file": "f0402_s11_llr_idx000381.bin",
  "ldpc_cfg_file": "f0402_s11_ldpc.json"
}