{
  "frame": 748,
  "slot": 11,
  "fg_idx": 1073,
  "fg_mtime": 1764948397.2914054,
  "tx_idx": 1496,
  "tx_mtime": 1764948397.2894056,
  "llr_idx": 1073,
  "llr_mtime": 1764948397.2914054,
  "rnti": 4660,
  "fullgrid_file": "f0748_s11_fullgrid_idx001073.bin",
  "txbits_file": "f0748_s11_txbits_idx001496_rnti04660.bin",
  "llr_file": "f0748_s11_llr_idx001073.bin",
  "ldpc_cfg_file": "f0748_s11_ldpc.json"
}