{
  "frame": 598,
  "slot": 11,
  "fg_idx": 773,
  "fg_mtime": 1764948396.6364305,
  "tx_idx": 1196,
  "tx_mtime": 1764948396.6354306,
  "llr_idx": 773,
  "llr_mtime": 1764948396.6374307,
  "rnti": 4660,
  "fullgrid_file": "f0598_s11_fullgrid_idx000773.bin",
  "txbits_file": "f0598_s11_txbits_idx001196_rnti04660.bin",
  "llr_file": "f0598_s11_llr_idx000773.bin",
  "ldpc_cfg_file": "f0598_s11_ldpc.json"
}