{
  "frame": 840,
  "slot": 1,
  "fg_idx": 1256,
  "fg_mtime": 1764948397.719389,
  "tx_idx": 1679,
  "tx_mtime": 1764948397.717389,
  "llr_idx": 1256,
  "llr_mtime": 1764948397.719389,
  "rnti": 4660,
  "fullgrid_file": "f0840_s01_fullgrid_idx001256.bin",
  "txbits_file": "f0840_s01_txbits_idx001679_rnti04660.bin",
  "llr_file": "f0840_s01_llr_idx001256.bin",
  "ldpc_cfg_file": "f0840_s01_ldpc.json"
}