{
  "frame": 305,
  "slot": 11,
  "fg_idx": 187,
  "fg_mtime": 1764948395.2924824,
  "tx_idx": 610,
  "tx_mtime": 1764948395.2914824,
  "llr_idx": 187,
  "llr_mtime": 1764948395.2924824,
  "rnti": 4660,
  "fullgrid_file": "f0305_s11_fullgrid_idx000187.bin",
  "txbits_file": "f0305_s11_txbits_idx000610_rnti04660.bin",
  "llr_file": "f0305_s11_llr_idx000187.bin",
  "ldpc_cfg_file": "f0305_s11_ldpc.json"
}