{
  "frame": 738,
  "slot": 1,
  "fg_idx": 1052,
  "fg_mtime": 1764948397.2454073,
  "tx_idx": 1475,
  "tx_mtime": 1764948397.2434072,
  "llr_idx": 1052,
  "llr_mtime": 1764948397.2454073,
  "rnti": 4660,
  "fullgrid_file": "f0738_s01_fullgrid_idx001052.bin",
  "txbits_file": "f0738_s01_txbits_idx001475_rnti04660.bin",
  "llr_file": "f0738_s01_llr_idx001052.bin",
  "ldpc_cfg_file": "f0738_s01_ldpc.json"
}