{
  "frame": 253,
  "slot": 1,
  "fg_idx": 82,
  "fg_mtime": 1764948395.0574913,
  "tx_idx": 505,
  "tx_mtime": 1764948395.0564914,
  "llr_idx": 82,
  "llr_mtime": 1764948395.0574913,
  "rnti": 4660,
  "fullgrid_file": "f0253_s01_fullgrid_idx000082.bin",
  "txbits_file": "f0253_s01_txbits_idx000505_rnti04660.bin",
  "llr_file": "f0253_s01_llr_idx000082.bin",
  "ldpc_cfg_file": "f0253_s01_ldpc.json"
}