{
  "frame": 417,
  "slot": 1,
  "fg_idx": 410,
  "fg_mtime": 1764948395.8034625,
  "tx_idx": 833,
  "tx_mtime": 1764948395.8014627,
  "llr_idx": 410,
  "llr_mtime": 1764948395.8034625,
  "rnti": 4660,
  "fullgrid_file": "f0417_s01_fullgrid_idx000410.bin",
  "txbits_file": "f0417_s01_txbits_idx000833_rnti04660.bin",
  "llr_file": "f0417_s01_llr_idx000410.bin",
  "ldpc_cfg_file": "f0417_s01_ldpc.json"
}