{
  "frame": 799,
  "slot": 11,
  "fg_idx": 1175,
  "fg_mtime": 1764948397.5303962,
  "tx_idx": 1598,
  "tx_mtime": 1764948397.5273964,
  "llr_idx": 1175,
  "llr_mtime": 1764948397.5303962,
  "rnti": 4660,
  "fullgrid_file": "f0799_s11_fullgrid_idx001175.bin",
  "txbits_file": "f0799_s11_txbits_idx001598_rnti04660.bin",
  "llr_file": "f0799_s11_llr_idx001175.bin",
  "ldpc_cfg_file": "f0799_s11_ldpc.json"
}