{
  "frame": 972,
  "slot": 11,
  "fg_idx": 1521,
  "fg_mtime": 1764948398.3403654,
  "tx_idx": 1944,
  "tx_mtime": 1764948398.3383653,
  "llr_idx": 1521,
  "llr_mtime": 1764948398.3403654,
  "rnti": 4660,
  "fullgrid_file": "f0972_s11_fullgrid_idx001521.bin",
  "txbits_file": "f0972_s11_txbits_idx001944_rnti04660.bin",
  "llr_file": "f0972_s11_llr_idx001521.bin",
  "ldpc_cfg_file": "f0972_s11_ldpc.json"
}