{
  "frame": 592,
  "slot": 1,
  "fg_idx": 760,
  "fg_mtime": 1764948396.6094317,
  "tx_idx": 1183,
  "tx_mtime": 1764948396.6084316,
  "llr_idx": 760,
  "llr_mtime": 1764948396.6104317,
  "rnti": 4660,
  "fullgrid_file": "f0592_s01_fullgrid_idx000760.bin",
  "txbits_file": "f0592_s01_txbits_idx001183_rnti04660.bin",
  "llr_file": "f0592_s01_llr_idx000760.bin",
  "ldpc_cfg_file": "f0592_s01_ldpc.json"
}