{
  "frame": 774,
  "slot": 11,
  "fg_idx": 1125,
  "fg_mtime": 1764948397.413401,
  "tx_idx": 1548,
  "tx_mtime": 1764948397.4114008,
  "llr_idx": 1125,
  "llr_mtime": 1764948397.413401,
  "rnti": 4660,
  "fullgrid_file": "f0774_s11_fullgrid_idx001125.bin",
  "txbits_file": "f0774_s11_txbits_idx001548_rnti04660.bin",
  "llr_file": "f0774_s11_llr_idx001125.bin",
  "ldpc_cfg_file": "f0774_s11_ldpc.json"
}