{
  "frame": 677,
  "slot": 11,
  "fg_idx": 931,
  "fg_mtime": 1764948396.9764175,
  "tx_idx": 1354,
  "tx_mtime": 1764948396.9744177,
  "llr_idx": 931,
  "llr_mtime": 1764948396.9764175,
  "rnti": 4660,
  "fullgrid_file": "f0677_s11_fullgrid_idx000931.bin",
  "txbits_file": "f0677_s11_txbits_idx001354_rnti04660.bin",
  "llr_file": "f0677_s11_llr_idx000931.bin",
  "ldpc_cfg_file": "f0677_s11_ldpc.json"
}