{
  "frame": 516,
  "slot": 1,
  "fg_idx": 608,
  "fg_mtime": 1764948396.2564452,
  "tx_idx": 1031,
  "tx_mtime": 1764948396.2544453,
  "llr_idx": 608,
  "llr_mtime": 1764948396.2564452,
  "rnti": 4660,
  "fullgrid_file": "f0516_s01_fullgrid_idx000608.bin",
  "txbits_file": "f0516_s01_txbits_idx001031_rnti04660.bin",
  "llr_file": "f0516_s01_llr_idx000608.bin",
  "ldpc_cfg_file": "f0516_s01_ldpc.json"
}