{
  "frame": 382,
  "slot": 1,
  "fg_idx": 340,
  "fg_mtime": 1764948395.6434689,
  "tx_idx": 763,
  "tx_mtime": 1764948395.6414688,
  "llr_idx": 340,
  "llr_mtime": 1764948395.6434689,
  "rnti": 4660,
  "fullgrid_file": "f0382_s01_fullgrid_idx000340.bin",
  "txbits_file": "f0382_s01_txbits_idx000763_rnti04660.bin",
  "llr_file": "f0382_s01_llr_idx000340.bin",
  "ldpc_cfg_file": "f0382_s01_ldpc.json"
}