{
  "frame": 937,
  "slot": 1,
  "fg_idx": 1450,
  "fg_mtime": 1764948398.166372,
  "tx_idx": 1873,
  "tx_mtime": 1764948398.165372,
  "llr_idx": 1450,
  "llr_mtime": 1764948398.167372,
  "rnti": 4660,
  "fullgrid_file": "f0937_s01_fullgrid_idx001450.bin",
  "txbits_file": "f0937_s01_txbits_idx001873_rnti04660.bin",
  "llr_file": "f0937_s01_llr_idx001450.bin",
  "ldpc_cfg_file": "f0937_s01_ldpc.json"
}