{
  "frame": 308,
  "slot": 1,
  "fg_idx": 192,
  "fg_mtime": 1764948395.3034818,
  "tx_idx": 615,
  "tx_mtime": 1764948395.302482,
  "llr_idx": 192,
  "llr_mtime": 1764948395.3034818,
  "rnti": 4660,
  "fullgrid_file": "f0308_s01_fullgrid_idx000192.bin",
  "txbits_file": "f0308_s01_txbits_idx000615_rnti04660.bin",
  "llr_file": "f0308_s01_llr_idx000192.bin",
  "ldpc_cfg_file": "f0308_s01_ldpc.json"
}