{
  "frame": 312,
  "slot": 11,
  "fg_idx": 201,
  "fg_mtime": 1764948395.324481,
  "tx_idx": 624,
  "tx_mtime": 1764948395.3224812,
  "llr_idx": 201,
  "llr_mtime": 1764948395.324481,
  "rnti": 4660,
  "fullgrid_file": "f0312_s11_fullgrid_idx000201.bin",
  "txbits_file": "f0312_s11_txbits_idx000624_rnti04660.bin",
  "llr_file": "f0312_s11_llr_idx000201.bin",
  "ldpc_cfg_file": "f0312_s11_ldpc.json"
}