{
  "frame": 254,
  "slot": 11,
  "fg_idx": 85,
  "fg_mtime": 1764948395.064491,
  "tx_idx": 508,
  "tx_mtime": 1764948395.0624912,
  "llr_idx": 85,
  "llr_mtime": 1764948395.065491,
  "rnti": 4660,
  "fullgrid_file": "f0254_s11_fullgrid_idx000085.bin",
  "txbits_file": "f0254_s11_txbits_idx000508_rnti04660.bin",
  "llr_file": "f0254_s11_llr_idx000085.bin",
  "ldpc_cfg_file": "f0254_s11_ldpc.json"
}