{
  "frame": 811,
  "slot": 11,
  "fg_idx": 1199,
  "fg_mtime": 1764948397.5873942,
  "tx_idx": 1622,
  "tx_mtime": 1764948397.5853941,
  "llr_idx": 1199,
  "llr_mtime": 1764948397.5873942,
  "rnti": 4660,
  "fullgrid_file": "f0811_s11_fullgrid_idx001199.bin",
  "txbits_file": "f0811_s11_txbits_idx001622_rnti04660.bin",
  "llr_file": "f0811_s11_llr_idx001199.bin",
  "ldpc_cfg_file": "f0811_s11_ldpc.json"
}