{
  "frame": 857,
  "slot": 1,
  "fg_idx": 1290,
  "fg_mtime": 1764948397.7963862,
  "tx_idx": 1713,
  "tx_mtime": 1764948397.795386,
  "llr_idx": 1290,
  "llr_mtime": 1764948397.7973862,
  "rnti": 4660,
  "fullgrid_file": "f0857_s01_fullgrid_idx001290.bin",
  "txbits_file": "f0857_s01_txbits_idx001713_rnti04660.bin",
  "llr_file": "f0857_s01_llr_idx001290.bin",
  "ldpc_cfg_file": "f0857_s01_ldpc.json"
}