{
  "frame": 865,
  "slot": 11,
  "fg_idx": 1307,
  "fg_mtime": 1764948397.8353846,
  "tx_idx": 1730,
  "tx_mtime": 1764948397.8343847,
  "llr_idx": 1307,
  "llr_mtime": 1764948397.8353846,
  "rnti": 4660,
  "fullgrid_file": "f0865_s11_fullgrid_idx001307.bin",
  "txbits_file": "f0865_s11_txbits_idx001730_rnti04660.bin",
  "llr_file": "f0865_s11_llr_idx001307.bin",
  "ldpc_cfg_file": "f0865_s11_ldpc.json"
}