{
  "frame": 895,
  "slot": 11,
  "fg_idx": 1367,
  "fg_mtime": 1764948397.9733794,
  "tx_idx": 1790,
  "tx_mtime": 1764948397.9723794,
  "llr_idx": 1367,
  "llr_mtime": 1764948397.9733794,
  "rnti": 4660,
  "fullgrid_file": "f0895_s11_fullgrid_idx001367.bin",
  "txbits_file": "f0895_s11_txbits_idx001790_rnti04660.bin",
  "llr_file": "f0895_s11_llr_idx001367.bin",
  "ldpc_cfg_file": "f0895_s11_ldpc.json"
}