{
  "frame": 310,
  "slot": 1,
  "fg_idx": 196,
  "fg_mtime": 1764948395.3124816,
  "tx_idx": 619,
  "tx_mtime": 1764948395.3104815,
  "llr_idx": 196,
  "llr_mtime": 1764948395.3134816,
  "rnti": 4660,
  "fullgrid_file": "f0310_s01_fullgrid_idx000196.bin",
  "txbits_file": "f0310_s01_txbits_idx000619_rnti04660.bin",
  "llr_file": "f0310_s01_llr_idx000196.bin",
  "ldpc_cfg_file": "f0310_s01_ldpc.json"
}