{
  "frame": 795,
  "slot": 1,
  "fg_idx": 1166,
  "fg_mtime": 1764948397.5073972,
  "tx_idx": 1589,
  "tx_mtime": 1764948397.5063972,
  "llr_idx": 1166,
  "llr_mtime": 1764948397.508397,
  "rnti": 4660,
  "fullgrid_file": "f0795_s01_fullgrid_idx001166.bin",
  "txbits_file": "f0795_s01_txbits_idx001589_rnti04660.bin",
  "llr_file": "f0795_s01_llr_idx001166.bin",
  "ldpc_cfg_file": "f0795_s01_ldpc.json"
}