{
  "frame": 907,
  "slot": 11,
  "fg_idx": 1391,
  "fg_mtime": 1764948398.0303771,
  "tx_idx": 1814,
  "tx_mtime": 1764948398.0283773,
  "llr_idx": 1391,
  "llr_mtime": 1764948398.0303771,
  "rnti": 4660,
  "fullgrid_file": "f0907_s11_fullgrid_idx001391.bin",
  "txbits_file": "f0907_s11_txbits_idx001814_rnti04660.bin",
  "llr_file": "f0907_s11_llr_idx001391.bin",
  "ldpc_cfg_file": "f0907_s11_ldpc.json"
}