{
  "frame": 346,
  "slot": 1,
  "fg_idx": 268,
  "fg_mtime": 1764948395.478475,
  "tx_idx": 691,
  "tx_mtime": 1764948395.4754753,
  "llr_idx": 268,
  "llr_mtime": 1764948395.478475,
  "rnti": 4660,
  "fullgrid_file": "f0346_s01_fullgrid_idx000268.bin",
  "txbits_file": "f0346_s01_txbits_idx000691_rnti04660.bin",
  "llr_file": "f0346_s01_llr_idx000268.bin",
  "ldpc_cfg_file": "f0346_s01_ldpc.json"
}