{
  "frame": 825,
  "slot": 11,
  "fg_idx": 1227,
  "fg_mtime": 1764948397.6523917,
  "tx_idx": 1650,
  "tx_mtime": 1764948397.6503918,
  "llr_idx": 1227,
  "llr_mtime": 1764948397.6523917,
  "rnti": 4660,
  "fullgrid_file": "f0825_s11_fullgrid_idx001227.bin",
  "txbits_file": "f0825_s11_txbits_idx001650_rnti04660.bin",
  "llr_file": "f0825_s11_llr_idx001227.bin",
  "ldpc_cfg_file": "f0825_s11_ldpc.json"
}