{
  "frame": 789,
  "slot": 1,
  "fg_idx": 1154,
  "fg_mtime": 1764948397.4803982,
  "tx_idx": 1577,
  "tx_mtime": 1764948397.4793983,
  "llr_idx": 1154,
  "llr_mtime": 1764948397.4803982,
  "rnti": 4660,
  "fullgrid_file": "f0789_s01_fullgrid_idx001154.bin",
  "txbits_file": "f0789_s01_txbits_idx001577_rnti04660.bin",
  "llr_file": "f0789_s01_llr_idx001154.bin",
  "ldpc_cfg_file": "f0789_s01_ldpc.json"
}