{
  "frame": 687,
  "slot": 1,
  "fg_idx": 950,
  "fg_mtime": 1764948397.0194159,
  "tx_idx": 1373,
  "tx_mtime": 1764948397.018416,
  "llr_idx": 950,
  "llr_mtime": 1764948397.0204158,
  "rnti": 4660,
  "fullgrid_file": "f0687_s01_fullgrid_idx000950.bin",
  "txbits_file": "f0687_s01_txbits_idx001373_rnti04660.bin",
  "llr_file": "f0687_s01_llr_idx000950.bin",
  "ldpc_cfg_file": "f0687_s01_ldpc.json"
}