{
  "frame": 894,
  "slot": 1,
  "fg_idx": 1364,
  "fg_mtime": 1764948397.9673796,
  "tx_idx": 1787,
  "tx_mtime": 1764948397.9653797,
  "llr_idx": 1364,
  "llr_mtime": 1764948397.9673796,
  "rnti": 4660,
  "fullgrid_file": "f0894_s01_fullgrid_idx001364.bin",
  "txbits_file": "f0894_s01_txbits_idx001787_rnti04660.bin",
  "llr_file": "f0894_s01_llr_idx001364.bin",
  "ldpc_cfg_file": "f0894_s01_ldpc.json"
}