{
  "frame": 521,
  "slot": 11,
  "fg_idx": 619,
  "fg_mtime": 1764948396.2814443,
  "tx_idx": 1042,
  "tx_mtime": 1764948396.2794442,
  "llr_idx": 619,
  "llr_mtime": 1764948396.2814443,
  "rnti": 4660,
  "fullgrid_file": "f0521_s11_fullgrid_idx000619.bin",
  "txbits_file": "f0521_s11_txbits_idx001042_rnti04660.bin",
  "llr_file": "f0521_s11_llr_idx000619.bin",
  "ldpc_cfg_file": "f0521_s11_ldpc.json"
}