{
  "frame": 354,
  "slot": 11,
  "fg_idx": 285,
  "fg_mtime": 1764948395.5174737,
  "tx_idx": 708,
  "tx_mtime": 1764948395.5154736,
  "llr_idx": 285,
  "llr_mtime": 1764948395.5174737,
  "rnti": 4660,
  "fullgrid_file": "f0354_s11_fullgrid_idx000285.bin",
  "txbits_file": "f0354_s11_txbits_idx000708_rnti04660.bin",
  "llr_file": "f0354_s11_llr_idx000285.bin",
  "ldpc_cfg_file": "f0354_s11_ldpc.json"
}