{
  "frame": 299,
  "slot": 1,
  "fg_idx": 174,
  "fg_mtime": 1764948395.2664833,
  "tx_idx": 597,
  "tx_mtime": 1764948395.2654834,
  "llr_idx": 174,
  "llr_mtime": 1764948395.2664833,
  "rnti": 4660,
  "fullgrid_file": "f0299_s01_fullgrid_idx000174.bin",
  "txbits_file": "f0299_s01_txbits_idx000597_rnti04660.bin",
  "llr_file": "f0299_s01_llr_idx000174.bin",
  "ldpc_cfg_file": "f0299_s01_ldpc.json"
}