{
  "frame": 441,
  "slot": 11,
  "fg_idx": 459,
  "fg_mtime": 1764948395.9154582,
  "tx_idx": 882,
  "tx_mtime": 1764948395.9134583,
  "llr_idx": 459,
  "llr_mtime": 1764948395.9154582,
  "rnti": 4660,
  "fullgrid_file": "f0441_s11_fullgrid_idx000459.bin",
  "txbits_file": "f0441_s11_txbits_idx000882_rnti04660.bin",
  "llr_file": "f0441_s11_llr_idx000459.bin",
  "ldpc_cfg_file": "f0441_s11_ldpc.json"
}