{
  "frame": 600,
  "slot": 11,
  "fg_idx": 777,
  "fg_mtime": 1764948396.6454303,
  "tx_idx": 1200,
  "tx_mtime": 1764948396.6434302,
  "llr_idx": 777,
  "llr_mtime": 1764948396.6454303,
  "rnti": 4660,
  "fullgrid_file": "f0600_s11_fullgrid_idx000777.bin",
  "txbits_file": "f0600_s11_txbits_idx001200_rnti04660.bin",
  "llr_file": "f0600_s11_llr_idx000777.bin",
  "ldpc_cfg_file": "f0600_s11_ldpc.json"
}