{
  "frame": 735,
  "slot": 11,
  "fg_idx": 1047,
  "fg_mtime": 1764948397.2334077,
  "tx_idx": 1470,
  "tx_mtime": 1764948397.2324078,
  "llr_idx": 1047,
  "llr_mtime": 1764948397.2334077,
  "rnti": 4660,
  "fullgrid_file": "f0735_s11_fullgrid_idx001047.bin",
  "txbits_file": "f0735_s11_txbits_idx001470_rnti04660.bin",
  "llr_file": "f0735_s11_llr_idx001047.bin",
  "ldpc_cfg_file": "f0735_s11_ldpc.json"
}