{
  "frame": 471,
  "slot": 1,
  "fg_idx": 518,
  "fg_mtime": 1764948396.0504532,
  "tx_idx": 941,
  "tx_mtime": 1764948396.048453,
  "llr_idx": 518,
  "llr_mtime": 1764948396.0504532,
  "rnti": 4660,
  "fullgrid_file": "f0471_s01_fullgrid_idx000518.bin",
  "txbits_file": "f0471_s01_txbits_idx000941_rnti04660.bin",
  "llr_file": "f0471_s01_llr_idx000518.bin",
  "ldpc_cfg_file": "f0471_s01_ldpc.json"
}