{
  "frame": 528,
  "slot": 11,
  "fg_idx": 633,
  "fg_mtime": 1764948396.3204427,
  "tx_idx": 1056,
  "tx_mtime": 1764948396.3184428,
  "llr_idx": 633,
  "llr_mtime": 1764948396.3204427,
  "rnti": 4660,
  "fullgrid_file": "f0528_s11_fullgrid_idx000633.bin",
  "txbits_file": "f0528_s11_txbits_idx001056_rnti04660.bin",
  "llr_file": "f0528_s11_llr_idx000633.bin",
  "ldpc_cfg_file": "f0528_s11_ldpc.json"
}