{
  "frame": 621,
  "slot": 11,
  "fg_idx": 819,
  "fg_mtime": 1764948396.7374268,
  "tx_idx": 1242,
  "tx_mtime": 1764948396.735427,
  "llr_idx": 819,
  "llr_mtime": 1764948396.7374268,
  "rnti": 4660,
  "fullgrid_file": "f0621_s11_fullgrid_idx000819.bin",
  "txbits_file": "f0621_s11_txbits_idx001242_rnti04660.bin",
  "llr_file": "f0621_s11_llr_idx000819.bin",
  "ldpc_cfg_file": "f0621_s11_ldpc.json"
}