{
  "frame": 864,
  "slot": 1,
  "fg_idx": 1304,
  "fg_mtime": 1764948397.8283849,
  "tx_idx": 1727,
  "tx_mtime": 1764948397.827385,
  "llr_idx": 1304,
  "llr_mtime": 1764948397.8293848,
  "rnti": 4660,
  "fullgrid_file": "f0864_s01_fullgrid_idx001304.bin",
  "txbits_file": "f0864_s01_txbits_idx001727_rnti04660.bin",
  "llr_file": "f0864_s01_llr_idx001304.bin",
  "ldpc_cfg_file": "f0864_s01_ldpc.json"
}