{
  "frame": 718,
  "slot": 1,
  "fg_idx": 1012,
  "fg_mtime": 1764948397.1574106,
  "tx_idx": 1435,
  "tx_mtime": 1764948397.1554108,
  "llr_idx": 1012,
  "llr_mtime": 1764948397.1574106,
  "rnti": 4660,
  "fullgrid_file": "f0718_s01_fullgrid_idx001012.bin",
  "txbits_file": "f0718_s01_txbits_idx001435_rnti04660.bin",
  "llr_file": "f0718_s01_llr_idx001012.bin",
  "ldpc_cfg_file": "f0718_s01_ldpc.json"
}