{
  "frame": 780,
  "slot": 1,
  "fg_idx": 1136,
  "fg_mtime": 1764948397.4383998,
  "tx_idx": 1559,
  "tx_mtime": 1764948397.4364,
  "llr_idx": 1136,
  "llr_mtime": 1764948397.4383998,
  "rnti": 4660,
  "fullgrid_file": "f0780_s01_fullgrid_idx001136.bin",
  "txbits_file": "f0780_s01_txbits_idx001559_rnti04660.bin",
  "llr_file": "f0780_s01_llr_idx001136.bin",
  "ldpc_cfg_file": "f0780_s01_ldpc.json"
}