{
  "frame": 801,
  "slot": 1,
  "fg_idx": 1178,
  "fg_mtime": 1764948397.536396,
  "tx_idx": 1601,
  "tx_mtime": 1764948397.5343962,
  "llr_idx": 1178,
  "llr_mtime": 1764948397.536396,
  "rnti": 4660,
  "fullgrid_file": "f0801_s01_fullgrid_idx001178.bin",
  "txbits_file": "f0801_s01_txbits_idx001601_rnti04660.bin",
  "llr_file": "f0801_s01_llr_idx001178.bin",
  "ldpc_cfg_file": "f0801_s01_ldpc.json"
}