{
  "frame": 964,
  "slot": 11,
  "fg_idx": 1505,
  "fg_mtime": 1764948398.298367,
  "tx_idx": 1928,
  "tx_mtime": 1764948398.296367,
  "llr_idx": 1505,
  "llr_mtime": 1764948398.298367,
  "rnti": 4660,
  "fullgrid_file": "f0964_s11_fullgrid_idx001505.bin",
  "txbits_file": "f0964_s11_txbits_idx001928_rnti04660.bin",
  "llr_file": "f0964_s11_llr_idx001505.bin",
  "ldpc_cfg_file": "f0964_s11_ldpc.json"
}