{
  "frame": 752,
  "slot": 1,
  "fg_idx": 1080,
  "fg_mtime": 1764948397.308405,
  "tx_idx": 1503,
  "tx_mtime": 1764948397.3064048,
  "llr_idx": 1080,
  "llr_mtime": 1764948397.308405,
  "rnti": 4660,
  "fullgrid_file": "f0752_s01_fullgrid_idx001080.bin",
  "txbits_file": "f0752_s01_txbits_idx001503_rnti04660.bin",
  "llr_file": "f0752_s01_llr_idx001080.bin",
  "ldpc_cfg_file": "f0752_s01_ldpc.json"
}