{
  "frame": 1000,
  "slot": 11,
  "fg_idx": 1577,
  "fg_mtime": 1764948398.47636,
  "tx_idx": 2000,
  "tx_mtime": 1764948398.4753602,
  "llr_idx": 1577,
  "llr_mtime": 1764948398.47736,
  "rnti": 4660,
  "fullgrid_file": "f1000_s11_fullgrid_idx001577.bin",
  "txbits_file": "f1000_s11_txbits_idx002000_rnti04660.bin",
  "llr_file": "f1000_s11_llr_idx001577.bin",
  "ldpc_cfg_file": "f1000_s11_ldpc.json"
}