{
  "frame": 629,
  "slot": 1,
  "fg_idx": 834,
  "fg_mtime": 1764948396.7704256,
  "tx_idx": 1257,
  "tx_mtime": 1764948396.7694254,
  "llr_idx": 834,
  "llr_mtime": 1764948396.7704256,
  "rnti": 4660,
  "fullgrid_file": "f0629_s01_fullgrid_idx000834.bin",
  "txbits_file": "f0629_s01_txbits_idx001257_rnti04660.bin",
  "llr_file": "f0629_s01_llr_idx000834.bin",
  "ldpc_cfg_file": "f0629_s01_ldpc.json"
}