{
  "frame": 869,
  "slot": 1,
  "fg_idx": 1314,
  "fg_mtime": 1764948397.851384,
  "tx_idx": 1737,
  "tx_mtime": 1764948397.849384,
  "llr_idx": 1314,
  "llr_mtime": 1764948397.851384,
  "rnti": 4660,
  "fullgrid_file": "f0869_s01_fullgrid_idx001314.bin",
  "txbits_file": "f0869_s01_txbits_idx001737_rnti04660.bin",
  "llr_file": "f0869_s01_llr_idx001314.bin",
  "ldpc_cfg_file": "f0869_s01_ldpc.json"
}