{
  "frame": 547,
  "slot": 11,
  "fg_idx": 671,
  "fg_mtime": 1764948396.420439,
  "tx_idx": 1094,
  "tx_mtime": 1764948396.418439,
  "llr_idx": 671,
  "llr_mtime": 1764948396.420439,
  "rnti": 4660,
  "fullgrid_file": "f0547_s11_fullgrid_idx000671.bin",
  "txbits_file": "f0547_s11_txbits_idx001094_rnti04660.bin",
  "llr_file": "f0547_s11_llr_idx000671.bin",
  "ldpc_cfg_file": "f0547_s11_ldpc.json"
}