{
  "frame": 900,
  "slot": 1,
  "fg_idx": 1376,
  "fg_mtime": 1764948397.9953785,
  "tx_idx": 1799,
  "tx_mtime": 1764948397.9933786,
  "llr_idx": 1376,
  "llr_mtime": 1764948397.9953785,
  "rnti": 4660,
  "fullgrid_file": "f0900_s01_fullgrid_idx001376.bin",
  "txbits_file": "f0900_s01_txbits_idx001799_rnti04660.bin",
  "llr_file": "f0900_s01_llr_idx001376.bin",
  "ldpc_cfg_file": "f0900_s01_ldpc.json"
}