{
  "frame": 920,
  "slot": 1,
  "fg_idx": 1416,
  "fg_mtime": 1764948398.087375,
  "tx_idx": 1839,
  "tx_mtime": 1764948398.086375,
  "llr_idx": 1416,
  "llr_mtime": 1764948398.0883749,
  "rnti": 4660,
  "fullgrid_file": "f0920_s01_fullgrid_idx001416.bin",
  "txbits_file": "f0920_s01_txbits_idx001839_rnti04660.bin",
  "llr_file": "f0920_s01_llr_idx001416.bin",
  "ldpc_cfg_file": "f0920_s01_ldpc.json"
}