{
  "frame": 631,
  "slot": 1,
  "fg_idx": 838,
  "fg_mtime": 1764948396.7784252,
  "tx_idx": 1261,
  "tx_mtime": 1764948396.7764251,
  "llr_idx": 838,
  "llr_mtime": 1764948396.7784252,
  "rnti": 4660,
  "fullgrid_file": "f0631_s01_fullgrid_idx000838.bin",
  "txbits_file": "f0631_s01_txbits_idx001261_rnti04660.bin",
  "llr_file": "f0631_s01_llr_idx000838.bin",
  "ldpc_cfg_file": "f0631_s01_ldpc.json"
}