{
  "frame": 567,
  "slot": 1,
  "fg_idx": 710,
  "fg_mtime": 1764948396.5044358,
  "tx_idx": 1133,
  "tx_mtime": 1764948396.5034356,
  "llr_idx": 710,
  "llr_mtime": 1764948396.5044358,
  "rnti": 4660,
  "fullgrid_file": "f0567_s01_fullgrid_idx000710.bin",
  "txbits_file": "f0567_s01_txbits_idx001133_rnti04660.bin",
  "llr_file": "f0567_s01_llr_idx000710.bin",
  "ldpc_cfg_file": "f0567_s01_ldpc.json"
}