{
  "frame": 854,
  "slot": 11,
  "fg_idx": 1285,
  "fg_mtime": 1764948397.7843866,
  "tx_idx": 1708,
  "tx_mtime": 1764948397.7833867,
  "llr_idx": 1285,
  "llr_mtime": 1764948397.7853866,
  "rnti": 4660,
  "fullgrid_file": "f0854_s11_fullgrid_idx001285.bin",
  "txbits_file": "f0854_s11_txbits_idx001708_rnti04660.bin",
  "llr_file": "f0854_s11_llr_idx001285.bin",
  "ldpc_cfg_file": "f0854_s11_ldpc.json"
}