{
  "frame": 877,
  "slot": 1,
  "fg_idx": 1330,
  "fg_mtime": 1764948397.8883827,
  "tx_idx": 1753,
  "tx_mtime": 1764948397.8863826,
  "llr_idx": 1330,
  "llr_mtime": 1764948397.8893826,
  "rnti": 4660,
  "fullgrid_file": "f0877_s01_fullgrid_idx001330.bin",
  "txbits_file": "f0877_s01_txbits_idx001753_rnti04660.bin",
  "llr_file": "f0877_s01_llr_idx001330.bin",
  "ldpc_cfg_file": "f0877_s01_ldpc.json"
}