{
  "frame": 768,
  "slot": 11,
  "fg_idx": 1113,
  "fg_mtime": 1764948397.385402,
  "tx_idx": 1536,
  "tx_mtime": 1764948397.3834019,
  "llr_idx": 1113,
  "llr_mtime": 1764948397.385402,
  "rnti": 4660,
  "fullgrid_file": "f0768_s11_fullgrid_idx001113.bin",
  "txbits_file": "f0768_s11_txbits_idx001536_rnti04660.bin",
  "llr_file": "f0768_s11_llr_idx001113.bin",
  "ldpc_cfg_file": "f0768_s11_ldpc.json"
}