{
  "frame": 454,
  "slot": 11,
  "fg_idx": 485,
  "fg_mtime": 1764948395.9734561,
  "tx_idx": 908,
  "tx_mtime": 1764948395.971456,
  "llr_idx": 485,
  "llr_mtime": 1764948395.9734561,
  "rnti": 4660,
  "fullgrid_file": "f0454_s11_fullgrid_idx000485.bin",
  "txbits_file": "f0454_s11_txbits_idx000908_rnti04660.bin",
  "llr_file": "f0454_s11_llr_idx000485.bin",
  "ldpc_cfg_file": "f0454_s11_ldpc.json"
}