{
  "frame": 327,
  "slot": 11,
  "fg_idx": 231,
  "fg_mtime": 1764948395.3914785,
  "tx_idx": 654,
  "tx_mtime": 1764948395.3904786,
  "llr_idx": 231,
  "llr_mtime": 1764948395.3914785,
  "rnti": 4660,
  "fullgrid_file": "f0327_s11_fullgrid_idx000231.bin",
  "txbits_file": "f0327_s11_txbits_idx000654_rnti04660.bin",
  "llr_file": "f0327_s11_llr_idx000231.bin",
  "ldpc_cfg_file": "f0327_s11_ldpc.json"
}