{
  "frame": 307,
  "slot": 11,
  "fg_idx": 191,
  "fg_mtime": 1764948395.301482,
  "tx_idx": 614,
  "tx_mtime": 1764948395.300482,
  "llr_idx": 191,
  "llr_mtime": 1764948395.301482,
  "rnti": 4660,
  "fullgrid_file": "f0307_s11_fullgrid_idx000191.bin",
  "txbits_file": "f0307_s11_txbits_idx000614_rnti04660.bin",
  "llr_file": "f0307_s11_llr_idx000191.bin",
  "ldpc_cfg_file": "f0307_s11_ldpc.json"
}