{
  "frame": 212,
  "slot": 1,
  "fg_idx": 0,
  "fg_mtime": 1764948394.885498,
  "tx_idx": 423,
  "tx_mtime": 1764948394.8844981,
  "llr_idx": 0,
  "llr_mtime": 1764948394.886498,
  "rnti": 4660,
  "fullgrid_file": "f0212_s01_fullgrid_idx000000.bin",
  "txbits_file": "f0212_s01_txbits_idx000423_rnti04660.bin",
  "llr_file": "f0212_s01_llr_idx000000.bin",
  "ldpc_cfg_file": "f0212_s01_ldpc.json"
}