{
  "frame": 861,
  "slot": 1,
  "fg_idx": 1298,
  "fg_mtime": 1764948397.8143854,
  "tx_idx": 1721,
  "tx_mtime": 1764948397.8133855,
  "llr_idx": 1298,
  "llr_mtime": 1764948397.8143854,
  "rnti": 4660,
  "fullgrid_file": "f0861_s01_fullgrid_idx001298.bin",
  "txbits_file": "f0861_s01_txbits_idx001721_rnti04660.bin",
  "llr_file": "f0861_s01_llr_idx001298.bin",
  "ldpc_cfg_file": "f0861_s01_ldpc.json"
}