{
  "frame": 508,
  "slot": 11,
  "fg_idx": 593,
  "fg_mtime": 1764948396.2214465,
  "tx_idx": 1016,
  "tx_mtime": 1764948396.2194467,
  "llr_idx": 593,
  "llr_mtime": 1764948396.2214465,
  "rnti": 4660,
  "fullgrid_file": "f0508_s11_fullgrid_idx000593.bin",
  "txbits_file": "f0508_s11_txbits_idx001016_rnti04660.bin",
  "llr_file": "f0508_s11_llr_idx000593.bin",
  "ldpc_cfg_file": "f0508_s11_ldpc.json"
}