{
  "frame": 679,
  "slot": 11,
  "fg_idx": 935,
  "fg_mtime": 1764948396.9854171,
  "tx_idx": 1358,
  "tx_mtime": 1764948396.9844172,
  "llr_idx": 935,
  "llr_mtime": 1764948396.9854171,
  "rnti": 4660,
  "fullgrid_file": "f0679_s11_fullgrid_idx000935.bin",
  "txbits_file": "f0679_s11_txbits_idx001358_rnti04660.bin",
  "llr_file": "f0679_s11_llr_idx000935.bin",
  "ldpc_cfg_file": "f0679_s11_ldpc.json"
}