{
  "frame": 757,
  "slot": 11,
  "fg_idx": 1091,
  "fg_mtime": 1764948397.3344038,
  "tx_idx": 1514,
  "tx_mtime": 1764948397.332404,
  "llr_idx": 1091,
  "llr_mtime": 1764948397.3344038,
  "rnti": 4660,
  "fullgrid_file": "f0757_s11_fullgrid_idx001091.bin",
  "txbits_file": "f0757_s11_txbits_idx001514_rnti04660.bin",
  "llr_file": "f0757_s11_llr_idx001091.bin",
  "ldpc_cfg_file": "f0757_s11_ldpc.json"
}