{
  "frame": 718,
  "slot": 11,
  "fg_idx": 1013,
  "fg_mtime": 1764948397.1594105,
  "tx_idx": 1436,
  "tx_mtime": 1764948397.1574106,
  "llr_idx": 1013,
  "llr_mtime": 1764948397.1594105,
  "rnti": 4660,
  "fullgrid_file": "f0718_s11_fullgrid_idx001013.bin",
  "txbits_file": "f0718_s11_txbits_idx001436_rnti04660.bin",
  "llr_file": "f0718_s11_llr_idx001013.bin",
  "ldpc_cfg_file": "f0718_s11_ldpc.json"
}