{
  "frame": 329,
  "slot": 1,
  "fg_idx": 234,
  "fg_mtime": 1764948395.3994782,
  "tx_idx": 657,
  "tx_mtime": 1764948395.3974783,
  "llr_idx": 234,
  "llr_mtime": 1764948395.4004781,
  "rnti": 4660,
  "fullgrid_file": "f0329_s01_fullgrid_idx000234.bin",
  "txbits_file": "f0329_s01_txbits_idx000657_rnti04660.bin",
  "llr_file": "f0329_s01_llr_idx000234.bin",
  "ldpc_cfg_file": "f0329_s01_ldpc.json"
}