{
  "frame": 899,
  "slot": 11,
  "fg_idx": 1375,
  "fg_mtime": 1764948397.9923787,
  "tx_idx": 1798,
  "tx_mtime": 1764948397.9903786,
  "llr_idx": 1375,
  "llr_mtime": 1764948397.9923787,
  "rnti": 4660,
  "fullgrid_file": "f0899_s11_fullgrid_idx001375.bin",
  "txbits_file": "f0899_s11_txbits_idx001798_rnti04660.bin",
  "llr_file": "f0899_s11_llr_idx001375.bin",
  "ldpc_cfg_file": "f0899_s11_ldpc.json"
}