{
  "frame": 613,
  "slot": 11,
  "fg_idx": 803,
  "fg_mtime": 1764948396.703428,
  "tx_idx": 1226,
  "tx_mtime": 1764948396.702428,
  "llr_idx": 803,
  "llr_mtime": 1764948396.703428,
  "rnti": 4660,
  "fullgrid_file": "f0613_s11_fullgrid_idx000803.bin",
  "txbits_file": "f0613_s11_txbits_idx001226_rnti04660.bin",
  "llr_file": "f0613_s11_llr_idx000803.bin",
  "ldpc_cfg_file": "f0613_s11_ldpc.json"
}