{
  "frame": 955,
  "slot": 11,
  "fg_idx": 1487,
  "fg_mtime": 1764948398.2563686,
  "tx_idx": 1910,
  "tx_mtime": 1764948398.2543685,
  "llr_idx": 1487,
  "llr_mtime": 1764948398.2563686,
  "rnti": 4660,
  "fullgrid_file": "f0955_s11_fullgrid_idx001487.bin",
  "txbits_file": "f0955_s11_txbits_idx001910_rnti04660.bin",
  "llr_file": "f0955_s11_llr_idx001487.bin",
  "ldpc_cfg_file": "f0955_s11_ldpc.json"
}