{
  "frame": 352,
  "slot": 1,
  "fg_idx": 280,
  "fg_mtime": 1764948395.505474,
  "tx_idx": 703,
  "tx_mtime": 1764948395.5044742,
  "llr_idx": 280,
  "llr_mtime": 1764948395.506474,
  "rnti": 4660,
  "fullgrid_file": "f0352_s01_fullgrid_idx000280.bin",
  "txbits_file": "f0352_s01_txbits_idx000703_rnti04660.bin",
  "llr_file": "f0352_s01_llr_idx000280.bin",
  "ldpc_cfg_file": "f0352_s01_ldpc.json"
}