{
  "frame": 953,
  "slot": 1,
  "fg_idx": 1482,
  "fg_mtime": 1764948398.244369,
  "tx_idx": 1905,
  "tx_mtime": 1764948398.243369,
  "llr_idx": 1482,
  "llr_mtime": 1764948398.245369,
  "rnti": 4660,
  "fullgrid_file": "f0953_s01_fullgrid_idx001482.bin",
  "txbits_file": "f0953_s01_txbits_idx001905_rnti04660.bin",
  "llr_file": "f0953_s01_llr_idx001482.bin",
  "ldpc_cfg_file": "f0953_s01_ldpc.json"
}