{
  "frame": 300,
  "slot": 1,
  "fg_idx": 176,
  "fg_mtime": 1764948395.2704833,
  "tx_idx": 599,
  "tx_mtime": 1764948395.2684832,
  "llr_idx": 176,
  "llr_mtime": 1764948395.2704833,
  "rnti": 4660,
  "fullgrid_file": "f0300_s01_fullgrid_idx000176.bin",
  "txbits_file": "f0300_s01_txbits_idx000599_rnti04660.bin",
  "llr_file": "f0300_s01_llr_idx000176.bin",
  "ldpc_cfg_file": "f0300_s01_ldpc.json"
}