{
  "frame": 614,
  "slot": 11,
  "fg_idx": 805,
  "fg_mtime": 1764948396.707428,
  "tx_idx": 1228,
  "tx_mtime": 1764948396.705428,
  "llr_idx": 805,
  "llr_mtime": 1764948396.707428,
  "rnti": 4660,
  "fullgrid_file": "f0614_s11_fullgrid_idx000805.bin",
  "txbits_file": "f0614_s11_txbits_idx001228_rnti04660.bin",
  "llr_file": "f0614_s11_llr_idx000805.bin",
  "ldpc_cfg_file": "f0614_s11_ldpc.json"
}