{
  "frame": 910,
  "slot": 11,
  "fg_idx": 1397,
  "fg_mtime": 1764948398.0433767,
  "tx_idx": 1820,
  "tx_mtime": 1764948398.0423768,
  "llr_idx": 1397,
  "llr_mtime": 1764948398.0443766,
  "rnti": 4660,
  "fullgrid_file": "f0910_s11_fullgrid_idx001397.bin",
  "txbits_file": "f0910_s11_txbits_idx001820_rnti04660.bin",
  "llr_file": "f0910_s11_llr_idx001397.bin",
  "ldpc_cfg_file": "f0910_s11_ldpc.json"
}