{
  "frame": 663,
  "slot": 11,
  "fg_idx": 903,
  "fg_mtime": 1764948396.9154198,
  "tx_idx": 1326,
  "tx_mtime": 1764948396.91342,
  "llr_idx": 903,
  "llr_mtime": 1764948396.9154198,
  "rnti": 4660,
  "fullgrid_file": "f0663_s11_fullgrid_idx000903.bin",
  "txbits_file": "f0663_s11_txbits_idx001326_rnti04660.bin",
  "llr_file": "f0663_s11_llr_idx000903.bin",
  "ldpc_cfg_file": "f0663_s11_ldpc.json"
}