{
  "frame": 506,
  "slot": 1,
  "fg_idx": 588,
  "fg_mtime": 1764948396.209447,
  "tx_idx": 1011,
  "tx_mtime": 1764948396.207447,
  "llr_idx": 588,
  "llr_mtime": 1764948396.209447,
  "rnti": 4660,
  "fullgrid_file": "f0506_s01_fullgrid_idx000588.bin",
  "txbits_file": "f0506_s01_txbits_idx001011_rnti04660.bin",
  "llr_file": "f0506_s01_llr_idx000588.bin",
  "ldpc_cfg_file": "f0506_s01_ldpc.json"
}