{
  "frame": 394,
  "slot": 11,
  "fg_idx": 365,
  "fg_mtime": 1764948395.6994667,
  "tx_idx": 788,
  "tx_mtime": 1764948395.6974666,
  "llr_idx": 365,
  "llr_mtime": 1764948395.7004666,
  "rnti": 4660,
  "fullgrid_file": "f0394_s11_fullgrid_idx000365.bin",
  "txbits_file": "f0394_s11_txbits_idx000788_rnti04660.bin",
  "llr_file": "f0394_s11_llr_idx000365.bin",
  "ldpc_cfg_file": "f0394_s11_ldpc.json"
}