{
  "frame": 336,
  "slot": 1,
  "fg_idx": 248,
  "fg_mtime": 1764948395.4314768,
  "tx_idx": 671,
  "tx_mtime": 1764948395.429477,
  "llr_idx": 248,
  "llr_mtime": 1764948395.4314768,
  "rnti": 4660,
  "fullgrid_file": "f0336_s01_fullgrid_idx000248.bin",
  "txbits_file": "f0336_s01_txbits_idx000671_rnti04660.bin",
  "llr_file": "f0336_s01_llr_idx000248.bin",
  "ldpc_cfg_file": "f0336_s01_ldpc.json"
}