{
  "frame": 636,
  "slot": 11,
  "fg_idx": 849,
  "fg_mtime": 1764948396.8004243,
  "tx_idx": 1272,
  "tx_mtime": 1764948396.7994244,
  "llr_idx": 849,
  "llr_mtime": 1764948396.8014243,
  "rnti": 4660,
  "fullgrid_file": "f0636_s11_fullgrid_idx000849.bin",
  "txbits_file": "f0636_s11_txbits_idx001272_rnti04660.bin",
  "llr_file": "f0636_s11_llr_idx000849.bin",
  "ldpc_cfg_file": "f0636_s11_ldpc.json"
}