{
  "frame": 843,
  "slot": 11,
  "fg_idx": 1263,
  "fg_mtime": 1764948397.7353885,
  "tx_idx": 1686,
  "tx_mtime": 1764948397.7343886,
  "llr_idx": 1263,
  "llr_mtime": 1764948397.7363884,
  "rnti": 4660,
  "fullgrid_file": "f0843_s11_fullgrid_idx001263.bin",
  "txbits_file": "f0843_s11_txbits_idx001686_rnti04660.bin",
  "llr_file": "f0843_s11_llr_idx001263.bin",
  "ldpc_cfg_file": "f0843_s11_ldpc.json"
}