{
  "frame": 564,
  "slot": 1,
  "fg_idx": 704,
  "fg_mtime": 1764948396.4924362,
  "tx_idx": 1127,
  "tx_mtime": 1764948396.4904363,
  "llr_idx": 704,
  "llr_mtime": 1764948396.4924362,
  "rnti": 4660,
  "fullgrid_file": "f0564_s01_fullgrid_idx000704.bin",
  "txbits_file": "f0564_s01_txbits_idx001127_rnti04660.bin",
  "llr_file": "f0564_s01_llr_idx000704.bin",
  "ldpc_cfg_file": "f0564_s01_ldpc.json"
}