{
  "frame": 885,
  "slot": 11,
  "fg_idx": 1347,
  "fg_mtime": 1764948397.927381,
  "tx_idx": 1770,
  "tx_mtime": 1764948397.926381,
  "llr_idx": 1347,
  "llr_mtime": 1764948397.928381,
  "rnti": 4660,
  "fullgrid_file": "f0885_s11_fullgrid_idx001347.bin",
  "txbits_file": "f0885_s11_txbits_idx001770_rnti04660.bin",
  "llr_file": "f0885_s11_llr_idx001347.bin",
  "ldpc_cfg_file": "f0885_s11_ldpc.json"
}