{
  "frame": 823,
  "slot": 11,
  "fg_idx": 1223,
  "fg_mtime": 1764948397.643392,
  "tx_idx": 1646,
  "tx_mtime": 1764948397.641392,
  "llr_idx": 1223,
  "llr_mtime": 1764948397.643392,
  "rnti": 4660,
  "fullgrid_file": "f0823_s11_fullgrid_idx001223.bin",
  "txbits_file": "f0823_s11_txbits_idx001646_rnti04660.bin",
  "llr_file": "f0823_s11_llr_idx001223.bin",
  "ldpc_cfg_file": "f0823_s11_ldpc.json"
}