{
  "frame": 264,
  "slot": 11,
  "fg_idx": 105,
  "fg_mtime": 1764948395.1094894,
  "tx_idx": 528,
  "tx_mtime": 1764948395.1084893,
  "llr_idx": 105,
  "llr_mtime": 1764948395.1094894,
  "rnti": 4660,
  "fullgrid_file": "f0264_s11_fullgrid_idx000105.bin",
  "txbits_file": "f0264_s11_txbits_idx000528_rnti04660.bin",
  "llr_file": "f0264_s11_llr_idx000105.bin",
  "ldpc_cfg_file": "f0264_s11_ldpc.json"
}