{
  "frame": 368,
  "slot": 1,
  "fg_idx": 312,
  "fg_mtime": 1764948395.5784712,
  "tx_idx": 735,
  "tx_mtime": 1764948395.5764713,
  "llr_idx": 312,
  "llr_mtime": 1764948395.5794713,
  "rnti": 4660,
  "fullgrid_file": "f0368_s01_fullgrid_idx000312.bin",
  "txbits_file": "f0368_s01_txbits_idx000735_rnti04660.bin",
  "llr_file": "f0368_s01_llr_idx000312.bin",
  "ldpc_cfg_file": "f0368_s01_ldpc.json"
}