{
  "frame": 948,
  "slot": 1,
  "fg_idx": 1472,
  "fg_mtime": 1764948398.21937,
  "tx_idx": 1895,
  "tx_mtime": 1764948398.21837,
  "llr_idx": 1472,
  "llr_mtime": 1764948398.2203698,
  "rnti": 4660,
  "fullgrid_file": "f0948_s01_fullgrid_idx001472.bin",
  "txbits_file": "f0948_s01_txbits_idx001895_rnti04660.bin",
  "llr_file": "f0948_s01_llr_idx001472.bin",
  "ldpc_cfg_file": "f0948_s01_ldpc.json"
}