{
  "frame": 619,
  "slot": 1,
  "fg_idx": 814,
  "fg_mtime": 1764948396.726427,
  "tx_idx": 1237,
  "tx_mtime": 1764948396.7234273,
  "llr_idx": 814,
  "llr_mtime": 1764948396.726427,
  "rnti": 4660,
  "fullgrid_file": "f0619_s01_fullgrid_idx000814.bin",
  "txbits_file": "f0619_s01_txbits_idx001237_rnti04660.bin",
  "llr_file": "f0619_s01_llr_idx000814.bin",
  "ldpc_cfg_file": "f0619_s01_ldpc.json"
}