{
  "frame": 787,
  "slot": 11,
  "fg_idx": 1151,
  "fg_mtime": 1764948397.4733984,
  "tx_idx": 1574,
  "tx_mtime": 1764948397.4713986,
  "llr_idx": 1151,
  "llr_mtime": 1764948397.4733984,
  "rnti": 4660,
  "fullgrid_file": "f0787_s11_fullgrid_idx001151.bin",
  "txbits_file": "f0787_s11_txbits_idx001574_rnti04660.bin",
  "llr_file": "f0787_s11_llr_idx001151.bin",
  "ldpc_cfg_file": "f0787_s11_ldpc.json"
}