{
  "frame": 803,
  "slot": 1,
  "fg_idx": 1182,
  "fg_mtime": 1764948397.5453959,
  "tx_idx": 1605,
  "tx_mtime": 1764948397.5443957,
  "llr_idx": 1182,
  "llr_mtime": 1764948397.5453959,
  "rnti": 4660,
  "fullgrid_file": "f0803_s01_fullgrid_idx001182.bin",
  "txbits_file": "f0803_s01_txbits_idx001605_rnti04660.bin",
  "llr_file": "f0803_s01_llr_idx001182.bin",
  "ldpc_cfg_file": "f0803_s01_ldpc.json"
}