{
  "frame": 578,
  "slot": 11,
  "fg_idx": 733,
  "fg_mtime": 1764948396.5544338,
  "tx_idx": 1156,
  "tx_mtime": 1764948396.5524337,
  "llr_idx": 733,
  "llr_mtime": 1764948396.5544338,
  "rnti": 4660,
  "fullgrid_file": "f0578_s11_fullgrid_idx000733.bin",
  "txbits_file": "f0578_s11_txbits_idx001156_rnti04660.bin",
  "llr_file": "f0578_s11_llr_idx000733.bin",
  "ldpc_cfg_file": "f0578_s11_ldpc.json"
}