{
  "frame": 913,
  "slot": 1,
  "fg_idx": 1402,
  "fg_mtime": 1764948398.0553763,
  "tx_idx": 1825,
  "tx_mtime": 1764948398.0533762,
  "llr_idx": 1402,
  "llr_mtime": 1764948398.0553763,
  "rnti": 4660,
  "fullgrid_file": "f0913_s01_fullgrid_idx001402.bin",
  "txbits_file": "f0913_s01_txbits_idx001825_rnti04660.bin",
  "llr_file": "f0913_s01_llr_idx001402.bin",
  "ldpc_cfg_file": "f0913_s01_ldpc.json"
}