{
  "frame": 434,
  "slot": 11,
  "fg_idx": 445,
  "fg_mtime": 1764948395.8834596,
  "tx_idx": 868,
  "tx_mtime": 1764948395.8824596,
  "llr_idx": 445,
  "llr_mtime": 1764948395.8834596,
  "rnti": 4660,
  "fullgrid_file": "f0434_s11_fullgrid_idx000445.bin",
  "txbits_file": "f0434_s11_txbits_idx000868_rnti04660.bin",
  "llr_file": "f0434_s11_llr_idx000445.bin",
  "ldpc_cfg_file": "f0434_s11_ldpc.json"
}