{
  "frame": 727,
  "slot": 1,
  "fg_idx": 1030,
  "fg_mtime": 1764948397.195409,
  "tx_idx": 1453,
  "tx_mtime": 1764948397.1934092,
  "llr_idx": 1030,
  "llr_mtime": 1764948397.195409,
  "rnti": 4660,
  "fullgrid_file": "f0727_s01_fullgrid_idx001030.bin",
  "txbits_file": "f0727_s01_txbits_idx001453_rnti04660.bin",
  "llr_file": "f0727_s01_llr_idx001030.bin",
  "ldpc_cfg_file": "f0727_s01_ldpc.json"
}