{
  "frame": 587,
  "slot": 1,
  "fg_idx": 750,
  "fg_mtime": 1764948396.5894325,
  "tx_idx": 1173,
  "tx_mtime": 1764948396.5884326,
  "llr_idx": 750,
  "llr_mtime": 1764948396.5894325,
  "rnti": 4660,
  "fullgrid_file": "f0587_s01_fullgrid_idx000750.bin",
  "txbits_file": "f0587_s01_txbits_idx001173_rnti04660.bin",
  "llr_file": "f0587_s01_llr_idx000750.bin",
  "ldpc_cfg_file": "f0587_s01_ldpc.json"
}