{
  "frame": 608,
  "slot": 1,
  "fg_idx": 792,
  "fg_mtime": 1764948396.679429,
  "tx_idx": 1215,
  "tx_mtime": 1764948396.677429,
  "llr_idx": 792,
  "llr_mtime": 1764948396.679429,
  "rnti": 4660,
  "fullgrid_file": "f0608_s01_fullgrid_idx000792.bin",
  "txbits_file": "f0608_s01_txbits_idx001215_rnti04660.bin",
  "llr_file": "f0608_s01_llr_idx000792.bin",
  "ldpc_cfg_file": "f0608_s01_ldpc.json"
}