{
  "frame": 486,
  "slot": 1,
  "fg_idx": 548,
  "fg_mtime": 1764948396.1164505,
  "tx_idx": 971,
  "tx_mtime": 1764948396.1154506,
  "llr_idx": 548,
  "llr_mtime": 1764948396.1174505,
  "rnti": 4660,
  "fullgrid_file": "f0486_s01_fullgrid_idx000548.bin",
  "txbits_file": "f0486_s01_txbits_idx000971_rnti04660.bin",
  "llr_file": "f0486_s01_llr_idx000548.bin",
  "ldpc_cfg_file": "f0486_s01_ldpc.json"
}