{
  "frame": 335,
  "slot": 1,
  "fg_idx": 246,
  "fg_mtime": 1764948395.4264772,
  "tx_idx": 669,
  "tx_mtime": 1764948395.4254773,
  "llr_idx": 246,
  "llr_mtime": 1764948395.4264772,
  "rnti": 4660,
  "fullgrid_file": "f0335_s01_fullgrid_idx000246.bin",
  "txbits_file": "f0335_s01_txbits_idx000669_rnti04660.bin",
  "llr_file": "f0335_s01_llr_idx000246.bin",
  "ldpc_cfg_file": "f0335_s01_ldpc.json"
}