{
  "frame": 753,
  "slot": 11,
  "fg_idx": 1083,
  "fg_mtime": 1764948397.3154047,
  "tx_idx": 1506,
  "tx_mtime": 1764948397.3144045,
  "llr_idx": 1083,
  "llr_mtime": 1764948397.3154047,
  "rnti": 4660,
  "fullgrid_file": "f0753_s11_fullgrid_idx001083.bin",
  "txbits_file": "f0753_s11_txbits_idx001506_rnti04660.bin",
  "llr_file": "f0753_s11_llr_idx001083.bin",
  "ldpc_cfg_file": "f0753_s11_ldpc.json"
}