{
  "frame": 506,
  "slot": 11,
  "fg_idx": 589,
  "fg_mtime": 1764948396.211447,
  "tx_idx": 1012,
  "tx_mtime": 1764948396.209447,
  "llr_idx": 589,
  "llr_mtime": 1764948396.211447,
  "rnti": 4660,
  "fullgrid_file": "f0506_s11_fullgrid_idx000589.bin",
  "txbits_file": "f0506_s11_txbits_idx001012_rnti04660.bin",
  "llr_file": "f0506_s11_llr_idx000589.bin",
  "ldpc_cfg_file": "f0506_s11_ldpc.json"
}