{
  "frame": 979,
  "slot": 11,
  "fg_idx": 1535,
  "fg_mtime": 1764948398.373364,
  "tx_idx": 1958,
  "tx_mtime": 1764948398.372364,
  "llr_idx": 1535,
  "llr_mtime": 1764948398.3743641,
  "rnti": 4660,
  "fullgrid_file": "f0979_s11_fullgrid_idx001535.bin",
  "txbits_file": "f0979_s11_txbits_idx001958_rnti04660.bin",
  "llr_file": "f0979_s11_llr_idx001535.bin",
  "ldpc_cfg_file": "f0979_s11_ldpc.json"
}