{
  "frame": 302,
  "slot": 11,
  "fg_idx": 181,
  "fg_mtime": 1764948395.2804828,
  "tx_idx": 604,
  "tx_mtime": 1764948395.278483,
  "llr_idx": 181,
  "llr_mtime": 1764948395.2804828,
  "rnti": 4660,
  "fullgrid_file": "f0302_s11_fullgrid_idx000181.bin",
  "txbits_file": "f0302_s11_txbits_idx000604_rnti04660.bin",
  "llr_file": "f0302_s11_llr_idx000181.bin",
  "ldpc_cfg_file": "f0302_s11_ldpc.json"
}