{
  "frame": 705,
  "slot": 1,
  "fg_idx": 986,
  "fg_mtime": 1764948397.0984128,
  "tx_idx": 1409,
  "tx_mtime": 1764948397.096413,
  "llr_idx": 986,
  "llr_mtime": 1764948397.0984128,
  "rnti": 4660,
  "fullgrid_file": "f0705_s01_fullgrid_idx000986.bin",
  "txbits_file": "f0705_s01_txbits_idx001409_rnti04660.bin",
  "llr_file": "f0705_s01_llr_idx000986.bin",
  "ldpc_cfg_file": "f0705_s01_ldpc.json"
}