{
  "frame": 650,
  "slot": 1,
  "fg_idx": 876,
  "fg_mtime": 1764948396.8554223,
  "tx_idx": 1299,
  "tx_mtime": 1764948396.8544223,
  "llr_idx": 876,
  "llr_mtime": 1764948396.8564222,
  "rnti": 4660,
  "fullgrid_file": "f0650_s01_fullgrid_idx000876.bin",
  "txbits_file": "f0650_s01_txbits_idx001299_rnti04660.bin",
  "llr_file": "f0650_s01_llr_idx000876.bin",
  "ldpc_cfg_file": "f0650_s01_ldpc.json"
}