{
  "frame": 551,
  "slot": 11,
  "fg_idx": 679,
  "fg_mtime": 1764948396.4384382,
  "tx_idx": 1102,
  "tx_mtime": 1764948396.4364383,
  "llr_idx": 679,
  "llr_mtime": 1764948396.4384382,
  "rnti": 4660,
  "fullgrid_file": "f0551_s11_fullgrid_idx000679.bin",
  "txbits_file": "f0551_s11_txbits_idx001102_rnti04660.bin",
  "llr_file": "f0551_s11_llr_idx000679.bin",
  "ldpc_cfg_file": "f0551_s11_ldpc.json"
}