{
  "frame": 261,
  "slot": 1,
  "fg_idx": 98,
  "fg_mtime": 1764948395.09349,
  "tx_idx": 521,
  "tx_mtime": 1764948395.09249,
  "llr_idx": 98,
  "llr_mtime": 1764948395.09349,
  "rnti": 4660,
  "fullgrid_file": "f0261_s01_fullgrid_idx000098.bin",
  "txbits_file": "f0261_s01_txbits_idx000521_rnti04660.bin",
  "llr_file": "f0261_s01_llr_idx000098.bin",
  "ldpc_cfg_file": "f0261_s01_ldpc.json"
}