{
  "frame": 489,
  "slot": 1,
  "fg_idx": 554,
  "fg_mtime": 1764948396.13045,
  "tx_idx": 977,
  "tx_mtime": 1764948396.1284502,
  "llr_idx": 554,
  "llr_mtime": 1764948396.13045,
  "rnti": 4660,
  "fullgrid_file": "f0489_s01_fullgrid_idx000554.bin",
  "txbits_file": "f0489_s01_txbits_idx000977_rnti04660.bin",
  "llr_file": "f0489_s01_llr_idx000554.bin",
  "ldpc_cfg_file": "f0489_s01_ldpc.json"
}