{
  "frame": 841,
  "slot": 1,
  "fg_idx": 1258,
  "fg_mtime": 1764948397.7243888,
  "tx_idx": 1681,
  "tx_mtime": 1764948397.722389,
  "llr_idx": 1258,
  "llr_mtime": 1764948397.7243888,
  "rnti": 4660,
  "fullgrid_file": "f0841_s01_fullgrid_idx001258.bin",
  "txbits_file": "f0841_s01_txbits_idx001681_rnti04660.bin",
  "llr_file": "f0841_s01_llr_idx001258.bin",
  "ldpc_cfg_file": "f0841_s01_ldpc.json"
}