{
  "frame": 658,
  "slot": 11,
  "fg_idx": 893,
  "fg_mtime": 1764948396.8934207,
  "tx_idx": 1316,
  "tx_mtime": 1764948396.8924208,
  "llr_idx": 893,
  "llr_mtime": 1764948396.8934207,
  "rnti": 4660,
  "fullgrid_file": "f0658_s11_fullgrid_idx000893.bin",
  "txbits_file": "f0658_s11_txbits_idx001316_rnti04660.bin",
  "llr_file": "f0658_s11_llr_idx000893.bin",
  "ldpc_cfg_file": "f0658_s11_ldpc.json"
}