{
  "frame": 723,
  "slot": 11,
  "fg_idx": 1023,
  "fg_mtime": 1764948397.1804097,
  "tx_idx": 1446,
  "tx_mtime": 1764948397.1784098,
  "llr_idx": 1023,
  "llr_mtime": 1764948397.1804097,
  "rnti": 4660,
  "fullgrid_file": "f0723_s11_fullgrid_idx001023.bin",
  "txbits_file": "f0723_s11_txbits_idx001446_rnti04660.bin",
  "llr_file": "f0723_s11_llr_idx001023.bin",
  "ldpc_cfg_file": "f0723_s11_ldpc.json"
}