{
  "frame": 252,
  "slot": 1,
  "fg_idx": 80,
  "fg_mtime": 1764948395.0534916,
  "tx_idx": 503,
  "tx_mtime": 1764948395.0514915,
  "llr_idx": 80,
  "llr_mtime": 1764948395.0534916,
  "rnti": 4660,
  "fullgrid_file": "f0252_s01_fullgrid_idx000080.bin",
  "txbits_file": "f0252_s01_txbits_idx000503_rnti04660.bin",
  "llr_file": "f0252_s01_llr_idx000080.bin",
  "ldpc_cfg_file": "f0252_s01_ldpc.json"
}