{
  "frame": 478,
  "slot": 1,
  "fg_idx": 532,
  "fg_mtime": 1764948396.081452,
  "tx_idx": 955,
  "tx_mtime": 1764948396.079452,
  "llr_idx": 532,
  "llr_mtime": 1764948396.081452,
  "rnti": 4660,
  "fullgrid_file": "f0478_s01_fullgrid_idx000532.bin",
  "txbits_file": "f0478_s01_txbits_idx000955_rnti04660.bin",
  "llr_file": "f0478_s01_llr_idx000532.bin",
  "ldpc_cfg_file": "f0478_s01_ldpc.json"
}