{
  "frame": 314,
  "slot": 1,
  "fg_idx": 204,
  "fg_mtime": 1764948395.3314807,
  "tx_idx": 627,
  "tx_mtime": 1764948395.329481,
  "llr_idx": 204,
  "llr_mtime": 1764948395.3314807,
  "rnti": 4660,
  "fullgrid_file": "f0314_s01_fullgrid_idx000204.bin",
  "txbits_file": "f0314_s01_txbits_idx000627_rnti04660.bin",
  "llr_file": "f0314_s01_llr_idx000204.bin",
  "ldpc_cfg_file": "f0314_s01_ldpc.json"
}