{
  "frame": 696,
  "slot": 11,
  "fg_idx": 969,
  "fg_mtime": 1764948397.0604143,
  "tx_idx": 1392,
  "tx_mtime": 1764948397.0584145,
  "llr_idx": 969,
  "llr_mtime": 1764948397.0604143,
  "rnti": 4660,
  "fullgrid_file": "f0696_s11_fullgrid_idx000969.bin",
  "txbits_file": "f0696_s11_txbits_idx001392_rnti04660.bin",
  "llr_file": "f0696_s11_llr_idx000969.bin",
  "ldpc_cfg_file": "f0696_s11_ldpc.json"
}