{
  "frame": 297,
  "slot": 1,
  "fg_idx": 170,
  "fg_mtime": 1764948395.2574837,
  "tx_idx": 593,
  "tx_mtime": 1764948395.2564838,
  "llr_idx": 170,
  "llr_mtime": 1764948395.2584836,
  "rnti": 4660,
  "fullgrid_file": "f0297_s01_fullgrid_idx000170.bin",
  "txbits_file": "f0297_s01_txbits_idx000593_rnti04660.bin",
  "llr_file": "f0297_s01_llr_idx000170.bin",
  "ldpc_cfg_file": "f0297_s01_ldpc.json"
}