{
  "frame": 800,
  "slot": 11,
  "fg_idx": 1177,
  "fg_mtime": 1764948397.5343962,
  "tx_idx": 1600,
  "tx_mtime": 1764948397.5323963,
  "llr_idx": 1177,
  "llr_mtime": 1764948397.5343962,
  "rnti": 4660,
  "fullgrid_file": "f0800_s11_fullgrid_idx001177.bin",
  "txbits_file": "f0800_s11_txbits_idx001600_rnti04660.bin",
  "llr_file": "f0800_s11_llr_idx001177.bin",
  "ldpc_cfg_file": "f0800_s11_ldpc.json"
}