{
  "frame": 922,
  "slot": 1,
  "fg_idx": 1420,
  "fg_mtime": 1764948398.0973747,
  "tx_idx": 1843,
  "tx_mtime": 1764948398.0953746,
  "llr_idx": 1420,
  "llr_mtime": 1764948398.0973747,
  "rnti": 4660,
  "fullgrid_file": "f0922_s01_fullgrid_idx001420.bin",
  "txbits_file": "f0922_s01_txbits_idx001843_rnti04660.bin",
  "llr_file": "f0922_s01_llr_idx001420.bin",
  "ldpc_cfg_file": "f0922_s01_ldpc.json"
}