{
  "frame": 219,
  "slot": 11,
  "fg_idx": 15,
  "fg_mtime": 1764948394.9164968,
  "tx_idx": 438,
  "tx_mtime": 1764948394.914497,
  "llr_idx": 15,
  "llr_mtime": 1764948394.9164968,
  "rnti": 4660,
  "fullgrid_file": "f0219_s11_fullgrid_idx000015.bin",
  "txbits_file": "f0219_s11_txbits_idx000438_rnti04660.bin",
  "llr_file": "f0219_s11_llr_idx000015.bin",
  "ldpc_cfg_file": "f0219_s11_ldpc.json"
}