{
  "frame": 640,
  "slot": 1,
  "fg_idx": 856,
  "fg_mtime": 1764948396.8154237,
  "tx_idx": 1279,
  "tx_mtime": 1764948396.8134239,
  "llr_idx": 856,
  "llr_mtime": 1764948396.8154237,
  "rnti": 4660,
  "fullgrid_file": "f0640_s01_fullgrid_idx000856.bin",
  "txbits_file": "f0640_s01_txbits_idx001279_rnti04660.bin",
  "llr_file": "f0640_s01_llr_idx000856.bin",
  "ldpc_cfg_file": "f0640_s01_ldpc.json"
}