{
  "frame": 992,
  "slot": 11,
  "fg_idx": 1561,
  "fg_mtime": 1764948398.4393616,
  "tx_idx": 1984,
  "tx_mtime": 1764948398.4373617,
  "llr_idx": 1561,
  "llr_mtime": 1764948398.4393616,
  "rnti": 4660,
  "fullgrid_file": "f0992_s11_fullgrid_idx001561.bin",
  "txbits_file": "f0992_s11_txbits_idx001984_rnti04660.bin",
  "llr_file": "f0992_s11_llr_idx001561.bin",
  "ldpc_cfg_file": "f0992_s11_ldpc.json"
}