{
  "frame": 293,
  "slot": 11,
  "fg_idx": 163,
  "fg_mtime": 1764948395.2414842,
  "tx_idx": 586,
  "tx_mtime": 1764948395.2394843,
  "llr_idx": 163,
  "llr_mtime": 1764948395.2414842,
  "rnti": 4660,
  "fullgrid_file": "f0293_s11_fullgrid_idx000163.bin",
  "txbits_file": "f0293_s11_txbits_idx000586_rnti04660.bin",
  "llr_file": "f0293_s11_llr_idx000163.bin",
  "ldpc_cfg_file": "f0293_s11_ldpc.json"
}