{
  "frame": 786,
  "slot": 11,
  "fg_idx": 1149,
  "fg_mtime": 1764948397.4693987,
  "tx_idx": 1572,
  "tx_mtime": 1764948397.4673986,
  "llr_idx": 1149,
  "llr_mtime": 1764948397.4693987,
  "rnti": 4660,
  "fullgrid_file": "f0786_s11_fullgrid_idx001149.bin",
  "txbits_file": "f0786_s11_txbits_idx001572_rnti04660.bin",
  "llr_file": "f0786_s11_llr_idx001149.bin",
  "ldpc_cfg_file": "f0786_s11_ldpc.json"
}