{
  "frame": 494,
  "slot": 1,
  "fg_idx": 564,
  "fg_mtime": 1764948396.153449,
  "tx_idx": 987,
  "tx_mtime": 1764948396.1514492,
  "llr_idx": 564,
  "llr_mtime": 1764948396.1544492,
  "rnti": 4660,
  "fullgrid_file": "f0494_s01_fullgrid_idx000564.bin",
  "txbits_file": "f0494_s01_txbits_idx000987_rnti04660.bin",
  "llr_file": "f0494_s01_llr_idx000564.bin",
  "ldpc_cfg_file": "f0494_s01_ldpc.json"
}