{
  "frame": 499,
  "slot": 11,
  "fg_idx": 575,
  "fg_mtime": 1764948396.1794481,
  "tx_idx": 998,
  "tx_mtime": 1764948396.1774483,
  "llr_idx": 575,
  "llr_mtime": 1764948396.1794481,
  "rnti": 4660,
  "fullgrid_file": "f0499_s11_fullgrid_idx000575.bin",
  "txbits_file": "f0499_s11_txbits_idx000998_rnti04660.bin",
  "llr_file": "f0499_s11_llr_idx000575.bin",
  "ldpc_cfg_file": "f0499_s11_ldpc.json"
}