{
  "frame": 997,
  "slot": 11,
  "fg_idx": 1571,
  "fg_mtime": 1764948398.4613607,
  "tx_idx": 1994,
  "tx_mtime": 1764948398.4603608,
  "llr_idx": 1571,
  "llr_mtime": 1764948398.4623606,
  "rnti": 4660,
  "fullgrid_file": "f0997_s11_fullgrid_idx001571.bin",
  "txbits_file": "f0997_s11_txbits_idx001994_rnti04660.bin",
  "llr_file": "f0997_s11_llr_idx001571.bin",
  "ldpc_cfg_file": "f0997_s11_ldpc.json"
}