{
  "frame": 847,
  "slot": 11,
  "fg_idx": 1271,
  "fg_mtime": 1764948397.7533877,
  "tx_idx": 1694,
  "tx_mtime": 1764948397.7523878,
  "llr_idx": 1271,
  "llr_mtime": 1764948397.7543876,
  "rnti": 4660,
  "fullgrid_file": "f0847_s11_fullgrid_idx001271.bin",
  "txbits_file": "f0847_s11_txbits_idx001694_rnti04660.bin",
  "llr_file": "f0847_s11_llr_idx001271.bin",
  "ldpc_cfg_file": "f0847_s11_ldpc.json"
}