{
  "frame": 828,
  "slot": 11,
  "fg_idx": 1233,
  "fg_mtime": 1764948397.6663911,
  "tx_idx": 1656,
  "tx_mtime": 1764948397.6643913,
  "llr_idx": 1233,
  "llr_mtime": 1764948397.6663911,
  "rnti": 4660,
  "fullgrid_file": "f0828_s11_fullgrid_idx001233.bin",
  "txbits_file": "f0828_s11_txbits_idx001656_rnti04660.bin",
  "llr_file": "f0828_s11_llr_idx001233.bin",
  "ldpc_cfg_file": "f0828_s11_ldpc.json"
}