{
  "frame": 788,
  "slot": 1,
  "fg_idx": 1152,
  "fg_mtime": 1764948397.4753983,
  "tx_idx": 1575,
  "tx_mtime": 1764948397.4733984,
  "llr_idx": 1152,
  "llr_mtime": 1764948397.4753983,
  "rnti": 4660,
  "fullgrid_file": "f0788_s01_fullgrid_idx001152.bin",
  "txbits_file": "f0788_s01_txbits_idx001575_rnti04660.bin",
  "llr_file": "f0788_s01_llr_idx001152.bin",
  "ldpc_cfg_file": "f0788_s01_ldpc.json"
}