{
  "frame": 420,
  "slot": 1,
  "fg_idx": 416,
  "fg_mtime": 1764948395.8184621,
  "tx_idx": 839,
  "tx_mtime": 1764948395.816462,
  "llr_idx": 416,
  "llr_mtime": 1764948395.8184621,
  "rnti": 4660,
  "fullgrid_file": "f0420_s01_fullgrid_idx000416.bin",
  "txbits_file": "f0420_s01_txbits_idx000839_rnti04660.bin",
  "llr_file": "f0420_s01_llr_idx000416.bin",
  "ldpc_cfg_file": "f0420_s01_ldpc.json"
}