{
  "frame": 807,
  "slot": 1,
  "fg_idx": 1190,
  "fg_mtime": 1764948397.5653949,
  "tx_idx": 1613,
  "tx_mtime": 1764948397.563395,
  "llr_idx": 1190,
  "llr_mtime": 1764948397.5653949,
  "rnti": 4660,
  "fullgrid_file": "f0807_s01_fullgrid_idx001190.bin",
  "txbits_file": "f0807_s01_txbits_idx001613_rnti04660.bin",
  "llr_file": "f0807_s01_llr_idx001190.bin",
  "ldpc_cfg_file": "f0807_s01_ldpc.json"
}