{
  "frame": 840,
  "slot": 11,
  "fg_idx": 1257,
  "fg_mtime": 1764948397.721389,
  "tx_idx": 1680,
  "tx_mtime": 1764948397.7203891,
  "llr_idx": 1257,
  "llr_mtime": 1764948397.721389,
  "rnti": 4660,
  "fullgrid_file": "f0840_s11_fullgrid_idx001257.bin",
  "txbits_file": "f0840_s11_txbits_idx001680_rnti04660.bin",
  "llr_file": "f0840_s11_llr_idx001257.bin",
  "ldpc_cfg_file": "f0840_s11_ldpc.json"
}