{
  "frame": 333,
  "slot": 11,
  "fg_idx": 243,
  "fg_mtime": 1764948395.4194775,
  "tx_idx": 666,
  "tx_mtime": 1764948395.4184775,
  "llr_idx": 243,
  "llr_mtime": 1764948395.4204774,
  "rnti": 4660,
  "fullgrid_file": "f0333_s11_fullgrid_idx000243.bin",
  "txbits_file": "f0333_s11_txbits_idx000666_rnti04660.bin",
  "llr_file": "f0333_s11_llr_idx000243.bin",
  "ldpc_cfg_file": "f0333_s11_ldpc.json"
}