{
  "frame": 701,
  "slot": 11,
  "fg_idx": 979,
  "fg_mtime": 1764948397.0834134,
  "tx_idx": 1402,
  "tx_mtime": 1764948397.0824134,
  "llr_idx": 979,
  "llr_mtime": 1764948397.0834134,
  "rnti": 4660,
  "fullgrid_file": "f0701_s11_fullgrid_idx000979.bin",
  "txbits_file": "f0701_s11_txbits_idx001402_rnti04660.bin",
  "llr_file": "f0701_s11_llr_idx000979.bin",
  "ldpc_cfg_file": "f0701_s11_ldpc.json"
}