{
  "frame": 242,
  "slot": 11,
  "fg_idx": 61,
  "fg_mtime": 1764948395.010493,
  "tx_idx": 484,
  "tx_mtime": 1764948395.0084932,
  "llr_idx": 61,
  "llr_mtime": 1764948395.010493,
  "rnti": 4660,
  "fullgrid_file": "f0242_s11_fullgrid_idx000061.bin",
  "txbits_file": "f0242_s11_txbits_idx000484_rnti04660.bin",
  "llr_file": "f0242_s11_llr_idx000061.bin",
  "ldpc_cfg_file": "f0242_s11_ldpc.json"
}