{
  "frame": 942,
  "slot": 11,
  "fg_idx": 1461,
  "fg_mtime": 1764948398.194371,
  "tx_idx": 1884,
  "tx_mtime": 1764948398.192371,
  "llr_idx": 1461,
  "llr_mtime": 1764948398.194371,
  "rnti": 4660,
  "fullgrid_file": "f0942_s11_fullgrid_idx001461.bin",
  "txbits_file": "f0942_s11_txbits_idx001884_rnti04660.bin",
  "llr_file": "f0942_s11_llr_idx001461.bin",
  "ldpc_cfg_file": "f0942_s11_ldpc.json"
}