{
  "frame": 821,
  "slot": 1,
  "fg_idx": 1218,
  "fg_mtime": 1764948397.6323924,
  "tx_idx": 1641,
  "tx_mtime": 1764948397.6303926,
  "llr_idx": 1218,
  "llr_mtime": 1764948397.6323924,
  "rnti": 4660,
  "fullgrid_file": "f0821_s01_fullgrid_idx001218.bin",
  "txbits_file": "f0821_s01_txbits_idx001641_rnti04660.bin",
  "llr_file": "f0821_s01_llr_idx001218.bin",
  "ldpc_cfg_file": "f0821_s01_ldpc.json"
}