{
  "frame": 445,
  "slot": 11,
  "fg_idx": 467,
  "fg_mtime": 1764948395.9324577,
  "tx_idx": 890,
  "tx_mtime": 1764948395.9314578,
  "llr_idx": 467,
  "llr_mtime": 1764948395.9324577,
  "rnti": 4660,
  "fullgrid_file": "f0445_s11_fullgrid_idx000467.bin",
  "txbits_file": "f0445_s11_txbits_idx000890_rnti04660.bin",
  "llr_file": "f0445_s11_llr_idx000467.bin",
  "ldpc_cfg_file": "f0445_s11_ldpc.json"
}