{
  "frame": 635,
  "slot": 11,
  "fg_idx": 847,
  "fg_mtime": 1764948396.7964244,
  "tx_idx": 1270,
  "tx_mtime": 1764948396.7954245,
  "llr_idx": 847,
  "llr_mtime": 1764948396.7964244,
  "rnti": 4660,
  "fullgrid_file": "f0635_s11_fullgrid_idx000847.bin",
  "txbits_file": "f0635_s11_txbits_idx001270_rnti04660.bin",
  "llr_file": "f0635_s11_llr_idx000847.bin",
  "ldpc_cfg_file": "f0635_s11_ldpc.json"
}