{
  "frame": 414,
  "slot": 1,
  "fg_idx": 404,
  "fg_mtime": 1764948395.7904632,
  "tx_idx": 827,
  "tx_mtime": 1764948395.788463,
  "llr_idx": 404,
  "llr_mtime": 1764948395.7904632,
  "rnti": 4660,
  "fullgrid_file": "f0414_s01_fullgrid_idx000404.bin",
  "txbits_file": "f0414_s01_txbits_idx000827_rnti04660.bin",
  "llr_file": "f0414_s01_llr_idx000404.bin",
  "ldpc_cfg_file": "f0414_s01_ldpc.json"
}