{
  "frame": 682,
  "slot": 1,
  "fg_idx": 940,
  "fg_mtime": 1764948396.9964168,
  "tx_idx": 1363,
  "tx_mtime": 1764948396.994417,
  "llr_idx": 940,
  "llr_mtime": 1764948396.9964168,
  "rnti": 4660,
  "fullgrid_file": "f0682_s01_fullgrid_idx000940.bin",
  "txbits_file": "f0682_s01_txbits_idx001363_rnti04660.bin",
  "llr_file": "f0682_s01_llr_idx000940.bin",
  "ldpc_cfg_file": "f0682_s01_ldpc.json"
}