{
  "frame": 280,
  "slot": 1,
  "fg_idx": 136,
  "fg_mtime": 1764948395.1804867,
  "tx_idx": 559,
  "tx_mtime": 1764948395.1794868,
  "llr_idx": 136,
  "llr_mtime": 1764948395.1804867,
  "rnti": 4660,
  "fullgrid_file": "f0280_s01_fullgrid_idx000136.bin",
  "txbits_file": "f0280_s01_txbits_idx000559_rnti04660.bin",
  "llr_file": "f0280_s01_llr_idx000136.bin",
  "ldpc_cfg_file": "f0280_s01_ldpc.json"
}