{
  "frame": 849,
  "slot": 11,
  "fg_idx": 1275,
  "fg_mtime": 1764948397.7633874,
  "tx_idx": 1698,
  "tx_mtime": 1764948397.7623875,
  "llr_idx": 1275,
  "llr_mtime": 1764948397.7643874,
  "rnti": 4660,
  "fullgrid_file": "f0849_s11_fullgrid_idx001275.bin",
  "txbits_file": "f0849_s11_txbits_idx001698_rnti04660.bin",
  "llr_file": "f0849_s11_llr_idx001275.bin",
  "ldpc_cfg_file": "f0849_s11_ldpc.json"
}