{
  "frame": 484,
  "slot": 11,
  "fg_idx": 545,
  "fg_mtime": 1764948396.1104507,
  "tx_idx": 968,
  "tx_mtime": 1764948396.108451,
  "llr_idx": 545,
  "llr_mtime": 1764948396.1104507,
  "rnti": 4660,
  "fullgrid_file": "f0484_s11_fullgrid_idx000545.bin",
  "txbits_file": "f0484_s11_txbits_idx000968_rnti04660.bin",
  "llr_file": "f0484_s11_llr_idx000545.bin",
  "ldpc_cfg_file": "f0484_s11_ldpc.json"
}