{
  "frame": 985,
  "slot": 11,
  "fg_idx": 1547,
  "fg_mtime": 1764948398.404363,
  "tx_idx": 1970,
  "tx_mtime": 1764948398.402363,
  "llr_idx": 1547,
  "llr_mtime": 1764948398.404363,
  "rnti": 4660,
  "fullgrid_file": "f0985_s11_fullgrid_idx001547.bin",
  "txbits_file": "f0985_s11_txbits_idx001970_rnti04660.bin",
  "llr_file": "f0985_s11_llr_idx001547.bin",
  "ldpc_cfg_file": "f0985_s11_ldpc.json"
}