{
  "frame": 530,
  "slot": 1,
  "fg_idx": 636,
  "fg_mtime": 1764948396.3294425,
  "tx_idx": 1059,
  "tx_mtime": 1764948396.3264425,
  "llr_idx": 636,
  "llr_mtime": 1764948396.3294425,
  "rnti": 4660,
  "fullgrid_file": "f0530_s01_fullgrid_idx000636.bin",
  "txbits_file": "f0530_s01_txbits_idx001059_rnti04660.bin",
  "llr_file": "f0530_s01_llr_idx000636.bin",
  "ldpc_cfg_file": "f0530_s01_ldpc.json"
}