{
  "frame": 641,
  "slot": 11,
  "fg_idx": 859,
  "fg_mtime": 1764948396.8214235,
  "tx_idx": 1282,
  "tx_mtime": 1764948396.8194237,
  "llr_idx": 859,
  "llr_mtime": 1764948396.8214235,
  "rnti": 4660,
  "fullgrid_file": "f0641_s11_fullgrid_idx000859.bin",
  "txbits_file": "f0641_s11_txbits_idx001282_rnti04660.bin",
  "llr_file": "f0641_s11_llr_idx000859.bin",
  "ldpc_cfg_file": "f0641_s11_ldpc.json"
}