{
  "frame": 849,
  "slot": 1,
  "fg_idx": 1274,
  "fg_mtime": 1764948397.7613873,
  "tx_idx": 1697,
  "tx_mtime": 1764948397.7593875,
  "llr_idx": 1274,
  "llr_mtime": 1764948397.7613873,
  "rnti": 4660,
  "fullgrid_file": "f0849_s01_fullgrid_idx001274.bin",
  "txbits_file": "f0849_s01_txbits_idx001697_rnti04660.bin",
  "llr_file": "f0849_s01_llr_idx001274.bin",
  "ldpc_cfg_file": "f0849_s01_ldpc.json"
}