{
  "frame": 581,
  "slot": 1,
  "fg_idx": 738,
  "fg_mtime": 1764948396.5654333,
  "tx_idx": 1161,
  "tx_mtime": 1764948396.5644333,
  "llr_idx": 738,
  "llr_mtime": 1764948396.5654333,
  "rnti": 4660,
  "fullgrid_file": "f0581_s01_fullgrid_idx000738.bin",
  "txbits_file": "f0581_s01_txbits_idx001161_rnti04660.bin",
  "llr_file": "f0581_s01_llr_idx000738.bin",
  "ldpc_cfg_file": "f0581_s01_ldpc.json"
}