{
  "frame": 272,
  "slot": 1,
  "fg_idx": 120,
  "fg_mtime": 1764948395.144488,
  "tx_idx": 543,
  "tx_mtime": 1764948395.142488,
  "llr_idx": 120,
  "llr_mtime": 1764948395.144488,
  "rnti": 4660,
  "fullgrid_file": "f0272_s01_fullgrid_idx000120.bin",
  "txbits_file": "f0272_s01_txbits_idx000543_rnti04660.bin",
  "llr_file": "f0272_s01_llr_idx000120.bin",
  "ldpc_cfg_file": "f0272_s01_ldpc.json"
}