{
  "frame": 818,
  "slot": 1,
  "fg_idx": 1212,
  "fg_mtime": 1764948397.616393,
  "tx_idx": 1635,
  "tx_mtime": 1764948397.6153932,
  "llr_idx": 1212,
  "llr_mtime": 1764948397.617393,
  "rnti": 4660,
  "fullgrid_file": "f0818_s01_fullgrid_idx001212.bin",
  "txbits_file": "f0818_s01_txbits_idx001635_rnti04660.bin",
  "llr_file": "f0818_s01_llr_idx001212.bin",
  "ldpc_cfg_file": "f0818_s01_ldpc.json"
}