{
  "frame": 809,
  "slot": 11,
  "fg_idx": 1195,
  "fg_mtime": 1764948397.5773945,
  "tx_idx": 1618,
  "tx_mtime": 1764948397.5753946,
  "llr_idx": 1195,
  "llr_mtime": 1764948397.5773945,
  "rnti": 4660,
  "fullgrid_file": "f0809_s11_fullgrid_idx001195.bin",
  "txbits_file": "f0809_s11_txbits_idx001618_rnti04660.bin",
  "llr_file": "f0809_s11_llr_idx001195.bin",
  "ldpc_cfg_file": "f0809_s11_ldpc.json"
}