{
  "frame": 379,
  "slot": 1,
  "fg_idx": 334,
  "fg_mtime": 1764948395.6284695,
  "tx_idx": 757,
  "tx_mtime": 1764948395.6264694,
  "llr_idx": 334,
  "llr_mtime": 1764948395.6284695,
  "rnti": 4660,
  "fullgrid_file": "f0379_s01_fullgrid_idx000334.bin",
  "txbits_file": "f0379_s01_txbits_idx000757_rnti04660.bin",
  "llr_file": "f0379_s01_llr_idx000334.bin",
  "ldpc_cfg_file": "f0379_s01_ldpc.json"
}