{
  "frame": 464,
  "slot": 11,
  "fg_idx": 505,
  "fg_mtime": 1764948396.0194542,
  "tx_idx": 928,
  "tx_mtime": 1764948396.0174544,
  "llr_idx": 505,
  "llr_mtime": 1764948396.0194542,
  "rnti": 4660,
  "fullgrid_file": "f0464_s11_fullgrid_idx000505.bin",
  "txbits_file": "f0464_s11_txbits_idx000928_rnti04660.bin",
  "llr_file": "f0464_s11_llr_idx000505.bin",
  "ldpc_cfg_file": "f0464_s11_ldpc.json"
}