{
  "frame": 358,
  "slot": 1,
  "fg_idx": 292,
  "fg_mtime": 1764948395.533473,
  "tx_idx": 715,
  "tx_mtime": 1764948395.5314732,
  "llr_idx": 292,
  "llr_mtime": 1764948395.533473,
  "rnti": 4660,
  "fullgrid_file": "f0358_s01_fullgrid_idx000292.bin",
  "txbits_file": "f0358_s01_txbits_idx000715_rnti04660.bin",
  "llr_file": "f0358_s01_llr_idx000292.bin",
  "ldpc_cfg_file": "f0358_s01_ldpc.json"
}