{
  "frame": 855,
  "slot": 1,
  "fg_idx": 1286,
  "fg_mtime": 1764948397.7873864,
  "tx_idx": 1709,
  "tx_mtime": 1764948397.7863865,
  "llr_idx": 1286,
  "llr_mtime": 1764948397.7883863,
  "rnti": 4660,
  "fullgrid_file": "f0855_s01_fullgrid_idx001286.bin",
  "txbits_file": "f0855_s01_txbits_idx001709_rnti04660.bin",
  "llr_file": "f0855_s01_llr_idx001286.bin",
  "ldpc_cfg_file": "f0855_s01_ldpc.json"
}