{
  "frame": 888,
  "slot": 1,
  "fg_idx": 1352,
  "fg_mtime": 1764948397.9393806,
  "tx_idx": 1775,
  "tx_mtime": 1764948397.9373808,
  "llr_idx": 1352,
  "llr_mtime": 1764948397.9393806,
  "rnti": 4660,
  "fullgrid_file": "f0888_s01_fullgrid_idx001352.bin",
  "txbits_file": "f0888_s01_txbits_idx001775_rnti04660.bin",
  "llr_file": "f0888_s01_llr_idx001352.bin",
  "ldpc_cfg_file": "f0888_s01_ldpc.json"
}