{
  "frame": 365,
  "slot": 11,
  "fg_idx": 307,
  "fg_mtime": 1764948395.5674717,
  "tx_idx": 730,
  "tx_mtime": 1764948395.565472,
  "llr_idx": 307,
  "llr_mtime": 1764948395.5674717,
  "rnti": 4660,
  "fullgrid_file": "f0365_s11_fullgrid_idx000307.bin",
  "txbits_file": "f0365_s11_txbits_idx000730_rnti04660.bin",
  "llr_file": "f0365_s11_llr_idx000307.bin",
  "ldpc_cfg_file": "f0365_s11_ldpc.json"
}