{
  "frame": 500,
  "slot": 1,
  "fg_idx": 576,
  "fg_mtime": 1764948396.181448,
  "tx_idx": 999,
  "tx_mtime": 1764948396.1794481,
  "llr_idx": 576,
  "llr_mtime": 1764948396.1824481,
  "rnti": 4660,
  "fullgrid_file": "f0500_s01_fullgrid_idx000576.bin",
  "txbits_file": "f0500_s01_txbits_idx000999_rnti04660.bin",
  "llr_file": "f0500_s01_llr_idx000576.bin",
  "ldpc_cfg_file": "f0500_s01_ldpc.json"
}