{
  "frame": 605,
  "slot": 1,
  "fg_idx": 786,
  "fg_mtime": 1764948396.6654296,
  "tx_idx": 1209,
  "tx_mtime": 1764948396.6644294,
  "llr_idx": 786,
  "llr_mtime": 1764948396.6664295,
  "rnti": 4660,
  "fullgrid_file": "f0605_s01_fullgrid_idx000786.bin",
  "txbits_file": "f0605_s01_txbits_idx001209_rnti04660.bin",
  "llr_file": "f0605_s01_llr_idx000786.bin",
  "ldpc_cfg_file": "f0605_s01_ldpc.json"
}