{
  "frame": 377,
  "slot": 11,
  "fg_idx": 331,
  "fg_mtime": 1764948395.6224697,
  "tx_idx": 754,
  "tx_mtime": 1764948395.6204696,
  "llr_idx": 331,
  "llr_mtime": 1764948395.6224697,
  "rnti": 4660,
  "fullgrid_file": "f0377_s11_fullgrid_idx000331.bin",
  "txbits_file": "f0377_s11_txbits_idx000754_rnti04660.bin",
  "llr_file": "f0377_s11_llr_idx000331.bin",
  "ldpc_cfg_file": "f0377_s11_ldpc.json"
}