{
  "frame": 802,
  "slot": 11,
  "fg_idx": 1181,
  "fg_mtime": 1764948397.5423958,
  "tx_idx": 1604,
  "tx_mtime": 1764948397.541396,
  "llr_idx": 1181,
  "llr_mtime": 1764948397.5433958,
  "rnti": 4660,
  "fullgrid_file": "f0802_s11_fullgrid_idx001181.bin",
  "txbits_file": "f0802_s11_txbits_idx001604_rnti04660.bin",
  "llr_file": "f0802_s11_llr_idx001181.bin",
  "ldpc_cfg_file": "f0802_s11_ldpc.json"
}