{
  "frame": 866,
  "slot": 11,
  "fg_idx": 1309,
  "fg_mtime": 1764948397.8393846,
  "tx_idx": 1732,
  "tx_mtime": 1764948397.8383846,
  "llr_idx": 1309,
  "llr_mtime": 1764948397.8403845,
  "rnti": 4660,
  "fullgrid_file": "f0866_s11_fullgrid_idx001309.bin",
  "txbits_file": "f0866_s11_txbits_idx001732_rnti04660.bin",
  "llr_file": "f0866_s11_llr_idx001309.bin",
  "ldpc_cfg_file": "f0866_s11_ldpc.json"
}