{
  "frame": 684,
  "slot": 1,
  "fg_idx": 944,
  "fg_mtime": 1764948397.0054164,
  "tx_idx": 1367,
  "tx_mtime": 1764948397.0044165,
  "llr_idx": 944,
  "llr_mtime": 1764948397.0064163,
  "rnti": 4660,
  "fullgrid_file": "f0684_s01_fullgrid_idx000944.bin",
  "txbits_file": "f0684_s01_txbits_idx001367_rnti04660.bin",
  "llr_file": "f0684_s01_llr_idx000944.bin",
  "ldpc_cfg_file": "f0684_s01_ldpc.json"
}