{
  "frame": 294,
  "slot": 1,
  "fg_idx": 164,
  "fg_mtime": 1764948395.2434843,
  "tx_idx": 587,
  "tx_mtime": 1764948395.2414842,
  "llr_idx": 164,
  "llr_mtime": 1764948395.2434843,
  "rnti": 4660,
  "fullgrid_file": "f0294_s01_fullgrid_idx000164.bin",
  "txbits_file": "f0294_s01_txbits_idx000587_rnti04660.bin",
  "llr_file": "f0294_s01_llr_idx000164.bin",
  "ldpc_cfg_file": "f0294_s01_ldpc.json"
}