{
  "frame": 607,
  "slot": 1,
  "fg_idx": 790,
  "fg_mtime": 1764948396.6744292,
  "tx_idx": 1213,
  "tx_mtime": 1764948396.6724293,
  "llr_idx": 790,
  "llr_mtime": 1764948396.6744292,
  "rnti": 4660,
  "fullgrid_file": "f0607_s01_fullgrid_idx000790.bin",
  "txbits_file": "f0607_s01_txbits_idx001213_rnti04660.bin",
  "llr_file": "f0607_s01_llr_idx000790.bin",
  "ldpc_cfg_file": "f0607_s01_ldpc.json"
}