{
  "frame": 377,
  "slot": 1,
  "fg_idx": 330,
  "fg_mtime": 1764948395.6194696,
  "tx_idx": 753,
  "tx_mtime": 1764948395.6184697,
  "llr_idx": 330,
  "llr_mtime": 1764948395.6204696,
  "rnti": 4660,
  "fullgrid_file": "f0377_s01_fullgrid_idx000330.bin",
  "txbits_file": "f0377_s01_txbits_idx000753_rnti04660.bin",
  "llr_file": "f0377_s01_llr_idx000330.bin",
  "ldpc_cfg_file": "f0377_s01_ldpc.json"
}