{
  "frame": 696,
  "slot": 1,
  "fg_idx": 968,
  "fg_mtime": 1764948397.0574145,
  "tx_idx": 1391,
  "tx_mtime": 1764948397.0564144,
  "llr_idx": 968,
  "llr_mtime": 1764948397.0574145,
  "rnti": 4660,
  "fullgrid_file": "f0696_s01_fullgrid_idx000968.bin",
  "txbits_file": "f0696_s01_txbits_idx001391_rnti04660.bin",
  "llr_file": "f0696_s01_llr_idx000968.bin",
  "ldpc_cfg_file": "f0696_s01_ldpc.json"
}