{
  "frame": 444,
  "slot": 1,
  "fg_idx": 464,
  "fg_mtime": 1764948395.924458,
  "tx_idx": 887,
  "tx_mtime": 1764948395.923458,
  "llr_idx": 464,
  "llr_mtime": 1764948395.925458,
  "rnti": 4660,
  "fullgrid_file": "f0444_s01_fullgrid_idx000464.bin",
  "txbits_file": "f0444_s01_txbits_idx000887_rnti04660.bin",
  "llr_file": "f0444_s01_llr_idx000464.bin",
  "ldpc_cfg_file": "f0444_s01_ldpc.json"
}