{
  "frame": 660,
  "slot": 11,
  "fg_idx": 897,
  "fg_mtime": 1764948396.9024203,
  "tx_idx": 1320,
  "tx_mtime": 1764948396.9004204,
  "llr_idx": 897,
  "llr_mtime": 1764948396.9024203,
  "rnti": 4660,
  "fullgrid_file": "f0660_s11_fullgrid_idx000897.bin",
  "txbits_file": "f0660_s11_txbits_idx001320_rnti04660.bin",
  "llr_file": "f0660_s11_llr_idx000897.bin",
  "ldpc_cfg_file": "f0660_s11_ldpc.json"
}