{
  "frame": 767,
  "slot": 11,
  "fg_idx": 1111,
  "fg_mtime": 1764948397.380402,
  "tx_idx": 1534,
  "tx_mtime": 1764948397.3784022,
  "llr_idx": 1111,
  "llr_mtime": 1764948397.380402,
  "rnti": 4660,
  "fullgrid_file": "f0767_s11_fullgrid_idx001111.bin",
  "txbits_file": "f0767_s11_txbits_idx001534_rnti04660.bin",
  "llr_file": "f0767_s11_llr_idx001111.bin",
  "ldpc_cfg_file": "f0767_s11_ldpc.json"
}