{
  "frame": 661,
  "slot": 11,
  "fg_idx": 899,
  "fg_mtime": 1764948396.9064202,
  "tx_idx": 1322,
  "tx_mtime": 1764948396.9054203,
  "llr_idx": 899,
  "llr_mtime": 1764948396.9064202,
  "rnti": 4660,
  "fullgrid_file": "f0661_s11_fullgrid_idx000899.bin",
  "txbits_file": "f0661_s11_txbits_idx001322_rnti04660.bin",
  "llr_file": "f0661_s11_llr_idx000899.bin",
  "ldpc_cfg_file": "f0661_s11_ldpc.json"
}