{
  "frame": 623,
  "slot": 11,
  "fg_idx": 823,
  "fg_mtime": 1764948396.7464263,
  "tx_idx": 1246,
  "tx_mtime": 1764948396.7444265,
  "llr_idx": 823,
  "llr_mtime": 1764948396.7464263,
  "rnti": 4660,
  "fullgrid_file": "f0623_s11_fullgrid_idx000823.bin",
  "txbits_file": "f0623_s11_txbits_idx001246_rnti04660.bin",
  "llr_file": "f0623_s11_llr_idx000823.bin",
  "ldpc_cfg_file": "f0623_s11_ldpc.json"
}