{
  "frame": 416,
  "slot": 1,
  "fg_idx": 408,
  "fg_mtime": 1764948395.7984629,
  "tx_idx": 831,
  "tx_mtime": 1764948395.797463,
  "llr_idx": 408,
  "llr_mtime": 1764948395.7994628,
  "rnti": 4660,
  "fullgrid_file": "f0416_s01_fullgrid_idx000408.bin",
  "txbits_file": "f0416_s01_txbits_idx000831_rnti04660.bin",
  "llr_file": "f0416_s01_llr_idx000408.bin",
  "ldpc_cfg_file": "f0416_s01_ldpc.json"
}