{
  "frame": 589,
  "slot": 1,
  "fg_idx": 754,
  "fg_mtime": 1764948396.598432,
  "tx_idx": 1177,
  "tx_mtime": 1764948396.5964322,
  "llr_idx": 754,
  "llr_mtime": 1764948396.598432,
  "rnti": 4660,
  "fullgrid_file": "f0589_s01_fullgrid_idx000754.bin",
  "txbits_file": "f0589_s01_txbits_idx001177_rnti04660.bin",
  "llr_file": "f0589_s01_llr_idx000754.bin",
  "ldpc_cfg_file": "f0589_s01_ldpc.json"
}