{
  "frame": 758,
  "slot": 1,
  "fg_idx": 1092,
  "fg_mtime": 1764948397.3364038,
  "tx_idx": 1515,
  "tx_mtime": 1764948397.3344038,
  "llr_idx": 1092,
  "llr_mtime": 1764948397.3364038,
  "rnti": 4660,
  "fullgrid_file": "f0758_s01_fullgrid_idx001092.bin",
  "txbits_file": "f0758_s01_txbits_idx001515_rnti04660.bin",
  "llr_file": "f0758_s01_llr_idx001092.bin",
  "ldpc_cfg_file": "f0758_s01_ldpc.json"
}