{
  "frame": 341,
  "slot": 1,
  "fg_idx": 258,
  "fg_mtime": 1764948395.455476,
  "tx_idx": 681,
  "tx_mtime": 1764948395.4534762,
  "llr_idx": 258,
  "llr_mtime": 1764948395.455476,
  "rnti": 4660,
  "fullgrid_file": "f0341_s01_fullgrid_idx000258.bin",
  "txbits_file": "f0341_s01_txbits_idx000681_rnti04660.bin",
  "llr_file": "f0341_s01_llr_idx000258.bin",
  "ldpc_cfg_file": "f0341_s01_ldpc.json"
}