{
  "frame": 954,
  "slot": 1,
  "fg_idx": 1484,
  "fg_mtime": 1764948398.249369,
  "tx_idx": 1907,
  "tx_mtime": 1764948398.2483687,
  "llr_idx": 1484,
  "llr_mtime": 1764948398.2503688,
  "rnti": 4660,
  "fullgrid_file": "f0954_s01_fullgrid_idx001484.bin",
  "txbits_file": "f0954_s01_txbits_idx001907_rnti04660.bin",
  "llr_file": "f0954_s01_llr_idx001484.bin",
  "ldpc_cfg_file": "f0954_s01_ldpc.json"
}