{
  "frame": 721,
  "slot": 1,
  "fg_idx": 1018,
  "fg_mtime": 1764948397.1694102,
  "tx_idx": 1441,
  "tx_mtime": 1764948397.1674101,
  "llr_idx": 1018,
  "llr_mtime": 1764948397.1694102,
  "rnti": 4660,
  "fullgrid_file": "f0721_s01_fullgrid_idx001018.bin",
  "txbits_file": "f0721_s01_txbits_idx001441_rnti04660.bin",
  "llr_file": "f0721_s01_llr_idx001018.bin",
  "ldpc_cfg_file": "f0721_s01_ldpc.json"
}