{
  "frame": 342,
  "slot": 11,
  "fg_idx": 261,
  "fg_mtime": 1764948395.4614758,
  "tx_idx": 684,
  "tx_mtime": 1764948395.460476,
  "llr_idx": 261,
  "llr_mtime": 1764948395.4614758,
  "rnti": 4660,
  "fullgrid_file": "f0342_s11_fullgrid_idx000261.bin",
  "txbits_file": "f0342_s11_txbits_idx000684_rnti04660.bin",
  "llr_file": "f0342_s11_llr_idx000261.bin",
  "ldpc_cfg_file": "f0342_s11_ldpc.json"
}