{
  "frame": 595,
  "slot": 1,
  "fg_idx": 766,
  "fg_mtime": 1764948396.622431,
  "tx_idx": 1189,
  "tx_mtime": 1764948396.621431,
  "llr_idx": 766,
  "llr_mtime": 1764948396.6234312,
  "rnti": 4660,
  "fullgrid_file": "f0595_s01_fullgrid_idx000766.bin",
  "txbits_file": "f0595_s01_txbits_idx001189_rnti04660.bin",
  "llr_file": "f0595_s01_llr_idx000766.bin",
  "ldpc_cfg_file": "f0595_s01_ldpc.json"
}