{
  "frame": 990,
  "slot": 11,
  "fg_idx": 1557,
  "fg_mtime": 1764948398.4293618,
  "tx_idx": 1980,
  "tx_mtime": 1764948398.428362,
  "llr_idx": 1557,
  "llr_mtime": 1764948398.4293618,
  "rnti": 4660,
  "fullgrid_file": "f0990_s11_fullgrid_idx001557.bin",
  "txbits_file": "f0990_s11_txbits_idx001980_rnti04660.bin",
  "llr_file": "f0990_s11_llr_idx001557.bin",
  "ldpc_cfg_file": "f0990_s11_ldpc.json"
}