{
  "frame": 956,
  "slot": 1,
  "fg_idx": 1488,
  "fg_mtime": 1764948398.2583685,
  "tx_idx": 1911,
  "tx_mtime": 1764948398.2563686,
  "llr_idx": 1488,
  "llr_mtime": 1764948398.2583685,
  "rnti": 4660,
  "fullgrid_file": "f0956_s01_fullgrid_idx001488.bin",
  "txbits_file": "f0956_s01_txbits_idx001911_rnti04660.bin",
  "llr_file": "f0956_s01_llr_idx001488.bin",
  "ldpc_cfg_file": "f0956_s01_ldpc.json"
}