{
  "frame": 833,
  "slot": 11,
  "fg_idx": 1243,
  "fg_mtime": 1764948397.6893902,
  "tx_idx": 1666,
  "tx_mtime": 1764948397.6873903,
  "llr_idx": 1243,
  "llr_mtime": 1764948397.6893902,
  "rnti": 4660,
  "fullgrid_file": "f0833_s11_fullgrid_idx001243.bin",
  "txbits_file": "f0833_s11_txbits_idx001666_rnti04660.bin",
  "llr_file": "f0833_s11_llr_idx001243.bin",
  "ldpc_cfg_file": "f0833_s11_ldpc.json"
}