{
  "frame": 226,
  "slot": 1,
  "fg_idx": 28,
  "fg_mtime": 1764948394.9424958,
  "tx_idx": 451,
  "tx_mtime": 1764948394.940496,
  "llr_idx": 28,
  "llr_mtime": 1764948394.9424958,
  "rnti": 4660,
  "fullgrid_file": "f0226_s01_fullgrid_idx000028.bin",
  "txbits_file": "f0226_s01_txbits_idx000451_rnti04660.bin",
  "llr_file": "f0226_s01_llr_idx000028.bin",
  "ldpc_cfg_file": "f0226_s01_ldpc.json"
}