{
  "frame": 401,
  "slot": 1,
  "fg_idx": 378,
  "fg_mtime": 1764948395.7294655,
  "tx_idx": 801,
  "tx_mtime": 1764948395.7274656,
  "llr_idx": 378,
  "llr_mtime": 1764948395.7294655,
  "rnti": 4660,
  "fullgrid_file": "f0401_s01_fullgrid_idx000378.bin",
  "txbits_file": "f0401_s01_txbits_idx000801_rnti04660.bin",
  "llr_file": "f0401_s01_llr_idx000378.bin",
  "ldpc_cfg_file": "f0401_s01_ldpc.json"
}