{
  "frame": 358,
  "slot": 11,
  "fg_idx": 293,
  "fg_mtime": 1764948395.5354729,
  "tx_idx": 716,
  "tx_mtime": 1764948395.534473,
  "llr_idx": 293,
  "llr_mtime": 1764948395.5364728,
  "rnti": 4660,
  "fullgrid_file": "f0358_s11_fullgrid_idx000293.bin",
  "txbits_file": "f0358_s11_txbits_idx000716_rnti04660.bin",
  "llr_file": "f0358_s11_llr_idx000293.bin",
  "ldpc_cfg_file": "f0358_s11_ldpc.json"
}