{
  "frame": 378,
  "slot": 11,
  "fg_idx": 333,
  "fg_mtime": 1764948395.6264694,
  "tx_idx": 756,
  "tx_mtime": 1764948395.6254694,
  "llr_idx": 333,
  "llr_mtime": 1764948395.6264694,
  "rnti": 4660,
  "fullgrid_file": "f0378_s11_fullgrid_idx000333.bin",
  "txbits_file": "f0378_s11_txbits_idx000756_rnti04660.bin",
  "llr_file": "f0378_s11_llr_idx000333.bin",
  "ldpc_cfg_file": "f0378_s11_ldpc.json"
}