{
  "frame": 580,
  "slot": 11,
  "fg_idx": 737,
  "fg_mtime": 1764948396.5634334,
  "tx_idx": 1160,
  "tx_mtime": 1764948396.5624335,
  "llr_idx": 737,
  "llr_mtime": 1764948396.5634334,
  "rnti": 4660,
  "fullgrid_file": "f0580_s11_fullgrid_idx000737.bin",
  "txbits_file": "f0580_s11_txbits_idx001160_rnti04660.bin",
  "llr_file": "f0580_s11_llr_idx000737.bin",
  "ldpc_cfg_file": "f0580_s11_ldpc.json"
}