{
  "frame": 630,
  "slot": 11,
  "fg_idx": 837,
  "fg_mtime": 1764948396.7754252,
  "tx_idx": 1260,
  "tx_mtime": 1764948396.7744253,
  "llr_idx": 837,
  "llr_mtime": 1764948396.7764251,
  "rnti": 4660,
  "fullgrid_file": "f0630_s11_fullgrid_idx000837.bin",
  "txbits_file": "f0630_s11_txbits_idx001260_rnti04660.bin",
  "llr_file": "f0630_s11_llr_idx000837.bin",
  "ldpc_cfg_file": "f0630_s11_ldpc.json"
}