{
  "frame": 720,
  "slot": 11,
  "fg_idx": 1017,
  "fg_mtime": 1764948397.1674101,
  "tx_idx": 1440,
  "tx_mtime": 1764948397.1654103,
  "llr_idx": 1017,
  "llr_mtime": 1764948397.1674101,
  "rnti": 4660,
  "fullgrid_file": "f0720_s11_fullgrid_idx001017.bin",
  "txbits_file": "f0720_s11_txbits_idx001440_rnti04660.bin",
  "llr_file": "f0720_s11_llr_idx001017.bin",
  "ldpc_cfg_file": "f0720_s11_ldpc.json"
}