{
  "frame": 311,
  "slot": 1,
  "fg_idx": 198,
  "fg_mtime": 1764948395.3174813,
  "tx_idx": 621,
  "tx_mtime": 1764948395.3154814,
  "llr_idx": 198,
  "llr_mtime": 1764948395.3174813,
  "rnti": 4660,
  "fullgrid_file": "f0311_s01_fullgrid_idx000198.bin",
  "txbits_file": "f0311_s01_txbits_idx000621_rnti04660.bin",
  "llr_file": "f0311_s01_llr_idx000198.bin",
  "ldpc_cfg_file": "f0311_s01_ldpc.json"
}