{
  "frame": 986,
  "slot": 1,
  "fg_idx": 1548,
  "fg_mtime": 1764948398.4073627,
  "tx_idx": 1971,
  "tx_mtime": 1764948398.4053628,
  "llr_idx": 1548,
  "llr_mtime": 1764948398.4073627,
  "rnti": 4660,
  "fullgrid_file": "f0986_s01_fullgrid_idx001548.bin",
  "txbits_file": "f0986_s01_txbits_idx001971_rnti04660.bin",
  "llr_file": "f0986_s01_llr_idx001548.bin",
  "ldpc_cfg_file": "f0986_s01_ldpc.json"
}