{
  "frame": 561,
  "slot": 1,
  "fg_idx": 698,
  "fg_mtime": 1764948396.4794366,
  "tx_idx": 1121,
  "tx_mtime": 1764948396.4774368,
  "llr_idx": 698,
  "llr_mtime": 1764948396.4794366,
  "rnti": 4660,
  "fullgrid_file": "f0561_s01_fullgrid_idx000698.bin",
  "txbits_file": "f0561_s01_txbits_idx001121_rnti04660.bin",
  "llr_file": "f0561_s01_llr_idx000698.bin",
  "ldpc_cfg_file": "f0561_s01_ldpc.json"
}