{
  "frame": 224,
  "slot": 11,
  "fg_idx": 25,
  "fg_mtime": 1764948394.936496,
  "tx_idx": 448,
  "tx_mtime": 1764948394.935496,
  "llr_idx": 25,
  "llr_mtime": 1764948394.936496,
  "rnti": 4660,
  "fullgrid_file": "f0224_s11_fullgrid_idx000025.bin",
  "txbits_file": "f0224_s11_txbits_idx000448_rnti04660.bin",
  "llr_file": "f0224_s11_llr_idx000025.bin",
  "ldpc_cfg_file": "f0224_s11_ldpc.json"
}