{
  "frame": 348,
  "slot": 1,
  "fg_idx": 272,
  "fg_mtime": 1764948395.4874747,
  "tx_idx": 695,
  "tx_mtime": 1764948395.4854748,
  "llr_idx": 272,
  "llr_mtime": 1764948395.4874747,
  "rnti": 4660,
  "fullgrid_file": "f0348_s01_fullgrid_idx000272.bin",
  "txbits_file": "f0348_s01_txbits_idx000695_rnti04660.bin",
  "llr_file": "f0348_s01_llr_idx000272.bin",
  "ldpc_cfg_file": "f0348_s01_ldpc.json"
}