{
  "frame": 601,
  "slot": 1,
  "fg_idx": 778,
  "fg_mtime": 1764948396.6474302,
  "tx_idx": 1201,
  "tx_mtime": 1764948396.6454303,
  "llr_idx": 778,
  "llr_mtime": 1764948396.6474302,
  "rnti": 4660,
  "fullgrid_file": "f0601_s01_fullgrid_idx000778.bin",
  "txbits_file": "f0601_s01_txbits_idx001201_rnti04660.bin",
  "llr_file": "f0601_s01_llr_idx000778.bin",
  "ldpc_cfg_file": "f0601_s01_ldpc.json"
}