{
  "frame": 834,
  "slot": 1,
  "fg_idx": 1244,
  "fg_mtime": 1764948397.69139,
  "tx_idx": 1667,
  "tx_mtime": 1764948397.69039,
  "llr_idx": 1244,
  "llr_mtime": 1764948397.6923902,
  "rnti": 4660,
  "fullgrid_file": "f0834_s01_fullgrid_idx001244.bin",
  "txbits_file": "f0834_s01_txbits_idx001667_rnti04660.bin",
  "llr_file": "f0834_s01_llr_idx001244.bin",
  "ldpc_cfg_file": "f0834_s01_ldpc.json"
}