{
  "frame": 722,
  "slot": 11,
  "fg_idx": 1021,
  "fg_mtime": 1764948397.17541,
  "tx_idx": 1444,
  "tx_mtime": 1764948397.17341,
  "llr_idx": 1021,
  "llr_mtime": 1764948397.17541,
  "rnti": 4660,
  "fullgrid_file": "f0722_s11_fullgrid_idx001021.bin",
  "txbits_file": "f0722_s11_txbits_idx001444_rnti04660.bin",
  "llr_file": "f0722_s11_llr_idx001021.bin",
  "ldpc_cfg_file": "f0722_s11_ldpc.json"
}