{
  "frame": 624,
  "slot": 11,
  "fg_idx": 825,
  "fg_mtime": 1764948396.7504263,
  "tx_idx": 1248,
  "tx_mtime": 1764948396.7494264,
  "llr_idx": 825,
  "llr_mtime": 1764948396.7514262,
  "rnti": 4660,
  "fullgrid_file": "f0624_s11_fullgrid_idx000825.bin",
  "txbits_file": "f0624_s11_txbits_idx001248_rnti04660.bin",
  "llr_file": "f0624_s11_llr_idx000825.bin",
  "ldpc_cfg_file": "f0624_s11_ldpc.json"
}