{
  "frame": 976,
  "slot": 1,
  "fg_idx": 1528,
  "fg_mtime": 1764948398.3573647,
  "tx_idx": 1951,
  "tx_mtime": 1764948398.3553648,
  "llr_idx": 1528,
  "llr_mtime": 1764948398.3573647,
  "rnti": 4660,
  "fullgrid_file": "f0976_s01_fullgrid_idx001528.bin",
  "txbits_file": "f0976_s01_txbits_idx001951_rnti04660.bin",
  "llr_file": "f0976_s01_llr_idx001528.bin",
  "ldpc_cfg_file": "f0976_s01_ldpc.json"
}