{
  "frame": 521,
  "slot": 1,
  "fg_idx": 618,
  "fg_mtime": 1764948396.2794442,
  "tx_idx": 1041,
  "tx_mtime": 1764948396.2774444,
  "llr_idx": 618,
  "llr_mtime": 1764948396.2794442,
  "rnti": 4660,
  "fullgrid_file": "f0521_s01_fullgrid_idx000618.bin",
  "txbits_file": "f0521_s01_txbits_idx001041_rnti04660.bin",
  "llr_file": "f0521_s01_llr_idx000618.bin",
  "ldpc_cfg_file": "f0521_s01_ldpc.json"
}