{
  "frame": 566,
  "slot": 1,
  "fg_idx": 708,
  "fg_mtime": 1764948396.5004358,
  "tx_idx": 1131,
  "tx_mtime": 1764948396.499436,
  "llr_idx": 708,
  "llr_mtime": 1764948396.5004358,
  "rnti": 4660,
  "fullgrid_file": "f0566_s01_fullgrid_idx000708.bin",
  "txbits_file": "f0566_s01_txbits_idx001131_rnti04660.bin",
  "llr_file": "f0566_s01_llr_idx000708.bin",
  "ldpc_cfg_file": "f0566_s01_ldpc.json"
}