{
  "frame": 622,
  "slot": 11,
  "fg_idx": 821,
  "fg_mtime": 1764948396.7414265,
  "tx_idx": 1244,
  "tx_mtime": 1764948396.7394266,
  "llr_idx": 821,
  "llr_mtime": 1764948396.7414265,
  "rnti": 4660,
  "fullgrid_file": "f0622_s11_fullgrid_idx000821.bin",
  "txbits_file": "f0622_s11_txbits_idx001244_rnti04660.bin",
  "llr_file": "f0622_s11_llr_idx000821.bin",
  "ldpc_cfg_file": "f0622_s11_ldpc.json"
}