{
  "frame": 901,
  "slot": 11,
  "fg_idx": 1379,
  "fg_mtime": 1764948398.0023782,
  "tx_idx": 1802,
  "tx_mtime": 1764948398.0003784,
  "llr_idx": 1379,
  "llr_mtime": 1764948398.0023782,
  "rnti": 4660,
  "fullgrid_file": "f0901_s11_fullgrid_idx001379.bin",
  "txbits_file": "f0901_s11_txbits_idx001802_rnti04660.bin",
  "llr_file": "f0901_s11_llr_idx001379.bin",
  "ldpc_cfg_file": "f0901_s11_ldpc.json"
}