{
  "frame": 319,
  "slot": 11,
  "fg_idx": 215,
  "fg_mtime": 1764948395.35548,
  "tx_idx": 638,
  "tx_mtime": 1764948395.3534799,
  "llr_idx": 215,
  "llr_mtime": 1764948395.35548,
  "rnti": 4660,
  "fullgrid_file": "f0319_s11_fullgrid_idx000215.bin",
  "txbits_file": "f0319_s11_txbits_idx000638_rnti04660.bin",
  "llr_file": "f0319_s11_llr_idx000215.bin",
  "ldpc_cfg_file": "f0319_s11_ldpc.json"
}