{
  "frame": 726,
  "slot": 11,
  "fg_idx": 1029,
  "fg_mtime": 1764948397.1934092,
  "tx_idx": 1452,
  "tx_mtime": 1764948397.1914093,
  "llr_idx": 1029,
  "llr_mtime": 1764948397.1934092,
  "rnti": 4660,
  "fullgrid_file": "f0726_s11_fullgrid_idx001029.bin",
  "txbits_file": "f0726_s11_txbits_idx001452_rnti04660.bin",
  "llr_file": "f0726_s11_llr_idx001029.bin",
  "ldpc_cfg_file": "f0726_s11_ldpc.json"
}