{
  "frame": 660,
  "slot": 1,
  "fg_idx": 896,
  "fg_mtime": 1764948396.9004204,
  "tx_idx": 1319,
  "tx_mtime": 1764948396.8984206,
  "llr_idx": 896,
  "llr_mtime": 1764948396.9004204,
  "rnti": 4660,
  "fullgrid_file": "f0660_s01_fullgrid_idx000896.bin",
  "txbits_file": "f0660_s01_txbits_idx001319_rnti04660.bin",
  "llr_file": "f0660_s01_llr_idx000896.bin",
  "ldpc_cfg_file": "f0660_s01_ldpc.json"
}