{
  "frame": 846,
  "slot": 11,
  "fg_idx": 1269,
  "fg_mtime": 1764948397.748388,
  "tx_idx": 1692,
  "tx_mtime": 1764948397.747388,
  "llr_idx": 1269,
  "llr_mtime": 1764948397.749388,
  "rnti": 4660,
  "fullgrid_file": "f0846_s11_fullgrid_idx001269.bin",
  "txbits_file": "f0846_s11_txbits_idx001692_rnti04660.bin",
  "llr_file": "f0846_s11_llr_idx001269.bin",
  "ldpc_cfg_file": "f0846_s11_ldpc.json"
}