{
  "frame": 955,
  "slot": 1,
  "fg_idx": 1486,
  "fg_mtime": 1764948398.2543685,
  "tx_idx": 1909,
  "tx_mtime": 1764948398.2523687,
  "llr_idx": 1486,
  "llr_mtime": 1764948398.2543685,
  "rnti": 4660,
  "fullgrid_file": "f0955_s01_fullgrid_idx001486.bin",
  "txbits_file": "f0955_s01_txbits_idx001909_rnti04660.bin",
  "llr_file": "f0955_s01_llr_idx001486.bin",
  "ldpc_cfg_file": "f0955_s01_ldpc.json"
}