{
  "frame": 488,
  "slot": 11,
  "fg_idx": 553,
  "fg_mtime": 1764948396.1274502,
  "tx_idx": 976,
  "tx_mtime": 1764948396.1264503,
  "llr_idx": 553,
  "llr_mtime": 1764948396.1284502,
  "rnti": 4660,
  "fullgrid_file": "f0488_s11_fullgrid_idx000553.bin",
  "txbits_file": "f0488_s11_txbits_idx000976_rnti04660.bin",
  "llr_file": "f0488_s11_llr_idx000553.bin",
  "ldpc_cfg_file": "f0488_s11_ldpc.json"
}