{
  "frame": 446,
  "slot": 1,
  "fg_idx": 468,
  "fg_mtime": 1764948395.9354575,
  "tx_idx": 891,
  "tx_mtime": 1764948395.9334576,
  "llr_idx": 468,
  "llr_mtime": 1764948395.9354575,
  "rnti": 4660,
  "fullgrid_file": "f0446_s01_fullgrid_idx000468.bin",
  "txbits_file": "f0446_s01_txbits_idx000891_rnti04660.bin",
  "llr_file": "f0446_s01_llr_idx000468.bin",
  "ldpc_cfg_file": "f0446_s01_ldpc.json"
}