{
  "frame": 895,
  "slot": 1,
  "fg_idx": 1366,
  "fg_mtime": 1764948397.9713795,
  "tx_idx": 1789,
  "tx_mtime": 1764948397.9703794,
  "llr_idx": 1366,
  "llr_mtime": 1764948397.9723794,
  "rnti": 4660,
  "fullgrid_file": "f0895_s01_fullgrid_idx001366.bin",
  "txbits_file": "f0895_s01_txbits_idx001789_rnti04660.bin",
  "llr_file": "f0895_s01_llr_idx001366.bin",
  "ldpc_cfg_file": "f0895_s01_ldpc.json"
}