{
  "frame": 792,
  "slot": 11,
  "fg_idx": 1161,
  "fg_mtime": 1764948397.4973977,
  "tx_idx": 1584,
  "tx_mtime": 1764948397.4963977,
  "llr_idx": 1161,
  "llr_mtime": 1764948397.4973977,
  "rnti": 4660,
  "fullgrid_file": "f0792_s11_fullgrid_idx001161.bin",
  "txbits_file": "f0792_s11_txbits_idx001584_rnti04660.bin",
  "llr_file": "f0792_s11_llr_idx001161.bin",
  "ldpc_cfg_file": "f0792_s11_ldpc.json"
}