{
  "frame": 910,
  "slot": 1,
  "fg_idx": 1396,
  "fg_mtime": 1764948398.0413768,
  "tx_idx": 1819,
  "tx_mtime": 1764948398.0403767,
  "llr_idx": 1396,
  "llr_mtime": 1764948398.0413768,
  "rnti": 4660,
  "fullgrid_file": "f0910_s01_fullgrid_idx001396.bin",
  "txbits_file": "f0910_s01_txbits_idx001819_rnti04660.bin",
  "llr_file": "f0910_s01_llr_idx001396.bin",
  "ldpc_cfg_file": "f0910_s01_ldpc.json"
}