{
  "frame": 357,
  "slot": 1,
  "fg_idx": 290,
  "fg_mtime": 1764948395.5284731,
  "tx_idx": 713,
  "tx_mtime": 1764948395.5264733,
  "llr_idx": 290,
  "llr_mtime": 1764948395.5284731,
  "rnti": 4660,
  "fullgrid_file": "f0357_s01_fullgrid_idx000290.bin",
  "txbits_file": "f0357_s01_txbits_idx000713_rnti04660.bin",
  "llr_file": "f0357_s01_llr_idx000290.bin",
  "ldpc_cfg_file": "f0357_s01_ldpc.json"
}