{
  "frame": 688,
  "slot": 11,
  "fg_idx": 953,
  "fg_mtime": 1764948397.0254157,
  "tx_idx": 1376,
  "tx_mtime": 1764948397.0244157,
  "llr_idx": 953,
  "llr_mtime": 1764948397.0264156,
  "rnti": 4660,
  "fullgrid_file": "f0688_s11_fullgrid_idx000953.bin",
  "txbits_file": "f0688_s11_txbits_idx001376_rnti04660.bin",
  "llr_file": "f0688_s11_llr_idx000953.bin",
  "ldpc_cfg_file": "f0688_s11_ldpc.json"
}