{
  "frame": 507,
  "slot": 1,
  "fg_idx": 590,
  "fg_mtime": 1764948396.2134469,
  "tx_idx": 1013,
  "tx_mtime": 1764948396.212447,
  "llr_idx": 590,
  "llr_mtime": 1764948396.2144468,
  "rnti": 4660,
  "fullgrid_file": "f0507_s01_fullgrid_idx000590.bin",
  "txbits_file": "f0507_s01_txbits_idx001013_rnti04660.bin",
  "llr_file": "f0507_s01_llr_idx000590.bin",
  "ldpc_cfg_file": "f0507_s01_ldpc.json"
}