{
  "frame": 286,
  "slot": 11,
  "fg_idx": 149,
  "fg_mtime": 1764948395.2094855,
  "tx_idx": 572,
  "tx_mtime": 1764948395.2074857,
  "llr_idx": 149,
  "llr_mtime": 1764948395.2094855,
  "rnti": 4660,
  "fullgrid_file": "f0286_s11_fullgrid_idx000149.bin",
  "txbits_file": "f0286_s11_txbits_idx000572_rnti04660.bin",
  "llr_file": "f0286_s11_llr_idx000149.bin",
  "ldpc_cfg_file": "f0286_s11_ldpc.json"
}