{
  "frame": 741,
  "slot": 1,
  "fg_idx": 1058,
  "fg_mtime": 1764948397.2574067,
  "tx_idx": 1481,
  "tx_mtime": 1764948397.2554069,
  "llr_idx": 1058,
  "llr_mtime": 1764948397.2574067,
  "rnti": 4660,
  "fullgrid_file": "f0741_s01_fullgrid_idx001058.bin",
  "txbits_file": "f0741_s01_txbits_idx001481_rnti04660.bin",
  "llr_file": "f0741_s01_llr_idx001058.bin",
  "ldpc_cfg_file": "f0741_s01_ldpc.json"
}