{
  "frame": 701,
  "slot": 1,
  "fg_idx": 978,
  "fg_mtime": 1764948397.0814135,
  "tx_idx": 1401,
  "tx_mtime": 1764948397.0794137,
  "llr_idx": 978,
  "llr_mtime": 1764948397.0814135,
  "rnti": 4660,
  "fullgrid_file": "f0701_s01_fullgrid_idx000978.bin",
  "txbits_file": "f0701_s01_txbits_idx001401_rnti04660.bin",
  "llr_file": "f0701_s01_llr_idx000978.bin",
  "ldpc_cfg_file": "f0701_s01_ldpc.json"
}