{
  "frame": 558,
  "slot": 1,
  "fg_idx": 692,
  "fg_mtime": 1764948396.467437,
  "tx_idx": 1115,
  "tx_mtime": 1764948396.466437,
  "llr_idx": 692,
  "llr_mtime": 1764948396.467437,
  "rnti": 4660,
  "fullgrid_file": "f0558_s01_fullgrid_idx000692.bin",
  "txbits_file": "f0558_s01_txbits_idx001115_rnti04660.bin",
  "llr_file": "f0558_s01_llr_idx000692.bin",
  "ldpc_cfg_file": "f0558_s01_ldpc.json"
}