{
  "frame": 796,
  "slot": 1,
  "fg_idx": 1168,
  "fg_mtime": 1764948397.513397,
  "tx_idx": 1591,
  "tx_mtime": 1764948397.5113971,
  "llr_idx": 1168,
  "llr_mtime": 1764948397.513397,
  "rnti": 4660,
  "fullgrid_file": "f0796_s01_fullgrid_idx001168.bin",
  "txbits_file": "f0796_s01_txbits_idx001591_rnti04660.bin",
  "llr_file": "f0796_s01_llr_idx001168.bin",
  "ldpc_cfg_file": "f0796_s01_ldpc.json"
}