{
  "frame": 989,
  "slot": 11,
  "fg_idx": 1555,
  "fg_mtime": 1764948398.425362,
  "tx_idx": 1978,
  "tx_mtime": 1764948398.4243622,
  "llr_idx": 1555,
  "llr_mtime": 1764948398.425362,
  "rnti": 4660,
  "fullgrid_file": "f0989_s11_fullgrid_idx001555.bin",
  "txbits_file": "f0989_s11_txbits_idx001978_rnti04660.bin",
  "llr_file": "f0989_s11_llr_idx001555.bin",
  "ldpc_cfg_file": "f0989_s11_ldpc.json"
}