{
  "frame": 757,
  "slot": 1,
  "fg_idx": 1090,
  "fg_mtime": 1764948397.331404,
  "tx_idx": 1513,
  "tx_mtime": 1764948397.330404,
  "llr_idx": 1090,
  "llr_mtime": 1764948397.331404,
  "rnti": 4660,
  "fullgrid_file": "f0757_s01_fullgrid_idx001090.bin",
  "txbits_file": "f0757_s01_txbits_idx001513_rnti04660.bin",
  "llr_file": "f0757_s01_llr_idx001090.bin",
  "ldpc_cfg_file": "f0757_s01_ldpc.json"
}