{
  "frame": 939,
  "slot": 11,
  "fg_idx": 1455,
  "fg_mtime": 1764948398.1793714,
  "tx_idx": 1878,
  "tx_mtime": 1764948398.1773715,
  "llr_idx": 1455,
  "llr_mtime": 1764948398.1793714,
  "rnti": 4660,
  "fullgrid_file": "f0939_s11_fullgrid_idx001455.bin",
  "txbits_file": "f0939_s11_txbits_idx001878_rnti04660.bin",
  "llr_file": "f0939_s11_llr_idx001455.bin",
  "ldpc_cfg_file": "f0939_s11_ldpc.json"
}