{
  "frame": 982,
  "slot": 11,
  "fg_idx": 1541,
  "fg_mtime": 1764948398.3883636,
  "tx_idx": 1964,
  "tx_mtime": 1764948398.3863635,
  "llr_idx": 1541,
  "llr_mtime": 1764948398.3883636,
  "rnti": 4660,
  "fullgrid_file": "f0982_s11_fullgrid_idx001541.bin",
  "txbits_file": "f0982_s11_txbits_idx001964_rnti04660.bin",
  "llr_file": "f0982_s11_llr_idx001541.bin",
  "ldpc_cfg_file": "f0982_s11_ldpc.json"
}