{
  "frame": 584,
  "slot": 1,
  "fg_idx": 744,
  "fg_mtime": 1764948396.5774329,
  "tx_idx": 1167,
  "tx_mtime": 1764948396.575433,
  "llr_idx": 744,
  "llr_mtime": 1764948396.5774329,
  "rnti": 4660,
  "fullgrid_file": "f0584_s01_fullgrid_idx000744.bin",
  "txbits_file": "f0584_s01_txbits_idx001167_rnti04660.bin",
  "llr_file": "f0584_s01_llr_idx000744.bin",
  "ldpc_cfg_file": "f0584_s01_ldpc.json"
}