{
  "frame": 732,
  "slot": 11,
  "fg_idx": 1041,
  "fg_mtime": 1764948397.2204082,
  "tx_idx": 1464,
  "tx_mtime": 1764948397.2194083,
  "llr_idx": 1041,
  "llr_mtime": 1764948397.2204082,
  "rnti": 4660,
  "fullgrid_file": "f0732_s11_fullgrid_idx001041.bin",
  "txbits_file": "f0732_s11_txbits_idx001464_rnti04660.bin",
  "llr_file": "f0732_s11_llr_idx001041.bin",
  "ldpc_cfg_file": "f0732_s11_ldpc.json"
}