{
  "frame": 935,
  "slot": 11,
  "fg_idx": 1447,
  "fg_mtime": 1764948398.1603723,
  "tx_idx": 1870,
  "tx_mtime": 1764948398.1583722,
  "llr_idx": 1447,
  "llr_mtime": 1764948398.1603723,
  "rnti": 4660,
  "fullgrid_file": "f0935_s11_fullgrid_idx001447.bin",
  "txbits_file": "f0935_s11_txbits_idx001870_rnti04660.bin",
  "llr_file": "f0935_s11_llr_idx001447.bin",
  "ldpc_cfg_file": "f0935_s11_ldpc.json"
}