{
  "frame": 299,
  "slot": 11,
  "fg_idx": 175,
  "fg_mtime": 1764948395.2684832,
  "tx_idx": 598,
  "tx_mtime": 1764948395.2664833,
  "llr_idx": 175,
  "llr_mtime": 1764948395.2684832,
  "rnti": 4660,
  "fullgrid_file": "f0299_s11_fullgrid_idx000175.bin",
  "txbits_file": "f0299_s11_txbits_idx000598_rnti04660.bin",
  "llr_file": "f0299_s11_llr_idx000175.bin",
  "ldpc_cfg_file": "f0299_s11_ldpc.json"
}