{
  "frame": 713,
  "slot": 1,
  "fg_idx": 1002,
  "fg_mtime": 1764948397.1324115,
  "tx_idx": 1425,
  "tx_mtime": 1764948397.1314116,
  "llr_idx": 1002,
  "llr_mtime": 1764948397.1334114,
  "rnti": 4660,
  "fullgrid_file": "f0713_s01_fullgrid_idx001002.bin",
  "txbits_file": "f0713_s01_txbits_idx001425_rnti04660.bin",
  "llr_file": "f0713_s01_llr_idx001002.bin",
  "ldpc_cfg_file": "f0713_s01_ldpc.json"
}