{
  "frame": 469,
  "slot": 1,
  "fg_idx": 514,
  "fg_mtime": 1764948396.0404534,
  "tx_idx": 937,
  "tx_mtime": 1764948396.0384536,
  "llr_idx": 514,
  "llr_mtime": 1764948396.0404534,
  "rnti": 4660,
  "fullgrid_file": "f0469_s01_fullgrid_idx000514.bin",
  "txbits_file": "f0469_s01_txbits_idx000937_rnti04660.bin",
  "llr_file": "f0469_s01_llr_idx000514.bin",
  "ldpc_cfg_file": "f0469_s01_ldpc.json"
}