{
  "frame": 219,
  "slot": 1,
  "fg_idx": 14,
  "fg_mtime": 1764948394.913497,
  "tx_idx": 437,
  "tx_mtime": 1764948394.912497,
  "llr_idx": 14,
  "llr_mtime": 1764948394.914497,
  "rnti": 4660,
  "fullgrid_file": "f0219_s01_fullgrid_idx000014.bin",
  "txbits_file": "f0219_s01_txbits_idx000437_rnti04660.bin",
  "llr_file": "f0219_s01_llr_idx000014.bin",
  "ldpc_cfg_file": "f0219_s01_ldpc.json"
}