{
  "frame": 310,
  "slot": 11,
  "fg_idx": 197,
  "fg_mtime": 1764948395.3154814,
  "tx_idx": 620,
  "tx_mtime": 1764948395.3134816,
  "llr_idx": 197,
  "llr_mtime": 1764948395.3154814,
  "rnti": 4660,
  "fullgrid_file": "f0310_s11_fullgrid_idx000197.bin",
  "txbits_file": "f0310_s11_txbits_idx000620_rnti04660.bin",
  "llr_file": "f0310_s11_llr_idx000197.bin",
  "ldpc_cfg_file": "f0310_s11_ldpc.json"
}