{
  "frame": 965,
  "slot": 1,
  "fg_idx": 1506,
  "fg_mtime": 1764948398.3013668,
  "tx_idx": 1929,
  "tx_mtime": 1764948398.3003669,
  "llr_idx": 1506,
  "llr_mtime": 1764948398.3013668,
  "rnti": 4660,
  "fullgrid_file": "f0965_s01_fullgrid_idx001506.bin",
  "txbits_file": "f0965_s01_txbits_idx001929_rnti04660.bin",
  "llr_file": "f0965_s01_llr_idx001506.bin",
  "ldpc_cfg_file": "f0965_s01_ldpc.json"
}