{
  "frame": 329,
  "slot": 11,
  "fg_idx": 235,
  "fg_mtime": 1764948395.401478,
  "tx_idx": 658,
  "tx_mtime": 1764948395.4004781,
  "llr_idx": 235,
  "llr_mtime": 1764948395.402478,
  "rnti": 4660,
  "fullgrid_file": "f0329_s11_fullgrid_idx000235.bin",
  "txbits_file": "f0329_s11_txbits_idx000658_rnti04660.bin",
  "llr_file": "f0329_s11_llr_idx000235.bin",
  "ldpc_cfg_file": "f0329_s11_ldpc.json"
}