{
  "frame": 295,
  "slot": 1,
  "fg_idx": 166,
  "fg_mtime": 1764948395.248484,
  "tx_idx": 589,
  "tx_mtime": 1764948395.247484,
  "llr_idx": 166,
  "llr_mtime": 1764948395.248484,
  "rnti": 4660,
  "fullgrid_file": "f0295_s01_fullgrid_idx000166.bin",
  "txbits_file": "f0295_s01_txbits_idx000589_rnti04660.bin",
  "llr_file": "f0295_s01_llr_idx000166.bin",
  "ldpc_cfg_file": "f0295_s01_ldpc.json"
}