{
  "frame": 535,
  "slot": 1,
  "fg_idx": 646,
  "fg_mtime": 1764948396.365441,
  "tx_idx": 1069,
  "tx_mtime": 1764948396.363441,
  "llr_idx": 646,
  "llr_mtime": 1764948396.365441,
  "rnti": 4660,
  "fullgrid_file": "f0535_s01_fullgrid_idx000646.bin",
  "txbits_file": "f0535_s01_txbits_idx001069_rnti04660.bin",
  "llr_file": "f0535_s01_llr_idx000646.bin",
  "ldpc_cfg_file": "f0535_s01_ldpc.json"
}