{
  "frame": 562,
  "slot": 11,
  "fg_idx": 701,
  "fg_mtime": 1764948396.4854364,
  "tx_idx": 1124,
  "tx_mtime": 1764948396.4834366,
  "llr_idx": 701,
  "llr_mtime": 1764948396.4854364,
  "rnti": 4660,
  "fullgrid_file": "f0562_s11_fullgrid_idx000701.bin",
  "txbits_file": "f0562_s11_txbits_idx001124_rnti04660.bin",
  "llr_file": "f0562_s11_llr_idx000701.bin",
  "ldpc_cfg_file": "f0562_s11_ldpc.json"
}