{
  "frame": 245,
  "slot": 11,
  "fg_idx": 67,
  "fg_mtime": 1764948395.0234926,
  "tx_idx": 490,
  "tx_mtime": 1764948395.0224926,
  "llr_idx": 67,
  "llr_mtime": 1764948395.0234926,
  "rnti": 4660,
  "fullgrid_file": "f0245_s11_fullgrid_idx000067.bin",
  "txbits_file": "f0245_s11_txbits_idx000490_rnti04660.bin",
  "llr_file": "f0245_s11_llr_idx000067.bin",
  "ldpc_cfg_file": "f0245_s11_ldpc.json"
}