{
  "frame": 876,
  "slot": 1,
  "fg_idx": 1328,
  "fg_mtime": 1764948397.8843827,
  "tx_idx": 1751,
  "tx_mtime": 1764948397.8823829,
  "llr_idx": 1328,
  "llr_mtime": 1764948397.8843827,
  "rnti": 4660,
  "fullgrid_file": "f0876_s01_fullgrid_idx001328.bin",
  "txbits_file": "f0876_s01_txbits_idx001751_rnti04660.bin",
  "llr_file": "f0876_s01_llr_idx001328.bin",
  "ldpc_cfg_file": "f0876_s01_ldpc.json"
}