{
  "frame": 459,
  "slot": 11,
  "fg_idx": 495,
  "fg_mtime": 1764948395.9964552,
  "tx_idx": 918,
  "tx_mtime": 1764948395.9944553,
  "llr_idx": 495,
  "llr_mtime": 1764948395.9964552,
  "rnti": 4660,
  "fullgrid_file": "f0459_s11_fullgrid_idx000495.bin",
  "txbits_file": "f0459_s11_txbits_idx000918_rnti04660.bin",
  "llr_file": "f0459_s11_llr_idx000495.bin",
  "ldpc_cfg_file": "f0459_s11_ldpc.json"
}