{
  "frame": 549,
  "slot": 1,
  "fg_idx": 674,
  "fg_mtime": 1764948396.4264386,
  "tx_idx": 1097,
  "tx_mtime": 1764948396.4254386,
  "llr_idx": 674,
  "llr_mtime": 1764948396.4274387,
  "rnti": 4660,
  "fullgrid_file": "f0549_s01_fullgrid_idx000674.bin",
  "txbits_file": "f0549_s01_txbits_idx001097_rnti04660.bin",
  "llr_file": "f0549_s01_llr_idx000674.bin",
  "ldpc_cfg_file": "f0549_s01_ldpc.json"
}