{
  "frame": 447,
  "slot": 1,
  "fg_idx": 470,
  "fg_mtime": 1764948395.9394574,
  "tx_idx": 893,
  "tx_mtime": 1764948395.9384575,
  "llr_idx": 470,
  "llr_mtime": 1764948395.9394574,
  "rnti": 4660,
  "fullgrid_file": "f0447_s01_fullgrid_idx000470.bin",
  "txbits_file": "f0447_s01_txbits_idx000893_rnti04660.bin",
  "llr_file": "f0447_s01_llr_idx000470.bin",
  "ldpc_cfg_file": "f0447_s01_ldpc.json"
}