{
  "frame": 381,
  "slot": 1,
  "fg_idx": 338,
  "fg_mtime": 1764948395.638469,
  "tx_idx": 761,
  "tx_mtime": 1764948395.6364691,
  "llr_idx": 338,
  "llr_mtime": 1764948395.639469,
  "rnti": 4660,
  "fullgrid_file": "f0381_s01_fullgrid_idx000338.bin",
  "txbits_file": "f0381_s01_txbits_idx000761_rnti04660.bin",
  "llr_file": "f0381_s01_llr_idx000338.bin",
  "ldpc_cfg_file": "f0381_s01_ldpc.json"
}