{
  "frame": 957,
  "slot": 1,
  "fg_idx": 1490,
  "fg_mtime": 1764948398.2623682,
  "tx_idx": 1913,
  "tx_mtime": 1764948398.2613683,
  "llr_idx": 1490,
  "llr_mtime": 1764948398.2633684,
  "rnti": 4660,
  "fullgrid_file": "f0957_s01_fullgrid_idx001490.bin",
  "txbits_file": "f0957_s01_txbits_idx001913_rnti04660.bin",
  "llr_file": "f0957_s01_llr_idx001490.bin",
  "ldpc_cfg_file": "f0957_s01_ldpc.json"
}