{
  "frame": 802,
  "slot": 1,
  "fg_idx": 1180,
  "fg_mtime": 1764948397.541396,
  "tx_idx": 1603,
  "tx_mtime": 1764948397.539396,
  "llr_idx": 1180,
  "llr_mtime": 1764948397.541396,
  "rnti": 4660,
  "fullgrid_file": "f0802_s01_fullgrid_idx001180.bin",
  "txbits_file": "f0802_s01_txbits_idx001603_rnti04660.bin",
  "llr_file": "f0802_s01_llr_idx001180.bin",
  "ldpc_cfg_file": "f0802_s01_ldpc.json"
}