{
  "frame": 705,
  "slot": 11,
  "fg_idx": 987,
  "fg_mtime": 1764948397.1004128,
  "tx_idx": 1410,
  "tx_mtime": 1764948397.0984128,
  "llr_idx": 987,
  "llr_mtime": 1764948397.1004128,
  "rnti": 4660,
  "fullgrid_file": "f0705_s11_fullgrid_idx000987.bin",
  "txbits_file": "f0705_s11_txbits_idx001410_rnti04660.bin",
  "llr_file": "f0705_s11_llr_idx000987.bin",
  "ldpc_cfg_file": "f0705_s11_ldpc.json"
}