{
  "frame": 716,
  "slot": 11,
  "fg_idx": 1009,
  "fg_mtime": 1764948397.150411,
  "tx_idx": 1432,
  "tx_mtime": 1764948397.148411,
  "llr_idx": 1009,
  "llr_mtime": 1764948397.150411,
  "rnti": 4660,
  "fullgrid_file": "f0716_s11_fullgrid_idx001009.bin",
  "txbits_file": "f0716_s11_txbits_idx001432_rnti04660.bin",
  "llr_file": "f0716_s11_llr_idx001009.bin",
  "ldpc_cfg_file": "f0716_s11_ldpc.json"
}