{
  "frame": 694,
  "slot": 1,
  "fg_idx": 964,
  "fg_mtime": 1764948397.0504148,
  "tx_idx": 1387,
  "tx_mtime": 1764948397.0484147,
  "llr_idx": 964,
  "llr_mtime": 1764948397.0504148,
  "rnti": 4660,
  "fullgrid_file": "f0694_s01_fullgrid_idx000964.bin",
  "txbits_file": "f0694_s01_txbits_idx001387_rnti04660.bin",
  "llr_file": "f0694_s01_llr_idx000964.bin",
  "ldpc_cfg_file": "f0694_s01_ldpc.json"
}