{
  "frame": 638,
  "slot": 11,
  "fg_idx": 853,
  "fg_mtime": 1764948396.808424,
  "tx_idx": 1276,
  "tx_mtime": 1764948396.807424,
  "llr_idx": 853,
  "llr_mtime": 1764948396.808424,
  "rnti": 4660,
  "fullgrid_file": "f0638_s11_fullgrid_idx000853.bin",
  "txbits_file": "f0638_s11_txbits_idx001276_rnti04660.bin",
  "llr_file": "f0638_s11_llr_idx000853.bin",
  "ldpc_cfg_file": "f0638_s11_ldpc.json"
}