{
  "frame": 449,
  "slot": 1,
  "fg_idx": 474,
  "fg_mtime": 1764948395.948457,
  "tx_idx": 897,
  "tx_mtime": 1764948395.947457,
  "llr_idx": 474,
  "llr_mtime": 1764948395.949457,
  "rnti": 4660,
  "fullgrid_file": "f0449_s01_fullgrid_idx000474.bin",
  "txbits_file": "f0449_s01_txbits_idx000897_rnti04660.bin",
  "llr_file": "f0449_s01_llr_idx000474.bin",
  "ldpc_cfg_file": "f0449_s01_ldpc.json"
}