{
  "frame": 720,
  "slot": 1,
  "fg_idx": 1016,
  "fg_mtime": 1764948397.1644104,
  "tx_idx": 1439,
  "tx_mtime": 1764948397.1634104,
  "llr_idx": 1016,
  "llr_mtime": 1764948397.1644104,
  "rnti": 4660,
  "fullgrid_file": "f0720_s01_fullgrid_idx001016.bin",
  "txbits_file": "f0720_s01_txbits_idx001439_rnti04660.bin",
  "llr_file": "f0720_s01_llr_idx001016.bin",
  "ldpc_cfg_file": "f0720_s01_ldpc.json"
}