{
  "frame": 677,
  "slot": 1,
  "fg_idx": 930,
  "fg_mtime": 1764948396.9734178,
  "tx_idx": 1353,
  "tx_mtime": 1764948396.9724176,
  "llr_idx": 930,
  "llr_mtime": 1764948396.9744177,
  "rnti": 4660,
  "fullgrid_file": "f0677_s01_fullgrid_idx000930.bin",
  "txbits_file": "f0677_s01_txbits_idx001353_rnti04660.bin",
  "llr_file": "f0677_s01_llr_idx000930.bin",
  "ldpc_cfg_file": "f0677_s01_ldpc.json"
}