{
  "frame": 751,
  "slot": 1,
  "fg_idx": 1078,
  "fg_mtime": 1764948397.302405,
  "tx_idx": 1501,
  "tx_mtime": 1764948397.3014052,
  "llr_idx": 1078,
  "llr_mtime": 1764948397.303405,
  "rnti": 4660,
  "fullgrid_file": "f0751_s01_fullgrid_idx001078.bin",
  "txbits_file": "f0751_s01_txbits_idx001501_rnti04660.bin",
  "llr_file": "f0751_s01_llr_idx001078.bin",
  "ldpc_cfg_file": "f0751_s01_ldpc.json"
}