{
  "frame": 775,
  "slot": 11,
  "fg_idx": 1127,
  "fg_mtime": 1764948397.4174006,
  "tx_idx": 1550,
  "tx_mtime": 1764948397.4164007,
  "llr_idx": 1127,
  "llr_mtime": 1764948397.4184005,
  "rnti": 4660,
  "fullgrid_file": "f0775_s11_fullgrid_idx001127.bin",
  "txbits_file": "f0775_s11_txbits_idx001550_rnti04660.bin",
  "llr_file": "f0775_s11_llr_idx001127.bin",
  "ldpc_cfg_file": "f0775_s11_ldpc.json"
}