{
  "frame": 904,
  "slot": 11,
  "fg_idx": 1385,
  "fg_mtime": 1764948398.0163777,
  "tx_idx": 1808,
  "tx_mtime": 1764948398.0143778,
  "llr_idx": 1385,
  "llr_mtime": 1764948398.0163777,
  "rnti": 4660,
  "fullgrid_file": "f0904_s11_fullgrid_idx001385.bin",
  "txbits_file": "f0904_s11_txbits_idx001808_rnti04660.bin",
  "llr_file": "f0904_s11_llr_idx001385.bin",
  "ldpc_cfg_file": "f0904_s11_ldpc.json"
}