{
  "frame": 906,
  "slot": 1,
  "fg_idx": 1388,
  "fg_mtime": 1764948398.0233774,
  "tx_idx": 1811,
  "tx_mtime": 1764948398.0203776,
  "llr_idx": 1388,
  "llr_mtime": 1764948398.0233774,
  "rnti": 4660,
  "fullgrid_file": "f0906_s01_fullgrid_idx001388.bin",
  "txbits_file": "f0906_s01_txbits_idx001811_rnti04660.bin",
  "llr_file": "f0906_s01_llr_idx001388.bin",
  "ldpc_cfg_file": "f0906_s01_ldpc.json"
}