{
  "frame": 263,
  "slot": 1,
  "fg_idx": 102,
  "fg_mtime": 1764948395.1034896,
  "tx_idx": 525,
  "tx_mtime": 1764948395.1024897,
  "llr_idx": 102,
  "llr_mtime": 1764948395.1034896,
  "rnti": 4660,
  "fullgrid_file": "f0263_s01_fullgrid_idx000102.bin",
  "txbits_file": "f0263_s01_txbits_idx000525_rnti04660.bin",
  "llr_file": "f0263_s01_llr_idx000102.bin",
  "ldpc_cfg_file": "f0263_s01_ldpc.json"
}