{
  "frame": 239,
  "slot": 1,
  "fg_idx": 54,
  "fg_mtime": 1764948394.9964936,
  "tx_idx": 477,
  "tx_mtime": 1764948394.9944937,
  "llr_idx": 54,
  "llr_mtime": 1764948394.9974937,
  "rnti": 4660,
  "fullgrid_file": "f0239_s01_fullgrid_idx000054.bin",
  "txbits_file": "f0239_s01_txbits_idx000477_rnti04660.bin",
  "llr_file": "f0239_s01_llr_idx000054.bin",
  "ldpc_cfg_file": "f0239_s01_ldpc.json"
}