{
  "frame": 659,
  "slot": 11,
  "fg_idx": 895,
  "fg_mtime": 1764948396.8984206,
  "tx_idx": 1318,
  "tx_mtime": 1764948396.8964207,
  "llr_idx": 895,
  "llr_mtime": 1764948396.8984206,
  "rnti": 4660,
  "fullgrid_file": "f0659_s11_fullgrid_idx000895.bin",
  "txbits_file": "f0659_s11_txbits_idx001318_rnti04660.bin",
  "llr_file": "f0659_s11_llr_idx000895.bin",
  "ldpc_cfg_file": "f0659_s11_ldpc.json"
}