{
  "frame": 559,
  "slot": 1,
  "fg_idx": 694,
  "fg_mtime": 1764948396.471437,
  "tx_idx": 1117,
  "tx_mtime": 1764948396.4694371,
  "llr_idx": 694,
  "llr_mtime": 1764948396.471437,
  "rnti": 4660,
  "fullgrid_file": "f0559_s01_fullgrid_idx000694.bin",
  "txbits_file": "f0559_s01_txbits_idx001117_rnti04660.bin",
  "llr_file": "f0559_s01_llr_idx000694.bin",
  "ldpc_cfg_file": "f0559_s01_ldpc.json"
}