{
  "frame": 599,
  "slot": 11,
  "fg_idx": 775,
  "fg_mtime": 1764948396.6404305,
  "tx_idx": 1198,
  "tx_mtime": 1764948396.6394305,
  "llr_idx": 775,
  "llr_mtime": 1764948396.6414304,
  "rnti": 4660,
  "fullgrid_file": "f0599_s11_fullgrid_idx000775.bin",
  "txbits_file": "f0599_s11_txbits_idx001198_rnti04660.bin",
  "llr_file": "f0599_s11_llr_idx000775.bin",
  "ldpc_cfg_file": "f0599_s11_ldpc.json"
}