{
  "frame": 858,
  "slot": 11,
  "fg_idx": 1293,
  "fg_mtime": 1764948397.803386,
  "tx_idx": 1716,
  "tx_mtime": 1764948397.8013859,
  "llr_idx": 1293,
  "llr_mtime": 1764948397.803386,
  "rnti": 4660,
  "fullgrid_file": "f0858_s11_fullgrid_idx001293.bin",
  "txbits_file": "f0858_s11_txbits_idx001716_rnti04660.bin",
  "llr_file": "f0858_s11_llr_idx001293.bin",
  "ldpc_cfg_file": "f0858_s11_ldpc.json"
}