{
  "frame": 278,
  "slot": 11,
  "fg_idx": 133,
  "fg_mtime": 1764948395.1744869,
  "tx_idx": 556,
  "tx_mtime": 1764948395.173487,
  "llr_idx": 133,
  "llr_mtime": 1764948395.1744869,
  "rnti": 4660,
  "fullgrid_file": "f0278_s11_fullgrid_idx000133.bin",
  "txbits_file": "f0278_s11_txbits_idx000556_rnti04660.bin",
  "llr_file": "f0278_s11_llr_idx000133.bin",
  "ldpc_cfg_file": "f0278_s11_ldpc.json"
}