{
  "frame": 809,
  "slot": 1,
  "fg_idx": 1194,
  "fg_mtime": 1764948397.5743947,
  "tx_idx": 1617,
  "tx_mtime": 1764948397.5733948,
  "llr_idx": 1194,
  "llr_mtime": 1764948397.5743947,
  "rnti": 4660,
  "fullgrid_file": "f0809_s01_fullgrid_idx001194.bin",
  "txbits_file": "f0809_s01_txbits_idx001617_rnti04660.bin",
  "llr_file": "f0809_s01_llr_idx001194.bin",
  "ldpc_cfg_file": "f0809_s01_ldpc.json"
}