{
  "frame": 292,
  "slot": 11,
  "fg_idx": 161,
  "fg_mtime": 1764948395.2364845,
  "tx_idx": 584,
  "tx_mtime": 1764948395.2354846,
  "llr_idx": 161,
  "llr_mtime": 1764948395.2374845,
  "rnti": 4660,
  "fullgrid_file": "f0292_s11_fullgrid_idx000161.bin",
  "txbits_file": "f0292_s11_txbits_idx000584_rnti04660.bin",
  "llr_file": "f0292_s11_llr_idx000161.bin",
  "ldpc_cfg_file": "f0292_s11_ldpc.json"
}