{
  "frame": 619,
  "slot": 11,
  "fg_idx": 815,
  "fg_mtime": 1764948396.727427,
  "tx_idx": 1238,
  "tx_mtime": 1764948396.726427,
  "llr_idx": 815,
  "llr_mtime": 1764948396.7284272,
  "rnti": 4660,
  "fullgrid_file": "f0619_s11_fullgrid_idx000815.bin",
  "txbits_file": "f0619_s11_txbits_idx001238_rnti04660.bin",
  "llr_file": "f0619_s11_llr_idx000815.bin",
  "ldpc_cfg_file": "f0619_s11_ldpc.json"
}