{
  "frame": 647,
  "slot": 11,
  "fg_idx": 871,
  "fg_mtime": 1764948396.8454225,
  "tx_idx": 1294,
  "tx_mtime": 1764948396.8444226,
  "llr_idx": 871,
  "llr_mtime": 1764948396.8464224,
  "rnti": 4660,
  "fullgrid_file": "f0647_s11_fullgrid_idx000871.bin",
  "txbits_file": "f0647_s11_txbits_idx001294_rnti04660.bin",
  "llr_file": "f0647_s11_llr_idx000871.bin",
  "ldpc_cfg_file": "f0647_s11_ldpc.json"
}