{
  "frame": 755,
  "slot": 11,
  "fg_idx": 1087,
  "fg_mtime": 1764948397.3244042,
  "tx_idx": 1510,
  "tx_mtime": 1764948397.3224044,
  "llr_idx": 1087,
  "llr_mtime": 1764948397.3244042,
  "rnti": 4660,
  "fullgrid_file": "f0755_s11_fullgrid_idx001087.bin",
  "txbits_file": "f0755_s11_txbits_idx001510_rnti04660.bin",
  "llr_file": "f0755_s11_llr_idx001087.bin",
  "ldpc_cfg_file": "f0755_s11_ldpc.json"
}