{
  "frame": 218,
  "slot": 1,
  "fg_idx": 12,
  "fg_mtime": 1764948394.909497,
  "tx_idx": 435,
  "tx_mtime": 1764948394.9074972,
  "llr_idx": 12,
  "llr_mtime": 1764948394.909497,
  "rnti": 4660,
  "fullgrid_file": "f0218_s01_fullgrid_idx000012.bin",
  "txbits_file": "f0218_s01_txbits_idx000435_rnti04660.bin",
  "llr_file": "f0218_s01_llr_idx000012.bin",
  "ldpc_cfg_file": "f0218_s01_ldpc.json"
}