{
  "frame": 797,
  "slot": 11,
  "fg_idx": 1171,
  "fg_mtime": 1764948397.5203967,
  "tx_idx": 1594,
  "tx_mtime": 1764948397.5193968,
  "llr_idx": 1171,
  "llr_mtime": 1764948397.5203967,
  "rnti": 4660,
  "fullgrid_file": "f0797_s11_fullgrid_idx001171.bin",
  "txbits_file": "f0797_s11_txbits_idx001594_rnti04660.bin",
  "llr_file": "f0797_s11_llr_idx001171.bin",
  "ldpc_cfg_file": "f0797_s11_ldpc.json"
}