{
  "frame": 902,
  "slot": 1,
  "fg_idx": 1380,
  "fg_mtime": 1764948398.004378,
  "tx_idx": 1803,
  "tx_mtime": 1764948398.0023782,
  "llr_idx": 1380,
  "llr_mtime": 1764948398.004378,
  "rnti": 4660,
  "fullgrid_file": "f0902_s01_fullgrid_idx001380.bin",
  "txbits_file": "f0902_s01_txbits_idx001803_rnti04660.bin",
  "llr_file": "f0902_s01_llr_idx001380.bin",
  "ldpc_cfg_file": "f0902_s01_ldpc.json"
}