{
  "frame": 519,
  "slot": 11,
  "fg_idx": 615,
  "fg_mtime": 1764948396.2724445,
  "tx_idx": 1038,
  "tx_mtime": 1764948396.2714446,
  "llr_idx": 615,
  "llr_mtime": 1764948396.2724445,
  "rnti": 4660,
  "fullgrid_file": "f0519_s11_fullgrid_idx000615.bin",
  "txbits_file": "f0519_s11_txbits_idx001038_rnti04660.bin",
  "llr_file": "f0519_s11_llr_idx000615.bin",
  "ldpc_cfg_file": "f0519_s11_ldpc.json"
}