{
  "frame": 936,
  "slot": 1,
  "fg_idx": 1448,
  "fg_mtime": 1764948398.1613722,
  "tx_idx": 1871,
  "tx_mtime": 1764948398.1603723,
  "llr_idx": 1448,
  "llr_mtime": 1764948398.162372,
  "rnti": 4660,
  "fullgrid_file": "f0936_s01_fullgrid_idx001448.bin",
  "txbits_file": "f0936_s01_txbits_idx001871_rnti04660.bin",
  "llr_file": "f0936_s01_llr_idx001448.bin",
  "ldpc_cfg_file": "f0936_s01_ldpc.json"
}