{
  "frame": 603,
  "slot": 1,
  "fg_idx": 782,
  "fg_mtime": 1764948396.6564298,
  "tx_idx": 1205,
  "tx_mtime": 1764948396.65443,
  "llr_idx": 782,
  "llr_mtime": 1764948396.6564298,
  "rnti": 4660,
  "fullgrid_file": "f0603_s01_fullgrid_idx000782.bin",
  "txbits_file": "f0603_s01_txbits_idx001205_rnti04660.bin",
  "llr_file": "f0603_s01_llr_idx000782.bin",
  "ldpc_cfg_file": "f0603_s01_ldpc.json"
}