{
  "frame": 886,
  "slot": 11,
  "fg_idx": 1349,
  "fg_mtime": 1764948397.932381,
  "tx_idx": 1772,
  "tx_mtime": 1764948397.931381,
  "llr_idx": 1349,
  "llr_mtime": 1764948397.932381,
  "rnti": 4660,
  "fullgrid_file": "f0886_s11_fullgrid_idx001349.bin",
  "txbits_file": "f0886_s11_txbits_idx001772_rnti04660.bin",
  "llr_file": "f0886_s11_llr_idx001349.bin",
  "ldpc_cfg_file": "f0886_s11_ldpc.json"
}