{
  "frame": 331,
  "slot": 1,
  "fg_idx": 238,
  "fg_mtime": 1764948395.4084778,
  "tx_idx": 661,
  "tx_mtime": 1764948395.4074779,
  "llr_idx": 238,
  "llr_mtime": 1764948395.4084778,
  "rnti": 4660,
  "fullgrid_file": "f0331_s01_fullgrid_idx000238.bin",
  "txbits_file": "f0331_s01_txbits_idx000661_rnti04660.bin",
  "llr_file": "f0331_s01_llr_idx000238.bin",
  "ldpc_cfg_file": "f0331_s01_ldpc.json"
}