{
  "frame": 966,
  "slot": 1,
  "fg_idx": 1508,
  "fg_mtime": 1764948398.3073666,
  "tx_idx": 1931,
  "tx_mtime": 1764948398.3053668,
  "llr_idx": 1508,
  "llr_mtime": 1764948398.3073666,
  "rnti": 4660,
  "fullgrid_file": "f0966_s01_fullgrid_idx001508.bin",
  "txbits_file": "f0966_s01_txbits_idx001931_rnti04660.bin",
  "llr_file": "f0966_s01_llr_idx001508.bin",
  "ldpc_cfg_file": "f0966_s01_ldpc.json"
}