{
  "frame": 830,
  "slot": 11,
  "fg_idx": 1237,
  "fg_mtime": 1764948397.6753907,
  "tx_idx": 1660,
  "tx_mtime": 1764948397.6733909,
  "llr_idx": 1237,
  "llr_mtime": 1764948397.6753907,
  "rnti": 4660,
  "fullgrid_file": "f0830_s11_fullgrid_idx001237.bin",
  "txbits_file": "f0830_s11_txbits_idx001660_rnti04660.bin",
  "llr_file": "f0830_s11_llr_idx001237.bin",
  "ldpc_cfg_file": "f0830_s11_ldpc.json"
}