{
  "frame": 975,
  "slot": 1,
  "fg_idx": 1526,
  "fg_mtime": 1764948398.3533647,
  "tx_idx": 1949,
  "tx_mtime": 1764948398.3513649,
  "llr_idx": 1526,
  "llr_mtime": 1764948398.3533647,
  "rnti": 4660,
  "fullgrid_file": "f0975_s01_fullgrid_idx001526.bin",
  "txbits_file": "f0975_s01_txbits_idx001949_rnti04660.bin",
  "llr_file": "f0975_s01_llr_idx001526.bin",
  "ldpc_cfg_file": "f0975_s01_ldpc.json"
}