{
  "frame": 229,
  "slot": 1,
  "fg_idx": 34,
  "fg_mtime": 1764948394.9544954,
  "tx_idx": 457,
  "tx_mtime": 1764948394.9534953,
  "llr_idx": 34,
  "llr_mtime": 1764948394.9544954,
  "rnti": 4660,
  "fullgrid_file": "f0229_s01_fullgrid_idx000034.bin",
  "txbits_file": "f0229_s01_txbits_idx000457_rnti04660.bin",
  "llr_file": "f0229_s01_llr_idx000034.bin",
  "ldpc_cfg_file": "f0229_s01_ldpc.json"
}