{
  "frame": 729,
  "slot": 11,
  "fg_idx": 1035,
  "fg_mtime": 1764948397.2064087,
  "tx_idx": 1458,
  "tx_mtime": 1764948397.2054088,
  "llr_idx": 1035,
  "llr_mtime": 1764948397.2064087,
  "rnti": 4660,
  "fullgrid_file": "f0729_s11_fullgrid_idx001035.bin",
  "txbits_file": "f0729_s11_txbits_idx001458_rnti04660.bin",
  "llr_file": "f0729_s11_llr_idx001035.bin",
  "ldpc_cfg_file": "f0729_s11_ldpc.json"
}