{
  "frame": 842,
  "slot": 1,
  "fg_idx": 1260,
  "fg_mtime": 1764948397.7293887,
  "tx_idx": 1683,
  "tx_mtime": 1764948397.7263887,
  "llr_idx": 1260,
  "llr_mtime": 1764948397.7293887,
  "rnti": 4660,
  "fullgrid_file": "f0842_s01_fullgrid_idx001260.bin",
  "txbits_file": "f0842_s01_txbits_idx001683_rnti04660.bin",
  "llr_file": "f0842_s01_llr_idx001260.bin",
  "ldpc_cfg_file": "f0842_s01_ldpc.json"
}