{
  "frame": 275,
  "slot": 11,
  "fg_idx": 127,
  "fg_mtime": 1764948395.1604874,
  "tx_idx": 550,
  "tx_mtime": 1764948395.1584876,
  "llr_idx": 127,
  "llr_mtime": 1764948395.1604874,
  "rnti": 4660,
  "fullgrid_file": "f0275_s11_fullgrid_idx000127.bin",
  "txbits_file": "f0275_s11_txbits_idx000550_rnti04660.bin",
  "llr_file": "f0275_s11_llr_idx000127.bin",
  "ldpc_cfg_file": "f0275_s11_ldpc.json"
}