{
  "frame": 475,
  "slot": 11,
  "fg_idx": 527,
  "fg_mtime": 1764948396.0694523,
  "tx_idx": 950,
  "tx_mtime": 1764948396.0684524,
  "llr_idx": 527,
  "llr_mtime": 1764948396.0694523,
  "rnti": 4660,
  "fullgrid_file": "f0475_s11_fullgrid_idx000527.bin",
  "txbits_file": "f0475_s11_txbits_idx000950_rnti04660.bin",
  "llr_file": "f0475_s11_llr_idx000527.bin",
  "ldpc_cfg_file": "f0475_s11_ldpc.json"
}