{
  "frame": 504,
  "slot": 1,
  "fg_idx": 584,
  "fg_mtime": 1764948396.1994474,
  "tx_idx": 1007,
  "tx_mtime": 1764948396.1984475,
  "llr_idx": 584,
  "llr_mtime": 1764948396.2004473,
  "rnti": 4660,
  "fullgrid_file": "f0504_s01_fullgrid_idx000584.bin",
  "txbits_file": "f0504_s01_txbits_idx001007_rnti04660.bin",
  "llr_file": "f0504_s01_llr_idx000584.bin",
  "ldpc_cfg_file": "f0504_s01_ldpc.json"
}