{
  "frame": 859,
  "slot": 1,
  "fg_idx": 1294,
  "fg_mtime": 1764948397.8053858,
  "tx_idx": 1717,
  "tx_mtime": 1764948397.803386,
  "llr_idx": 1294,
  "llr_mtime": 1764948397.8053858,
  "rnti": 4660,
  "fullgrid_file": "f0859_s01_fullgrid_idx001294.bin",
  "txbits_file": "f0859_s01_txbits_idx001717_rnti04660.bin",
  "llr_file": "f0859_s01_llr_idx001294.bin",
  "ldpc_cfg_file": "f0859_s01_ldpc.json"
}