{
  "frame": 988,
  "slot": 11,
  "fg_idx": 1553,
  "fg_mtime": 1764948398.4203622,
  "tx_idx": 1976,
  "tx_mtime": 1764948398.4193623,
  "llr_idx": 1553,
  "llr_mtime": 1764948398.4213622,
  "rnti": 4660,
  "fullgrid_file": "f0988_s11_fullgrid_idx001553.bin",
  "txbits_file": "f0988_s11_txbits_idx001976_rnti04660.bin",
  "llr_file": "f0988_s11_llr_idx001553.bin",
  "ldpc_cfg_file": "f0988_s11_ldpc.json"
}