{
  "frame": 903,
  "slot": 1,
  "fg_idx": 1382,
  "fg_mtime": 1764948398.008378,
  "tx_idx": 1805,
  "tx_mtime": 1764948398.0063782,
  "llr_idx": 1382,
  "llr_mtime": 1764948398.008378,
  "rnti": 4660,
  "fullgrid_file": "f0903_s01_fullgrid_idx001382.bin",
  "txbits_file": "f0903_s01_txbits_idx001805_rnti04660.bin",
  "llr_file": "f0903_s01_llr_idx001382.bin",
  "ldpc_cfg_file": "f0903_s01_ldpc.json"
}