{
  "frame": 762,
  "slot": 1,
  "fg_idx": 1100,
  "fg_mtime": 1764948397.354403,
  "tx_idx": 1523,
  "tx_mtime": 1764948397.353403,
  "llr_idx": 1100,
  "llr_mtime": 1764948397.354403,
  "rnti": 4660,
  "fullgrid_file": "f0762_s01_fullgrid_idx001100.bin",
  "txbits_file": "f0762_s01_txbits_idx001523_rnti04660.bin",
  "llr_file": "f0762_s01_llr_idx001100.bin",
  "ldpc_cfg_file": "f0762_s01_ldpc.json"
}