{
  "frame": 510,
  "slot": 1,
  "fg_idx": 596,
  "fg_mtime": 1764948396.2284462,
  "tx_idx": 1019,
  "tx_mtime": 1764948396.2264464,
  "llr_idx": 596,
  "llr_mtime": 1764948396.2294462,
  "rnti": 4660,
  "fullgrid_file": "f0510_s01_fullgrid_idx000596.bin",
  "txbits_file": "f0510_s01_txbits_idx001019_rnti04660.bin",
  "llr_file": "f0510_s01_llr_idx000596.bin",
  "ldpc_cfg_file": "f0510_s01_ldpc.json"
}