{
  "frame": 421,
  "slot": 11,
  "fg_idx": 419,
  "fg_mtime": 1764948395.8244617,
  "tx_idx": 842,
  "tx_mtime": 1764948395.8234618,
  "llr_idx": 419,
  "llr_mtime": 1764948395.8244617,
  "rnti": 4660,
  "fullgrid_file": "f0421_s11_fullgrid_idx000419.bin",
  "txbits_file": "f0421_s11_txbits_idx000842_rnti04660.bin",
  "llr_file": "f0421_s11_llr_idx000419.bin",
  "ldpc_cfg_file": "f0421_s11_ldpc.json"
}