{
  "frame": 456,
  "slot": 11,
  "fg_idx": 489,
  "fg_mtime": 1764948395.9834557,
  "tx_idx": 912,
  "tx_mtime": 1764948395.9814558,
  "llr_idx": 489,
  "llr_mtime": 1764948395.9834557,
  "rnti": 4660,
  "fullgrid_file": "f0456_s11_fullgrid_idx000489.bin",
  "txbits_file": "f0456_s11_txbits_idx000912_rnti04660.bin",
  "llr_file": "f0456_s11_llr_idx000489.bin",
  "ldpc_cfg_file": "f0456_s11_ldpc.json"
}