{
  "frame": 672,
  "slot": 11,
  "fg_idx": 921,
  "fg_mtime": 1764948396.9534185,
  "tx_idx": 1344,
  "tx_mtime": 1764948396.9524186,
  "llr_idx": 921,
  "llr_mtime": 1764948396.9534185,
  "rnti": 4660,
  "fullgrid_file": "f0672_s11_fullgrid_idx000921.bin",
  "txbits_file": "f0672_s11_txbits_idx001344_rnti04660.bin",
  "llr_file": "f0672_s11_llr_idx000921.bin",
  "ldpc_cfg_file": "f0672_s11_ldpc.json"
}