{
  "frame": 496,
  "slot": 11,
  "fg_idx": 569,
  "fg_mtime": 1764948396.1654487,
  "tx_idx": 992,
  "tx_mtime": 1764948396.1644487,
  "llr_idx": 569,
  "llr_mtime": 1764948396.1664486,
  "rnti": 4660,
  "fullgrid_file": "f0496_s11_fullgrid_idx000569.bin",
  "txbits_file": "f0496_s11_txbits_idx000992_rnti04660.bin",
  "llr_file": "f0496_s11_llr_idx000569.bin",
  "ldpc_cfg_file": "f0496_s11_ldpc.json"
}