{
  "frame": 987,
  "slot": 11,
  "fg_idx": 1551,
  "fg_mtime": 1764948398.4143624,
  "tx_idx": 1974,
  "tx_mtime": 1764948398.4133625,
  "llr_idx": 1551,
  "llr_mtime": 1764948398.4153624,
  "rnti": 4660,
  "fullgrid_file": "f0987_s11_fullgrid_idx001551.bin",
  "txbits_file": "f0987_s11_txbits_idx001974_rnti04660.bin",
  "llr_file": "f0987_s11_llr_idx001551.bin",
  "ldpc_cfg_file": "f0987_s11_ldpc.json"
}