{
  "frame": 951,
  "slot": 1,
  "fg_idx": 1478,
  "fg_mtime": 1764948398.2343693,
  "tx_idx": 1901,
  "tx_mtime": 1764948398.2333694,
  "llr_idx": 1478,
  "llr_mtime": 1764948398.2353694,
  "rnti": 4660,
  "fullgrid_file": "f0951_s01_fullgrid_idx001478.bin",
  "txbits_file": "f0951_s01_txbits_idx001901_rnti04660.bin",
  "llr_file": "f0951_s01_llr_idx001478.bin",
  "ldpc_cfg_file": "f0951_s01_ldpc.json"
}