{
  "frame": 495,
  "slot": 11,
  "fg_idx": 567,
  "fg_mtime": 1764948396.1604488,
  "tx_idx": 990,
  "tx_mtime": 1764948396.158449,
  "llr_idx": 567,
  "llr_mtime": 1764948396.1604488,
  "rnti": 4660,
  "fullgrid_file": "f0495_s11_fullgrid_idx000567.bin",
  "txbits_file": "f0495_s11_txbits_idx000990_rnti04660.bin",
  "llr_file": "f0495_s11_llr_idx000567.bin",
  "ldpc_cfg_file": "f0495_s11_ldpc.json"
}