{
  "frame": 759,
  "slot": 1,
  "fg_idx": 1094,
  "fg_mtime": 1764948397.3414035,
  "tx_idx": 1517,
  "tx_mtime": 1764948397.3394036,
  "llr_idx": 1094,
  "llr_mtime": 1764948397.3414035,
  "rnti": 4660,
  "fullgrid_file": "f0759_s01_fullgrid_idx001094.bin",
  "txbits_file": "f0759_s01_txbits_idx001517_rnti04660.bin",
  "llr_file": "f0759_s01_llr_idx001094.bin",
  "ldpc_cfg_file": "f0759_s01_ldpc.json"
}