{
  "frame": 746,
  "slot": 11,
  "fg_idx": 1069,
  "fg_mtime": 1764948397.2824059,
  "tx_idx": 1492,
  "tx_mtime": 1764948397.281406,
  "llr_idx": 1069,
  "llr_mtime": 1764948397.2834058,
  "rnti": 4660,
  "fullgrid_file": "f0746_s11_fullgrid_idx001069.bin",
  "txbits_file": "f0746_s11_txbits_idx001492_rnti04660.bin",
  "llr_file": "f0746_s11_llr_idx001069.bin",
  "ldpc_cfg_file": "f0746_s11_ldpc.json"
}