{
  "frame": 451,
  "slot": 1,
  "fg_idx": 478,
  "fg_mtime": 1764948395.9574566,
  "tx_idx": 901,
  "tx_mtime": 1764948395.9564567,
  "llr_idx": 478,
  "llr_mtime": 1764948395.9574566,
  "rnti": 4660,
  "fullgrid_file": "f0451_s01_fullgrid_idx000478.bin",
  "txbits_file": "f0451_s01_txbits_idx000901_rnti04660.bin",
  "llr_file": "f0451_s01_llr_idx000478.bin",
  "ldpc_cfg_file": "f0451_s01_ldpc.json"
}