{
  "frame": 459,
  "slot": 1,
  "fg_idx": 494,
  "fg_mtime": 1764948395.9934554,
  "tx_idx": 917,
  "tx_mtime": 1764948395.9924552,
  "llr_idx": 494,
  "llr_mtime": 1764948395.9944553,
  "rnti": 4660,
  "fullgrid_file": "f0459_s01_fullgrid_idx000494.bin",
  "txbits_file": "f0459_s01_txbits_idx000917_rnti04660.bin",
  "llr_file": "f0459_s01_llr_idx000494.bin",
  "ldpc_cfg_file": "f0459_s01_ldpc.json"
}