{
  "frame": 764,
  "slot": 1,
  "fg_idx": 1104,
  "fg_mtime": 1764948397.3634026,
  "tx_idx": 1527,
  "tx_mtime": 1764948397.3624027,
  "llr_idx": 1104,
  "llr_mtime": 1764948397.3644028,
  "rnti": 4660,
  "fullgrid_file": "f0764_s01_fullgrid_idx001104.bin",
  "txbits_file": "f0764_s01_txbits_idx001527_rnti04660.bin",
  "llr_file": "f0764_s01_llr_idx001104.bin",
  "ldpc_cfg_file": "f0764_s01_ldpc.json"
}