{
  "frame": 478,
  "slot": 11,
  "fg_idx": 533,
  "fg_mtime": 1764948396.0834517,
  "tx_idx": 956,
  "tx_mtime": 1764948396.0824518,
  "llr_idx": 533,
  "llr_mtime": 1764948396.084452,
  "rnti": 4660,
  "fullgrid_file": "f0478_s11_fullgrid_idx000533.bin",
  "txbits_file": "f0478_s11_txbits_idx000956_rnti04660.bin",
  "llr_file": "f0478_s11_llr_idx000533.bin",
  "ldpc_cfg_file": "f0478_s11_ldpc.json"
}