{
  "frame": 495,
  "slot": 1,
  "fg_idx": 566,
  "fg_mtime": 1764948396.158449,
  "tx_idx": 989,
  "tx_mtime": 1764948396.156449,
  "llr_idx": 566,
  "llr_mtime": 1764948396.158449,
  "rnti": 4660,
  "fullgrid_file": "f0495_s01_fullgrid_idx000566.bin",
  "txbits_file": "f0495_s01_txbits_idx000989_rnti04660.bin",
  "llr_file": "f0495_s01_llr_idx000566.bin",
  "ldpc_cfg_file": "f0495_s01_ldpc.json"
}