{
  "frame": 451,
  "slot": 11,
  "fg_idx": 479,
  "fg_mtime": 1764948395.9594567,
  "tx_idx": 902,
  "tx_mtime": 1764948395.9584568,
  "llr_idx": 479,
  "llr_mtime": 1764948395.9594567,
  "rnti": 4660,
  "fullgrid_file": "f0451_s11_fullgrid_idx000479.bin",
  "txbits_file": "f0451_s11_txbits_idx000902_rnti04660.bin",
  "llr_file": "f0451_s11_llr_idx000479.bin",
  "ldpc_cfg_file": "f0451_s11_ldpc.json"
}