{
  "frame": 736,
  "slot": 1,
  "fg_idx": 1048,
  "fg_mtime": 1764948397.2354076,
  "tx_idx": 1471,
  "tx_mtime": 1764948397.2344077,
  "llr_idx": 1048,
  "llr_mtime": 1764948397.2354076,
  "rnti": 4660,
  "fullgrid_file": "f0736_s01_fullgrid_idx001048.bin",
  "txbits_file": "f0736_s01_txbits_idx001471_rnti04660.bin",
  "llr_file": "f0736_s01_llr_idx001048.bin",
  "ldpc_cfg_file": "f0736_s01_ldpc.json"
}