{
  "frame": 489,
  "slot": 11,
  "fg_idx": 555,
  "fg_mtime": 1764948396.1324499,
  "tx_idx": 978,
  "tx_mtime": 1764948396.13145,
  "llr_idx": 555,
  "llr_mtime": 1764948396.1324499,
  "rnti": 4660,
  "fullgrid_file": "f0489_s11_fullgrid_idx000555.bin",
  "txbits_file": "f0489_s11_txbits_idx000978_rnti04660.bin",
  "llr_file": "f0489_s11_llr_idx000555.bin",
  "ldpc_cfg_file": "f0489_s11_ldpc.json"
}