{
  "frame": 883,
  "slot": 11,
  "fg_idx": 1343,
  "fg_mtime": 1764948397.9173815,
  "tx_idx": 1766,
  "tx_mtime": 1764948397.9163816,
  "llr_idx": 1343,
  "llr_mtime": 1764948397.9183815,
  "rnti": 4660,
  "fullgrid_file": "f0883_s11_fullgrid_idx001343.bin",
  "txbits_file": "f0883_s11_txbits_idx001766_rnti04660.bin",
  "llr_file": "f0883_s11_llr_idx001343.bin",
  "ldpc_cfg_file": "f0883_s11_ldpc.json"
}