{
  "frame": 816,
  "slot": 1,
  "fg_idx": 1208,
  "fg_mtime": 1764948397.6073933,
  "tx_idx": 1631,
  "tx_mtime": 1764948397.6063933,
  "llr_idx": 1208,
  "llr_mtime": 1764948397.6073933,
  "rnti": 4660,
  "fullgrid_file": "f0816_s01_fullgrid_idx001208.bin",
  "txbits_file": "f0816_s01_txbits_idx001631_rnti04660.bin",
  "llr_file": "f0816_s01_llr_idx001208.bin",
  "ldpc_cfg_file": "f0816_s01_ldpc.json"
}