{
  "frame": 789,
  "slot": 11,
  "fg_idx": 1155,
  "fg_mtime": 1764948397.4823983,
  "tx_idx": 1578,
  "tx_mtime": 1764948397.481398,
  "llr_idx": 1155,
  "llr_mtime": 1764948397.4833982,
  "rnti": 4660,
  "fullgrid_file": "f0789_s11_fullgrid_idx001155.bin",
  "txbits_file": "f0789_s11_txbits_idx001578_rnti04660.bin",
  "llr_file": "f0789_s11_llr_idx001155.bin",
  "ldpc_cfg_file": "f0789_s11_ldpc.json"
}