{
  "frame": 817,
  "slot": 11,
  "fg_idx": 1211,
  "fg_mtime": 1764948397.614393,
  "tx_idx": 1634,
  "tx_mtime": 1764948397.6123931,
  "llr_idx": 1211,
  "llr_mtime": 1764948397.614393,
  "rnti": 4660,
  "fullgrid_file": "f0817_s11_fullgrid_idx001211.bin",
  "txbits_file": "f0817_s11_txbits_idx001634_rnti04660.bin",
  "llr_file": "f0817_s11_llr_idx001211.bin",
  "ldpc_cfg_file": "f0817_s11_ldpc.json"
}