{
  "frame": 808,
  "slot": 1,
  "fg_idx": 1192,
  "fg_mtime": 1764948397.5693948,
  "tx_idx": 1615,
  "tx_mtime": 1764948397.567395,
  "llr_idx": 1192,
  "llr_mtime": 1764948397.5703948,
  "rnti": 4660,
  "fullgrid_file": "f0808_s01_fullgrid_idx001192.bin",
  "txbits_file": "f0808_s01_txbits_idx001615_rnti04660.bin",
  "llr_file": "f0808_s01_llr_idx001192.bin",
  "ldpc_cfg_file": "f0808_s01_ldpc.json"
}