{
  "frame": 729,
  "slot": 1,
  "fg_idx": 1034,
  "fg_mtime": 1764948397.203409,
  "tx_idx": 1457,
  "tx_mtime": 1764948397.2024088,
  "llr_idx": 1034,
  "llr_mtime": 1764948397.204409,
  "rnti": 4660,
  "fullgrid_file": "f0729_s01_fullgrid_idx001034.bin",
  "txbits_file": "f0729_s01_txbits_idx001457_rnti04660.bin",
  "llr_file": "f0729_s01_llr_idx001034.bin",
  "ldpc_cfg_file": "f0729_s01_ldpc.json"
}