{
  "frame": 565,
  "slot": 1,
  "fg_idx": 706,
  "fg_mtime": 1764948396.4964359,
  "tx_idx": 1129,
  "tx_mtime": 1764948396.494436,
  "llr_idx": 706,
  "llr_mtime": 1764948396.4964359,
  "rnti": 4660,
  "fullgrid_file": "f0565_s01_fullgrid_idx000706.bin",
  "txbits_file": "f0565_s01_txbits_idx001129_rnti04660.bin",
  "llr_file": "f0565_s01_llr_idx000706.bin",
  "ldpc_cfg_file": "f0565_s01_ldpc.json"
}