{
  "frame": 977,
  "slot": 11,
  "fg_idx": 1531,
  "fg_mtime": 1764948398.3633645,
  "tx_idx": 1954,
  "tx_mtime": 1764948398.3623645,
  "llr_idx": 1531,
  "llr_mtime": 1764948398.3643644,
  "rnti": 4660,
  "fullgrid_file": "f0977_s11_fullgrid_idx001531.bin",
  "txbits_file": "f0977_s11_txbits_idx001954_rnti04660.bin",
  "llr_file": "f0977_s11_llr_idx001531.bin",
  "ldpc_cfg_file": "f0977_s11_ldpc.json"
}