{
  "frame": 659,
  "slot": 1,
  "fg_idx": 894,
  "fg_mtime": 1764948396.8954206,
  "tx_idx": 1317,
  "tx_mtime": 1764948396.8944206,
  "llr_idx": 894,
  "llr_mtime": 1764948396.8954206,
  "rnti": 4660,
  "fullgrid_file": "f0659_s01_fullgrid_idx000894.bin",
  "txbits_file": "f0659_s01_txbits_idx001317_rnti04660.bin",
  "llr_file": "f0659_s01_llr_idx000894.bin",
  "ldpc_cfg_file": "f0659_s01_ldpc.json"
}