{
  "frame": 662,
  "slot": 1,
  "fg_idx": 900,
  "fg_mtime": 1764948396.90842,
  "tx_idx": 1323,
  "tx_mtime": 1764948396.9074202,
  "llr_idx": 900,
  "llr_mtime": 1764948396.90842,
  "rnti": 4660,
  "fullgrid_file": "f0662_s01_fullgrid_idx000900.bin",
  "txbits_file": "f0662_s01_txbits_idx001323_rnti04660.bin",
  "llr_file": "f0662_s01_llr_idx000900.bin",
  "ldpc_cfg_file": "f0662_s01_ldpc.json"
}