{
  "frame": 914,
  "slot": 11,
  "fg_idx": 1405,
  "fg_mtime": 1764948398.062376,
  "tx_idx": 1828,
  "tx_mtime": 1764948398.060376,
  "llr_idx": 1405,
  "llr_mtime": 1764948398.062376,
  "rnti": 4660,
  "fullgrid_file": "f0914_s11_fullgrid_idx001405.bin",
  "txbits_file": "f0914_s11_txbits_idx001828_rnti04660.bin",
  "llr_file": "f0914_s11_llr_idx001405.bin",
  "ldpc_cfg_file": "f0914_s11_ldpc.json"
}