{
  "frame": 741,
  "slot": 11,
  "fg_idx": 1059,
  "fg_mtime": 1764948397.2594068,
  "tx_idx": 1482,
  "tx_mtime": 1764948397.2574067,
  "llr_idx": 1059,
  "llr_mtime": 1764948397.2594068,
  "rnti": 4660,
  "fullgrid_file": "f0741_s11_fullgrid_idx001059.bin",
  "txbits_file": "f0741_s11_txbits_idx001482_rnti04660.bin",
  "llr_file": "f0741_s11_llr_idx001059.bin",
  "ldpc_cfg_file": "f0741_s11_ldpc.json"
}