{
  "frame": 467,
  "slot": 11,
  "fg_idx": 511,
  "fg_mtime": 1764948396.0324538,
  "tx_idx": 934,
  "tx_mtime": 1764948396.0314538,
  "llr_idx": 511,
  "llr_mtime": 1764948396.0334537,
  "rnti": 4660,
  "fullgrid_file": "f0467_s11_fullgrid_idx000511.bin",
  "txbits_file": "f0467_s11_txbits_idx000934_rnti04660.bin",
  "llr_file": "f0467_s11_llr_idx000511.bin",
  "ldpc_cfg_file": "f0467_s11_ldpc.json"
}