{
  "frame": 466,
  "slot": 11,
  "fg_idx": 509,
  "fg_mtime": 1764948396.027454,
  "tx_idx": 932,
  "tx_mtime": 1764948396.026454,
  "llr_idx": 509,
  "llr_mtime": 1764948396.028454,
  "rnti": 4660,
  "fullgrid_file": "f0466_s11_fullgrid_idx000509.bin",
  "txbits_file": "f0466_s11_txbits_idx000932_rnti04660.bin",
  "llr_file": "f0466_s11_llr_idx000509.bin",
  "ldpc_cfg_file": "f0466_s11_ldpc.json"
}