{
  "frame": 607,
  "slot": 11,
  "fg_idx": 791,
  "fg_mtime": 1764948396.676429,
  "tx_idx": 1214,
  "tx_mtime": 1764948396.675429,
  "llr_idx": 791,
  "llr_mtime": 1764948396.676429,
  "rnti": 4660,
  "fullgrid_file": "f0607_s11_fullgrid_idx000791.bin",
  "txbits_file": "f0607_s11_txbits_idx001214_rnti04660.bin",
  "llr_file": "f0607_s11_llr_idx000791.bin",
  "ldpc_cfg_file": "f0607_s11_ldpc.json"
}