{
  "frame": 827,
  "slot": 11,
  "fg_idx": 1231,
  "fg_mtime": 1764948397.6613913,
  "tx_idx": 1654,
  "tx_mtime": 1764948397.6593914,
  "llr_idx": 1231,
  "llr_mtime": 1764948397.6613913,
  "rnti": 4660,
  "fullgrid_file": "f0827_s11_fullgrid_idx001231.bin",
  "txbits_file": "f0827_s11_txbits_idx001654_rnti04660.bin",
  "llr_file": "f0827_s11_llr_idx001231.bin",
  "ldpc_cfg_file": "f0827_s11_ldpc.json"
}