{
  "frame": 837,
  "slot": 11,
  "fg_idx": 1251,
  "fg_mtime": 1764948397.7073896,
  "tx_idx": 1674,
  "tx_mtime": 1764948397.7053895,
  "llr_idx": 1251,
  "llr_mtime": 1764948397.7073896,
  "rnti": 4660,
  "fullgrid_file": "f0837_s11_fullgrid_idx001251.bin",
  "txbits_file": "f0837_s11_txbits_idx001674_rnti04660.bin",
  "llr_file": "f0837_s11_llr_idx001251.bin",
  "ldpc_cfg_file": "f0837_s11_ldpc.json"
}