{
  "frame": 529,
  "slot": 1,
  "fg_idx": 634,
  "fg_mtime": 1764948396.3224428,
  "tx_idx": 1057,
  "tx_mtime": 1764948396.3204427,
  "llr_idx": 634,
  "llr_mtime": 1764948396.3224428,
  "rnti": 4660,
  "fullgrid_file": "f0529_s01_fullgrid_idx000634.bin",
  "txbits_file": "f0529_s01_txbits_idx001057_rnti04660.bin",
  "llr_file": "f0529_s01_llr_idx000634.bin",
  "ldpc_cfg_file": "f0529_s01_ldpc.json"
}