{
  "frame": 925,
  "slot": 1,
  "fg_idx": 1426,
  "fg_mtime": 1764948398.1103742,
  "tx_idx": 1849,
  "tx_mtime": 1764948398.109374,
  "llr_idx": 1426,
  "llr_mtime": 1764948398.1113741,
  "rnti": 4660,
  "fullgrid_file": "f0925_s01_fullgrid_idx001426.bin",
  "txbits_file": "f0925_s01_txbits_idx001849_rnti04660.bin",
  "llr_file": "f0925_s01_llr_idx001426.bin",
  "ldpc_cfg_file": "f0925_s01_ldpc.json"
}