{
  "frame": 640,
  "slot": 11,
  "fg_idx": 857,
  "fg_mtime": 1764948396.8174236,
  "tx_idx": 1280,
  "tx_mtime": 1764948396.8154237,
  "llr_idx": 857,
  "llr_mtime": 1764948396.8174236,
  "rnti": 4660,
  "fullgrid_file": "f0640_s11_fullgrid_idx000857.bin",
  "txbits_file": "f0640_s11_txbits_idx001280_rnti04660.bin",
  "llr_file": "f0640_s11_llr_idx000857.bin",
  "ldpc_cfg_file": "f0640_s11_ldpc.json"
}