{
  "frame": 439,
  "slot": 11,
  "fg_idx": 455,
  "fg_mtime": 1764948395.9064586,
  "tx_idx": 878,
  "tx_mtime": 1764948395.9054587,
  "llr_idx": 455,
  "llr_mtime": 1764948395.9064586,
  "rnti": 4660,
  "fullgrid_file": "f0439_s11_fullgrid_idx000455.bin",
  "txbits_file": "f0439_s11_txbits_idx000878_rnti04660.bin",
  "llr_file": "f0439_s11_llr_idx000455.bin",
  "ldpc_cfg_file": "f0439_s11_ldpc.json"
}