{
  "frame": 672,
  "slot": 1,
  "fg_idx": 920,
  "fg_mtime": 1764948396.9514184,
  "tx_idx": 1343,
  "tx_mtime": 1764948396.9504185,
  "llr_idx": 920,
  "llr_mtime": 1764948396.9514184,
  "rnti": 4660,
  "fullgrid_file": "f0672_s01_fullgrid_idx000920.bin",
  "txbits_file": "f0672_s01_txbits_idx001343_rnti04660.bin",
  "llr_file": "f0672_s01_llr_idx000920.bin",
  "ldpc_cfg_file": "f0672_s01_ldpc.json"
}