{
  "frame": 546,
  "slot": 1,
  "fg_idx": 668,
  "fg_mtime": 1764948396.4134393,
  "tx_idx": 1091,
  "tx_mtime": 1764948396.4114392,
  "llr_idx": 668,
  "llr_mtime": 1764948396.4134393,
  "rnti": 4660,
  "fullgrid_file": "f0546_s01_fullgrid_idx000668.bin",
  "txbits_file": "f0546_s01_txbits_idx001091_rnti04660.bin",
  "llr_file": "f0546_s01_llr_idx000668.bin",
  "ldpc_cfg_file": "f0546_s01_ldpc.json"
}