{
  "frame": 645,
  "slot": 1,
  "fg_idx": 866,
  "fg_mtime": 1764948396.836423,
  "tx_idx": 1289,
  "tx_mtime": 1764948396.834423,
  "llr_idx": 866,
  "llr_mtime": 1764948396.836423,
  "rnti": 4660,
  "fullgrid_file": "f0645_s01_fullgrid_idx000866.bin",
  "txbits_file": "f0645_s01_txbits_idx001289_rnti04660.bin",
  "llr_file": "f0645_s01_llr_idx000866.bin",
  "ldpc_cfg_file": "f0645_s01_ldpc.json"
}