{
  "frame": 509,
  "slot": 11,
  "fg_idx": 595,
  "fg_mtime": 1764948396.2254465,
  "tx_idx": 1018,
  "tx_mtime": 1764948396.2234464,
  "llr_idx": 595,
  "llr_mtime": 1764948396.2254465,
  "rnti": 4660,
  "fullgrid_file": "f0509_s11_fullgrid_idx000595.bin",
  "txbits_file": "f0509_s11_txbits_idx001018_rnti04660.bin",
  "llr_file": "f0509_s11_llr_idx000595.bin",
  "ldpc_cfg_file": "f0509_s11_ldpc.json"
}