{
  "frame": 308,
  "slot": 11,
  "fg_idx": 193,
  "fg_mtime": 1764948395.305482,
  "tx_idx": 616,
  "tx_mtime": 1764948395.3034818,
  "llr_idx": 193,
  "llr_mtime": 1764948395.305482,
  "rnti": 4660,
  "fullgrid_file": "f0308_s11_fullgrid_idx000193.bin",
  "txbits_file": "f0308_s11_txbits_idx000616_rnti04660.bin",
  "llr_file": "f0308_s11_llr_idx000193.bin",
  "ldpc_cfg_file": "f0308_s11_ldpc.json"
}