{
  "frame": 314,
  "slot": 11,
  "fg_idx": 205,
  "fg_mtime": 1764948395.3334808,
  "tx_idx": 628,
  "tx_mtime": 1764948395.3314807,
  "llr_idx": 205,
  "llr_mtime": 1764948395.3334808,
  "rnti": 4660,
  "fullgrid_file": "f0314_s11_fullgrid_idx000205.bin",
  "txbits_file": "f0314_s11_txbits_idx000628_rnti04660.bin",
  "llr_file": "f0314_s11_llr_idx000205.bin",
  "ldpc_cfg_file": "f0314_s11_ldpc.json"
}