{
  "frame": 442,
  "slot": 1,
  "fg_idx": 460,
  "fg_mtime": 1764948395.9174583,
  "tx_idx": 883,
  "tx_mtime": 1764948395.9154582,
  "llr_idx": 460,
  "llr_mtime": 1764948395.9174583,
  "rnti": 4660,
  "fullgrid_file": "f0442_s01_fullgrid_idx000460.bin",
  "txbits_file": "f0442_s01_txbits_idx000883_rnti04660.bin",
  "llr_file": "f0442_s01_llr_idx000460.bin",
  "ldpc_cfg_file": "f0442_s01_ldpc.json"
}