{
  "frame": 460,
  "slot": 1,
  "fg_idx": 496,
  "fg_mtime": 1764948395.998455,
  "tx_idx": 919,
  "tx_mtime": 1764948395.9974551,
  "llr_idx": 496,
  "llr_mtime": 1764948395.998455,
  "rnti": 4660,
  "fullgrid_file": "f0460_s01_fullgrid_idx000496.bin",
  "txbits_file": "f0460_s01_txbits_idx000919_rnti04660.bin",
  "llr_file": "f0460_s01_llr_idx000496.bin",
  "ldpc_cfg_file": "f0460_s01_ldpc.json"
}