{
  "frame": 798,
  "slot": 11,
  "fg_idx": 1173,
  "fg_mtime": 1764948397.5243967,
  "tx_idx": 1596,
  "tx_mtime": 1764948397.5233965,
  "llr_idx": 1173,
  "llr_mtime": 1764948397.5253966,
  "rnti": 4660,
  "fullgrid_file": "f0798_s11_fullgrid_idx001173.bin",
  "txbits_file": "f0798_s11_txbits_idx001596_rnti04660.bin",
  "llr_file": "f0798_s11_llr_idx001173.bin",
  "ldpc_cfg_file": "f0798_s11_ldpc.json"
}