{
  "frame": 852,
  "slot": 1,
  "fg_idx": 1280,
  "fg_mtime": 1764948397.774387,
  "tx_idx": 1703,
  "tx_mtime": 1764948397.772387,
  "llr_idx": 1280,
  "llr_mtime": 1764948397.774387,
  "rnti": 4660,
  "fullgrid_file": "f0852_s01_fullgrid_idx001280.bin",
  "txbits_file": "f0852_s01_txbits_idx001703_rnti04660.bin",
  "llr_file": "f0852_s01_llr_idx001280.bin",
  "ldpc_cfg_file": "f0852_s01_ldpc.json"
}