{
  "frame": 263,
  "slot": 11,
  "fg_idx": 103,
  "fg_mtime": 1764948395.1054895,
  "tx_idx": 526,
  "tx_mtime": 1764948395.1044896,
  "llr_idx": 103,
  "llr_mtime": 1764948395.1054895,
  "rnti": 4660,
  "fullgrid_file": "f0263_s11_fullgrid_idx000103.bin",
  "txbits_file": "f0263_s11_txbits_idx000526_rnti04660.bin",
  "llr_file": "f0263_s11_llr_idx000103.bin",
  "ldpc_cfg_file": "f0263_s11_ldpc.json"
}