{
  "frame": 398,
  "slot": 11,
  "fg_idx": 373,
  "fg_mtime": 1764948395.7184658,
  "tx_idx": 796,
  "tx_mtime": 1764948395.716466,
  "llr_idx": 373,
  "llr_mtime": 1764948395.7184658,
  "rnti": 4660,
  "fullgrid_file": "f0398_s11_fullgrid_idx000373.bin",
  "txbits_file": "f0398_s11_txbits_idx000796_rnti04660.bin",
  "llr_file": "f0398_s11_llr_idx000373.bin",
  "ldpc_cfg_file": "f0398_s11_ldpc.json"
}