{
  "frame": 284,
  "slot": 1,
  "fg_idx": 144,
  "fg_mtime": 1764948395.1984859,
  "tx_idx": 567,
  "tx_mtime": 1764948395.197486,
  "llr_idx": 144,
  "llr_mtime": 1764948395.1994858,
  "rnti": 4660,
  "fullgrid_file": "f0284_s01_fullgrid_idx000144.bin",
  "txbits_file": "f0284_s01_txbits_idx000567_rnti04660.bin",
  "llr_file": "f0284_s01_llr_idx000144.bin",
  "ldpc_cfg_file": "f0284_s01_ldpc.json"
}