{
  "frame": 392,
  "slot": 1,
  "fg_idx": 360,
  "fg_mtime": 1764948395.688467,
  "tx_idx": 783,
  "tx_mtime": 1764948395.6864672,
  "llr_idx": 360,
  "llr_mtime": 1764948395.688467,
  "rnti": 4660,
  "fullgrid_file": "f0392_s01_fullgrid_idx000360.bin",
  "txbits_file": "f0392_s01_txbits_idx000783_rnti04660.bin",
  "llr_file": "f0392_s01_llr_idx000360.bin",
  "ldpc_cfg_file": "f0392_s01_ldpc.json"
}