{
  "frame": 951,
  "slot": 11,
  "fg_idx": 1479,
  "fg_mtime": 1764948398.2373693,
  "tx_idx": 1902,
  "tx_mtime": 1764948398.2363694,
  "llr_idx": 1479,
  "llr_mtime": 1764948398.2383692,
  "rnti": 4660,
  "fullgrid_file": "f0951_s11_fullgrid_idx001479.bin",
  "txbits_file": "f0951_s11_txbits_idx001902_rnti04660.bin",
  "llr_file": "f0951_s11_llr_idx001479.bin",
  "ldpc_cfg_file": "f0951_s11_ldpc.json"
}