{
  "frame": 787,
  "slot": 1,
  "fg_idx": 1150,
  "fg_mtime": 1764948397.4713986,
  "tx_idx": 1573,
  "tx_mtime": 1764948397.4693987,
  "llr_idx": 1150,
  "llr_mtime": 1764948397.4713986,
  "rnti": 4660,
  "fullgrid_file": "f0787_s01_fullgrid_idx001150.bin",
  "txbits_file": "f0787_s01_txbits_idx001573_rnti04660.bin",
  "llr_file": "f0787_s01_llr_idx001150.bin",
  "ldpc_cfg_file": "f0787_s01_ldpc.json"
}