{
  "frame": 553,
  "slot": 11,
  "fg_idx": 683,
  "fg_mtime": 1764948396.4474378,
  "tx_idx": 1106,
  "tx_mtime": 1764948396.445438,
  "llr_idx": 683,
  "llr_mtime": 1764948396.4474378,
  "rnti": 4660,
  "fullgrid_file": "f0553_s11_fullgrid_idx000683.bin",
  "txbits_file": "f0553_s11_txbits_idx001106_rnti04660.bin",
  "llr_file": "f0553_s11_llr_idx000683.bin",
  "ldpc_cfg_file": "f0553_s11_ldpc.json"
}