{
  "frame": 611,
  "slot": 1,
  "fg_idx": 798,
  "fg_mtime": 1764948396.6924284,
  "tx_idx": 1221,
  "tx_mtime": 1764948396.6904285,
  "llr_idx": 798,
  "llr_mtime": 1764948396.6934285,
  "rnti": 4660,
  "fullgrid_file": "f0611_s01_fullgrid_idx000798.bin",
  "txbits_file": "f0611_s01_txbits_idx001221_rnti04660.bin",
  "llr_file": "f0611_s01_llr_idx000798.bin",
  "ldpc_cfg_file": "f0611_s01_ldpc.json"
}