{
  "frame": 826,
  "slot": 1,
  "fg_idx": 1228,
  "fg_mtime": 1764948397.6543915,
  "tx_idx": 1651,
  "tx_mtime": 1764948397.6523917,
  "llr_idx": 1228,
  "llr_mtime": 1764948397.6543915,
  "rnti": 4660,
  "fullgrid_file": "f0826_s01_fullgrid_idx001228.bin",
  "txbits_file": "f0826_s01_txbits_idx001651_rnti04660.bin",
  "llr_file": "f0826_s01_llr_idx001228.bin",
  "ldpc_cfg_file": "f0826_s01_ldpc.json"
}