{
  "frame": 583,
  "slot": 11,
  "fg_idx": 743,
  "fg_mtime": 1764948396.575433,
  "tx_idx": 1166,
  "tx_mtime": 1764948396.573433,
  "llr_idx": 743,
  "llr_mtime": 1764948396.575433,
  "rnti": 4660,
  "fullgrid_file": "f0583_s11_fullgrid_idx000743.bin",
  "txbits_file": "f0583_s11_txbits_idx001166_rnti04660.bin",
  "llr_file": "f0583_s11_llr_idx000743.bin",
  "ldpc_cfg_file": "f0583_s11_ldpc.json"
}