{
  "frame": 731,
  "slot": 11,
  "fg_idx": 1039,
  "fg_mtime": 1764948397.2164083,
  "tx_idx": 1462,
  "tx_mtime": 1764948397.2144084,
  "llr_idx": 1039,
  "llr_mtime": 1764948397.2164083,
  "rnti": 4660,
  "fullgrid_file": "f0731_s11_fullgrid_idx001039.bin",
  "txbits_file": "f0731_s11_txbits_idx001462_rnti04660.bin",
  "llr_file": "f0731_s11_llr_idx001039.bin",
  "ldpc_cfg_file": "f0731_s11_ldpc.json"
}