{
  "frame": 453,
  "slot": 11,
  "fg_idx": 483,
  "fg_mtime": 1764948395.9684563,
  "tx_idx": 906,
  "tx_mtime": 1764948395.9674563,
  "llr_idx": 483,
  "llr_mtime": 1764948395.9684563,
  "rnti": 4660,
  "fullgrid_file": "f0453_s11_fullgrid_idx000483.bin",
  "txbits_file": "f0453_s11_txbits_idx000906_rnti04660.bin",
  "llr_file": "f0453_s11_llr_idx000483.bin",
  "ldpc_cfg_file": "f0453_s11_ldpc.json"
}