{
  "frame": 831,
  "slot": 11,
  "fg_idx": 1239,
  "fg_mtime": 1764948397.6793907,
  "tx_idx": 1662,
  "tx_mtime": 1764948397.6783907,
  "llr_idx": 1239,
  "llr_mtime": 1764948397.6793907,
  "rnti": 4660,
  "fullgrid_file": "f0831_s11_fullgrid_idx001239.bin",
  "txbits_file": "f0831_s11_txbits_idx001662_rnti04660.bin",
  "llr_file": "f0831_s11_llr_idx001239.bin",
  "ldpc_cfg_file": "f0831_s11_ldpc.json"
}