{
  "frame": 991,
  "slot": 1,
  "fg_idx": 1558,
  "fg_mtime": 1764948398.431362,
  "tx_idx": 1981,
  "tx_mtime": 1764948398.430362,
  "llr_idx": 1558,
  "llr_mtime": 1764948398.4323618,
  "rnti": 4660,
  "fullgrid_file": "f0991_s01_fullgrid_idx001558.bin",
  "txbits_file": "f0991_s01_txbits_idx001981_rnti04660.bin",
  "llr_file": "f0991_s01_llr_idx001558.bin",
  "ldpc_cfg_file": "f0991_s01_ldpc.json"
}