{
  "frame": 418,
  "slot": 1,
  "fg_idx": 412,
  "fg_mtime": 1764948395.8084624,
  "tx_idx": 835,
  "tx_mtime": 1764948395.8064625,
  "llr_idx": 412,
  "llr_mtime": 1764948395.8084624,
  "rnti": 4660,
  "fullgrid_file": "f0418_s01_fullgrid_idx000412.bin",
  "txbits_file": "f0418_s01_txbits_idx000835_rnti04660.bin",
  "llr_file": "f0418_s01_llr_idx000412.bin",
  "ldpc_cfg_file": "f0418_s01_ldpc.json"
}