{
  "frame": 386,
  "slot": 1,
  "fg_idx": 348,
  "fg_mtime": 1764948395.660468,
  "tx_idx": 771,
  "tx_mtime": 1764948395.6594682,
  "llr_idx": 348,
  "llr_mtime": 1764948395.661468,
  "rnti": 4660,
  "fullgrid_file": "f0386_s01_fullgrid_idx000348.bin",
  "txbits_file": "f0386_s01_txbits_idx000771_rnti04660.bin",
  "llr_file": "f0386_s01_llr_idx000348.bin",
  "ldpc_cfg_file": "f0386_s01_ldpc.json"
}