{
  "frame": 786,
  "slot": 1,
  "fg_idx": 1148,
  "fg_mtime": 1764948397.4673986,
  "tx_idx": 1571,
  "tx_mtime": 1764948397.4653988,
  "llr_idx": 1148,
  "llr_mtime": 1764948397.4673986,
  "rnti": 4660,
  "fullgrid_file": "f0786_s01_fullgrid_idx001148.bin",
  "txbits_file": "f0786_s01_txbits_idx001571_rnti04660.bin",
  "llr_file": "f0786_s01_llr_idx001148.bin",
  "ldpc_cfg_file": "f0786_s01_ldpc.json"
}