{
  "frame": 965,
  "slot": 11,
  "fg_idx": 1507,
  "fg_mtime": 1764948398.3033667,
  "tx_idx": 1930,
  "tx_mtime": 1764948398.3023667,
  "llr_idx": 1507,
  "llr_mtime": 1764948398.3043666,
  "rnti": 4660,
  "fullgrid_file": "f0965_s11_fullgrid_idx001507.bin",
  "txbits_file": "f0965_s11_txbits_idx001930_rnti04660.bin",
  "llr_file": "f0965_s11_llr_idx001507.bin",
  "ldpc_cfg_file": "f0965_s11_ldpc.json"
}