{
  "frame": 832,
  "slot": 11,
  "fg_idx": 1241,
  "fg_mtime": 1764948397.6843903,
  "tx_idx": 1664,
  "tx_mtime": 1764948397.6823905,
  "llr_idx": 1241,
  "llr_mtime": 1764948397.6843903,
  "rnti": 4660,
  "fullgrid_file": "f0832_s11_fullgrid_idx001241.bin",
  "txbits_file": "f0832_s11_txbits_idx001664_rnti04660.bin",
  "llr_file": "f0832_s11_llr_idx001241.bin",
  "ldpc_cfg_file": "f0832_s11_ldpc.json"
}