{
  "frame": 707,
  "slot": 1,
  "fg_idx": 990,
  "fg_mtime": 1764948397.1074126,
  "tx_idx": 1413,
  "tx_mtime": 1764948397.1054125,
  "llr_idx": 990,
  "llr_mtime": 1764948397.1074126,
  "rnti": 4660,
  "fullgrid_file": "f0707_s01_fullgrid_idx000990.bin",
  "txbits_file": "f0707_s01_txbits_idx001413_rnti04660.bin",
  "llr_file": "f0707_s01_llr_idx000990.bin",
  "ldpc_cfg_file": "f0707_s01_ldpc.json"
}