{
  "frame": 387,
  "slot": 11,
  "fg_idx": 351,
  "fg_mtime": 1764948395.6674678,
  "tx_idx": 774,
  "tx_mtime": 1764948395.666468,
  "llr_idx": 351,
  "llr_mtime": 1764948395.6684678,
  "rnti": 4660,
  "fullgrid_file": "f0387_s11_fullgrid_idx000351.bin",
  "txbits_file": "f0387_s11_txbits_idx000774_rnti04660.bin",
  "llr_file": "f0387_s11_llr_idx000351.bin",
  "ldpc_cfg_file": "f0387_s11_ldpc.json"
}