{
  "frame": 526,
  "slot": 1,
  "fg_idx": 628,
  "fg_mtime": 1764948396.3034434,
  "tx_idx": 1051,
  "tx_mtime": 1764948396.3014436,
  "llr_idx": 628,
  "llr_mtime": 1764948396.3034434,
  "rnti": 4660,
  "fullgrid_file": "f0526_s01_fullgrid_idx000628.bin",
  "txbits_file": "f0526_s01_txbits_idx001051_rnti04660.bin",
  "llr_file": "f0526_s01_llr_idx000628.bin",
  "ldpc_cfg_file": "f0526_s01_ldpc.json"
}