{
  "frame": 615,
  "slot": 11,
  "fg_idx": 807,
  "fg_mtime": 1764948396.7114277,
  "tx_idx": 1230,
  "tx_mtime": 1764948396.7094278,
  "llr_idx": 807,
  "llr_mtime": 1764948396.7114277,
  "rnti": 4660,
  "fullgrid_file": "f0615_s11_fullgrid_idx000807.bin",
  "txbits_file": "f0615_s11_txbits_idx001230_rnti04660.bin",
  "llr_file": "f0615_s11_llr_idx000807.bin",
  "ldpc_cfg_file": "f0615_s11_ldpc.json"
}