{
  "frame": 570,
  "slot": 1,
  "fg_idx": 716,
  "fg_mtime": 1764948396.517435,
  "tx_idx": 1139,
  "tx_mtime": 1764948396.5154352,
  "llr_idx": 716,
  "llr_mtime": 1764948396.517435,
  "rnti": 4660,
  "fullgrid_file": "f0570_s01_fullgrid_idx000716.bin",
  "txbits_file": "f0570_s01_txbits_idx001139_rnti04660.bin",
  "llr_file": "f0570_s01_llr_idx000716.bin",
  "ldpc_cfg_file": "f0570_s01_ldpc.json"
}