{
  "frame": 804,
  "slot": 1,
  "fg_idx": 1184,
  "fg_mtime": 1764948397.5503955,
  "tx_idx": 1607,
  "tx_mtime": 1764948397.5493956,
  "llr_idx": 1184,
  "llr_mtime": 1764948397.5513954,
  "rnti": 4660,
  "fullgrid_file": "f0804_s01_fullgrid_idx001184.bin",
  "txbits_file": "f0804_s01_txbits_idx001607_rnti04660.bin",
  "llr_file": "f0804_s01_llr_idx001184.bin",
  "ldpc_cfg_file": "f0804_s01_ldpc.json"
}