{
  "frame": 289,
  "slot": 11,
  "fg_idx": 155,
  "fg_mtime": 1764948395.223485,
  "tx_idx": 578,
  "tx_mtime": 1764948395.2214851,
  "llr_idx": 155,
  "llr_mtime": 1764948395.224485,
  "rnti": 4660,
  "fullgrid_file": "f0289_s11_fullgrid_idx000155.bin",
  "txbits_file": "f0289_s11_txbits_idx000578_rnti04660.bin",
  "llr_file": "f0289_s11_llr_idx000155.bin",
  "ldpc_cfg_file": "f0289_s11_ldpc.json"
}