{
  "frame": 407,
  "slot": 1,
  "fg_idx": 390,
  "fg_mtime": 1764948395.7574644,
  "tx_idx": 813,
  "tx_mtime": 1764948395.7554646,
  "llr_idx": 390,
  "llr_mtime": 1764948395.7574644,
  "rnti": 4660,
  "fullgrid_file": "f0407_s01_fullgrid_idx000390.bin",
  "txbits_file": "f0407_s01_txbits_idx000813_rnti04660.bin",
  "llr_file": "f0407_s01_llr_idx000390.bin",
  "ldpc_cfg_file": "f0407_s01_ldpc.json"
}