{
  "frame": 883,
  "slot": 1,
  "fg_idx": 1342,
  "fg_mtime": 1764948397.9163816,
  "tx_idx": 1765,
  "tx_mtime": 1764948397.9143815,
  "llr_idx": 1342,
  "llr_mtime": 1764948397.9163816,
  "rnti": 4660,
  "fullgrid_file": "f0883_s01_fullgrid_idx001342.bin",
  "txbits_file": "f0883_s01_txbits_idx001765_rnti04660.bin",
  "llr_file": "f0883_s01_llr_idx001342.bin",
  "ldpc_cfg_file": "f0883_s01_ldpc.json"
}