{
  "frame": 825,
  "slot": 1,
  "fg_idx": 1226,
  "fg_mtime": 1764948397.6493917,
  "tx_idx": 1649,
  "tx_mtime": 1764948397.6473918,
  "llr_idx": 1226,
  "llr_mtime": 1764948397.6493917,
  "rnti": 4660,
  "fullgrid_file": "f0825_s01_fullgrid_idx001226.bin",
  "txbits_file": "f0825_s01_txbits_idx001649_rnti04660.bin",
  "llr_file": "f0825_s01_llr_idx001226.bin",
  "ldpc_cfg_file": "f0825_s01_ldpc.json"
}