{
  "frame": 648,
  "slot": 11,
  "fg_idx": 873,
  "fg_mtime": 1764948396.8504224,
  "tx_idx": 1296,
  "tx_mtime": 1764948396.8484225,
  "llr_idx": 873,
  "llr_mtime": 1764948396.8504224,
  "rnti": 4660,
  "fullgrid_file": "f0648_s11_fullgrid_idx000873.bin",
  "txbits_file": "f0648_s11_txbits_idx001296_rnti04660.bin",
  "llr_file": "f0648_s11_llr_idx000873.bin",
  "ldpc_cfg_file": "f0648_s11_ldpc.json"
}