{
  "frame": 605,
  "slot": 11,
  "fg_idx": 787,
  "fg_mtime": 1764948396.6684294,
  "tx_idx": 1210,
  "tx_mtime": 1764948396.6664295,
  "llr_idx": 787,
  "llr_mtime": 1764948396.6684294,
  "rnti": 4660,
  "fullgrid_file": "f0605_s11_fullgrid_idx000787.bin",
  "txbits_file": "f0605_s11_txbits_idx001210_rnti04660.bin",
  "llr_file": "f0605_s11_llr_idx000787.bin",
  "ldpc_cfg_file": "f0605_s11_ldpc.json"
}