{
  "frame": 697,
  "slot": 1,
  "fg_idx": 970,
  "fg_mtime": 1764948397.0614142,
  "tx_idx": 1393,
  "tx_mtime": 1764948397.0604143,
  "llr_idx": 970,
  "llr_mtime": 1764948397.0624142,
  "rnti": 4660,
  "fullgrid_file": "f0697_s01_fullgrid_idx000970.bin",
  "txbits_file": "f0697_s01_txbits_idx001393_rnti04660.bin",
  "llr_file": "f0697_s01_llr_idx000970.bin",
  "ldpc_cfg_file": "f0697_s01_ldpc.json"
}