{
  "frame": 325,
  "slot": 1,
  "fg_idx": 226,
  "fg_mtime": 1764948395.3814788,
  "tx_idx": 649,
  "tx_mtime": 1764948395.379479,
  "llr_idx": 226,
  "llr_mtime": 1764948395.3814788,
  "rnti": 4660,
  "fullgrid_file": "f0325_s01_fullgrid_idx000226.bin",
  "txbits_file": "f0325_s01_txbits_idx000649_rnti04660.bin",
  "llr_file": "f0325_s01_llr_idx000226.bin",
  "ldpc_cfg_file": "f0325_s01_ldpc.json"
}