{
  "frame": 393,
  "slot": 1,
  "fg_idx": 362,
  "fg_mtime": 1764948395.692467,
  "tx_idx": 785,
  "tx_mtime": 1764948395.690467,
  "llr_idx": 362,
  "llr_mtime": 1764948395.692467,
  "rnti": 4660,
  "fullgrid_file": "f0393_s01_fullgrid_idx000362.bin",
  "txbits_file": "f0393_s01_txbits_idx000785_rnti04660.bin",
  "llr_file": "f0393_s01_llr_idx000362.bin",
  "ldpc_cfg_file": "f0393_s01_ldpc.json"
}