{
  "frame": 665,
  "slot": 1,
  "fg_idx": 906,
  "fg_mtime": 1764948396.9204197,
  "tx_idx": 1329,
  "tx_mtime": 1764948396.9194198,
  "llr_idx": 906,
  "llr_mtime": 1764948396.9214196,
  "rnti": 4660,
  "fullgrid_file": "f0665_s01_fullgrid_idx000906.bin",
  "txbits_file": "f0665_s01_txbits_idx001329_rnti04660.bin",
  "llr_file": "f0665_s01_llr_idx000906.bin",
  "ldpc_cfg_file": "f0665_s01_ldpc.json"
}