{
  "frame": 371,
  "slot": 1,
  "fg_idx": 318,
  "fg_mtime": 1764948395.5924706,
  "tx_idx": 741,
  "tx_mtime": 1764948395.5904708,
  "llr_idx": 318,
  "llr_mtime": 1764948395.5924706,
  "rnti": 4660,
  "fullgrid_file": "f0371_s01_fullgrid_idx000318.bin",
  "txbits_file": "f0371_s01_txbits_idx000741_rnti04660.bin",
  "llr_file": "f0371_s01_llr_idx000318.bin",
  "ldpc_cfg_file": "f0371_s01_ldpc.json"
}