{
  "frame": 546,
  "slot": 11,
  "fg_idx": 669,
  "fg_mtime": 1764948396.4154391,
  "tx_idx": 1092,
  "tx_mtime": 1764948396.4134393,
  "llr_idx": 669,
  "llr_mtime": 1764948396.4154391,
  "rnti": 4660,
  "fullgrid_file": "f0546_s11_fullgrid_idx000669.bin",
  "txbits_file": "f0546_s11_txbits_idx001092_rnti04660.bin",
  "llr_file": "f0546_s11_llr_idx000669.bin",
  "ldpc_cfg_file": "f0546_s11_ldpc.json"
}