{
  "frame": 897,
  "slot": 1,
  "fg_idx": 1370,
  "fg_mtime": 1764948397.981379,
  "tx_idx": 1793,
  "tx_mtime": 1764948397.9793792,
  "llr_idx": 1370,
  "llr_mtime": 1764948397.981379,
  "rnti": 4660,
  "fullgrid_file": "f0897_s01_fullgrid_idx001370.bin",
  "txbits_file": "f0897_s01_txbits_idx001793_rnti04660.bin",
  "llr_file": "f0897_s01_llr_idx001370.bin",
  "ldpc_cfg_file": "f0897_s01_ldpc.json"
}