{
  "frame": 909,
  "slot": 1,
  "fg_idx": 1394,
  "fg_mtime": 1764948398.0373769,
  "tx_idx": 1817,
  "tx_mtime": 1764948398.036377,
  "llr_idx": 1394,
  "llr_mtime": 1764948398.0373769,
  "rnti": 4660,
  "fullgrid_file": "f0909_s01_fullgrid_idx001394.bin",
  "txbits_file": "f0909_s01_txbits_idx001817_rnti04660.bin",
  "llr_file": "f0909_s01_llr_idx001394.bin",
  "ldpc_cfg_file": "f0909_s01_ldpc.json"
}