{
  "frame": 974,
  "slot": 11,
  "fg_idx": 1525,
  "fg_mtime": 1764948398.350365,
  "tx_idx": 1948,
  "tx_mtime": 1764948398.349365,
  "llr_idx": 1525,
  "llr_mtime": 1764948398.350365,
  "rnti": 4660,
  "fullgrid_file": "f0974_s11_fullgrid_idx001525.bin",
  "txbits_file": "f0974_s11_txbits_idx001948_rnti04660.bin",
  "llr_file": "f0974_s11_llr_idx001525.bin",
  "ldpc_cfg_file": "f0974_s11_ldpc.json"
}