{
  "frame": 956,
  "slot": 11,
  "fg_idx": 1489,
  "fg_mtime": 1764948398.2603683,
  "tx_idx": 1912,
  "tx_mtime": 1764948398.2593684,
  "llr_idx": 1489,
  "llr_mtime": 1764948398.2603683,
  "rnti": 4660,
  "fullgrid_file": "f0956_s11_fullgrid_idx001489.bin",
  "txbits_file": "f0956_s11_txbits_idx001912_rnti04660.bin",
  "llr_file": "f0956_s11_llr_idx001489.bin",
  "ldpc_cfg_file": "f0956_s11_ldpc.json"
}