{
  "frame": 810,
  "slot": 11,
  "fg_idx": 1197,
  "fg_mtime": 1764948397.5823944,
  "tx_idx": 1620,
  "tx_mtime": 1764948397.5803945,
  "llr_idx": 1197,
  "llr_mtime": 1764948397.5823944,
  "rnti": 4660,
  "fullgrid_file": "f0810_s11_fullgrid_idx001197.bin",
  "txbits_file": "f0810_s11_txbits_idx001620_rnti04660.bin",
  "llr_file": "f0810_s11_llr_idx001197.bin",
  "ldpc_cfg_file": "f0810_s11_ldpc.json"
}