{
  "frame": 893,
  "slot": 1,
  "fg_idx": 1362,
  "fg_mtime": 1764948397.9633796,
  "tx_idx": 1785,
  "tx_mtime": 1764948397.9613798,
  "llr_idx": 1362,
  "llr_mtime": 1764948397.9633796,
  "rnti": 4660,
  "fullgrid_file": "f0893_s01_fullgrid_idx001362.bin",
  "txbits_file": "f0893_s01_txbits_idx001785_rnti04660.bin",
  "llr_file": "f0893_s01_llr_idx001362.bin",
  "ldpc_cfg_file": "f0893_s01_ldpc.json"
}