{
  "frame": 649,
  "slot": 11,
  "fg_idx": 875,
  "fg_mtime": 1764948396.8544223,
  "tx_idx": 1298,
  "tx_mtime": 1764948396.8524222,
  "llr_idx": 875,
  "llr_mtime": 1764948396.8544223,
  "rnti": 4660,
  "fullgrid_file": "f0649_s11_fullgrid_idx000875.bin",
  "txbits_file": "f0649_s11_txbits_idx001298_rnti04660.bin",
  "llr_file": "f0649_s11_llr_idx000875.bin",
  "ldpc_cfg_file": "f0649_s11_ldpc.json"
}