{
  "frame": 689,
  "slot": 1,
  "fg_idx": 954,
  "fg_mtime": 1764948397.0284154,
  "tx_idx": 1377,
  "tx_mtime": 1764948397.0264156,
  "llr_idx": 954,
  "llr_mtime": 1764948397.0284154,
  "rnti": 4660,
  "fullgrid_file": "f0689_s01_fullgrid_idx000954.bin",
  "txbits_file": "f0689_s01_txbits_idx001377_rnti04660.bin",
  "llr_file": "f0689_s01_llr_idx000954.bin",
  "ldpc_cfg_file": "f0689_s01_ldpc.json"
}