{
  "frame": 344,
  "slot": 11,
  "fg_idx": 265,
  "fg_mtime": 1764948395.4714754,
  "tx_idx": 688,
  "tx_mtime": 1764948395.4694755,
  "llr_idx": 265,
  "llr_mtime": 1764948395.4714754,
  "rnti": 4660,
  "fullgrid_file": "f0344_s11_fullgrid_idx000265.bin",
  "txbits_file": "f0344_s11_txbits_idx000688_rnti04660.bin",
  "llr_file": "f0344_s11_llr_idx000265.bin",
  "ldpc_cfg_file": "f0344_s11_ldpc.json"
}