{
  "frame": 929,
  "slot": 11,
  "fg_idx": 1435,
  "fg_mtime": 1764948398.1313734,
  "tx_idx": 1858,
  "tx_mtime": 1764948398.1293733,
  "llr_idx": 1435,
  "llr_mtime": 1764948398.1313734,
  "rnti": 4660,
  "fullgrid_file": "f0929_s11_fullgrid_idx001435.bin",
  "txbits_file": "f0929_s11_txbits_idx001858_rnti04660.bin",
  "llr_file": "f0929_s11_llr_idx001435.bin",
  "ldpc_cfg_file": "f0929_s11_ldpc.json"
}