{
  "frame": 699,
  "slot": 11,
  "fg_idx": 975,
  "fg_mtime": 1764948397.0734138,
  "tx_idx": 1398,
  "tx_mtime": 1764948397.072414,
  "llr_idx": 975,
  "llr_mtime": 1764948397.0734138,
  "rnti": 4660,
  "fullgrid_file": "f0699_s11_fullgrid_idx000975.bin",
  "txbits_file": "f0699_s11_txbits_idx001398_rnti04660.bin",
  "llr_file": "f0699_s11_llr_idx000975.bin",
  "ldpc_cfg_file": "f0699_s11_ldpc.json"
}