{
  "frame": 563,
  "slot": 11,
  "fg_idx": 703,
  "fg_mtime": 1764948396.4894361,
  "tx_idx": 1126,
  "tx_mtime": 1764948396.4884362,
  "llr_idx": 703,
  "llr_mtime": 1764948396.4894361,
  "rnti": 4660,
  "fullgrid_file": "f0563_s11_fullgrid_idx000703.bin",
  "txbits_file": "f0563_s11_txbits_idx001126_rnti04660.bin",
  "llr_file": "f0563_s11_llr_idx000703.bin",
  "ldpc_cfg_file": "f0563_s11_ldpc.json"
}