{
  "frame": 518,
  "slot": 1,
  "fg_idx": 612,
  "fg_mtime": 1764948396.2654448,
  "tx_idx": 1035,
  "tx_mtime": 1764948396.2644448,
  "llr_idx": 612,
  "llr_mtime": 1764948396.266445,
  "rnti": 4660,
  "fullgrid_file": "f0518_s01_fullgrid_idx000612.bin",
  "txbits_file": "f0518_s01_txbits_idx001035_rnti04660.bin",
  "llr_file": "f0518_s01_llr_idx000612.bin",
  "ldpc_cfg_file": "f0518_s01_ldpc.json"
}