{
  "frame": 216,
  "slot": 11,
  "fg_idx": 9,
  "fg_mtime": 1764948394.9034972,
  "tx_idx": 432,
  "tx_mtime": 1764948394.9024973,
  "llr_idx": 9,
  "llr_mtime": 1764948394.9034972,
  "rnti": 4660,
  "fullgrid_file": "f0216_s11_fullgrid_idx000009.bin",
  "txbits_file": "f0216_s11_txbits_idx000432_rnti04660.bin",
  "llr_file": "f0216_s11_llr_idx000009.bin",
  "ldpc_cfg_file": "f0216_s11_ldpc.json"
}