{
  "frame": 642,
  "slot": 11,
  "fg_idx": 861,
  "fg_mtime": 1764948396.8254232,
  "tx_idx": 1284,
  "tx_mtime": 1764948396.8244233,
  "llr_idx": 861,
  "llr_mtime": 1764948396.8254232,
  "rnti": 4660,
  "fullgrid_file": "f0642_s11_fullgrid_idx000861.bin",
  "txbits_file": "f0642_s11_txbits_idx001284_rnti04660.bin",
  "llr_file": "f0642_s11_llr_idx000861.bin",
  "ldpc_cfg_file": "f0642_s11_ldpc.json"
}