{
  "frame": 911,
  "slot": 11,
  "fg_idx": 1399,
  "fg_mtime": 1764948398.0483766,
  "tx_idx": 1822,
  "tx_mtime": 1764948398.0473764,
  "llr_idx": 1399,
  "llr_mtime": 1764948398.0493765,
  "rnti": 4660,
  "fullgrid_file": "f0911_s11_fullgrid_idx001399.bin",
  "txbits_file": "f0911_s11_txbits_idx001822_rnti04660.bin",
  "llr_file": "f0911_s11_llr_idx001399.bin",
  "ldpc_cfg_file": "f0911_s11_ldpc.json"
}