{
  "frame": 803,
  "slot": 11,
  "fg_idx": 1183,
  "fg_mtime": 1764948397.5483956,
  "tx_idx": 1606,
  "tx_mtime": 1764948397.5463958,
  "llr_idx": 1183,
  "llr_mtime": 1764948397.5483956,
  "rnti": 4660,
  "fullgrid_file": "f0803_s11_fullgrid_idx001183.bin",
  "txbits_file": "f0803_s11_txbits_idx001606_rnti04660.bin",
  "llr_file": "f0803_s11_llr_idx001183.bin",
  "ldpc_cfg_file": "f0803_s11_ldpc.json"
}