{
  "frame": 625,
  "slot": 1,
  "fg_idx": 826,
  "fg_mtime": 1764948396.753426,
  "tx_idx": 1249,
  "tx_mtime": 1764948396.7514262,
  "llr_idx": 826,
  "llr_mtime": 1764948396.753426,
  "rnti": 4660,
  "fullgrid_file": "f0625_s01_fullgrid_idx000826.bin",
  "txbits_file": "f0625_s01_txbits_idx001249_rnti04660.bin",
  "llr_file": "f0625_s01_llr_idx000826.bin",
  "ldpc_cfg_file": "f0625_s01_ldpc.json"
}