{
  "frame": 773,
  "slot": 1,
  "fg_idx": 1122,
  "fg_mtime": 1764948397.405401,
  "tx_idx": 1545,
  "tx_mtime": 1764948397.4034011,
  "llr_idx": 1122,
  "llr_mtime": 1764948397.405401,
  "rnti": 4660,
  "fullgrid_file": "f0773_s01_fullgrid_idx001122.bin",
  "txbits_file": "f0773_s01_txbits_idx001545_rnti04660.bin",
  "llr_file": "f0773_s01_llr_idx001122.bin",
  "ldpc_cfg_file": "f0773_s01_ldpc.json"
}