{
  "frame": 700,
  "slot": 11,
  "fg_idx": 977,
  "fg_mtime": 1764948397.0784137,
  "tx_idx": 1400,
  "tx_mtime": 1764948397.0764136,
  "llr_idx": 977,
  "llr_mtime": 1764948397.0784137,
  "rnti": 4660,
  "fullgrid_file": "f0700_s11_fullgrid_idx000977.bin",
  "txbits_file": "f0700_s11_txbits_idx001400_rnti04660.bin",
  "llr_file": "f0700_s11_llr_idx000977.bin",
  "ldpc_cfg_file": "f0700_s11_ldpc.json"
}