{
  "frame": 261,
  "slot": 11,
  "fg_idx": 99,
  "fg_mtime": 1764948395.09649,
  "tx_idx": 522,
  "tx_mtime": 1764948395.0944898,
  "llr_idx": 99,
  "llr_mtime": 1764948395.09649,
  "rnti": 4660,
  "fullgrid_file": "f0261_s11_fullgrid_idx000099.bin",
  "txbits_file": "f0261_s11_txbits_idx000522_rnti04660.bin",
  "llr_file": "f0261_s11_llr_idx000099.bin",
  "ldpc_cfg_file": "f0261_s11_ldpc.json"
}