{
  "frame": 862,
  "slot": 1,
  "fg_idx": 1300,
  "fg_mtime": 1764948397.8183854,
  "tx_idx": 1723,
  "tx_mtime": 1764948397.8173854,
  "llr_idx": 1300,
  "llr_mtime": 1764948397.8193853,
  "rnti": 4660,
  "fullgrid_file": "f0862_s01_fullgrid_idx001300.bin",
  "txbits_file": "f0862_s01_txbits_idx001723_rnti04660.bin",
  "llr_file": "f0862_s01_llr_idx001300.bin",
  "ldpc_cfg_file": "f0862_s01_ldpc.json"
}