{
  "frame": 269,
  "slot": 11,
  "fg_idx": 115,
  "fg_mtime": 1764948395.1334884,
  "tx_idx": 538,
  "tx_mtime": 1764948395.1314886,
  "llr_idx": 115,
  "llr_mtime": 1764948395.1334884,
  "rnti": 4660,
  "fullgrid_file": "f0269_s11_fullgrid_idx000115.bin",
  "txbits_file": "f0269_s11_txbits_idx000538_rnti04660.bin",
  "llr_file": "f0269_s11_llr_idx000115.bin",
  "ldpc_cfg_file": "f0269_s11_ldpc.json"
}