{
  "frame": 730,
  "slot": 1,
  "fg_idx": 1036,
  "fg_mtime": 1764948397.2084086,
  "tx_idx": 1459,
  "tx_mtime": 1764948397.2074087,
  "llr_idx": 1036,
  "llr_mtime": 1764948397.2094085,
  "rnti": 4660,
  "fullgrid_file": "f0730_s01_fullgrid_idx001036.bin",
  "txbits_file": "f0730_s01_txbits_idx001459_rnti04660.bin",
  "llr_file": "f0730_s01_llr_idx001036.bin",
  "ldpc_cfg_file": "f0730_s01_ldpc.json"
}