{
  "frame": 214,
  "slot": 11,
  "fg_idx": 5,
  "fg_mtime": 1764948394.8954976,
  "tx_idx": 428,
  "tx_mtime": 1764948394.8944976,
  "llr_idx": 5,
  "llr_mtime": 1764948394.8964975,
  "rnti": 4660,
  "fullgrid_file": "f0214_s11_fullgrid_idx000005.bin",
  "txbits_file": "f0214_s11_txbits_idx000428_rnti04660.bin",
  "llr_file": "f0214_s11_llr_idx000005.bin",
  "ldpc_cfg_file": "f0214_s11_ldpc.json"
}