{
  "frame": 713,
  "slot": 11,
  "fg_idx": 1003,
  "fg_mtime": 1764948397.1354115,
  "tx_idx": 1426,
  "tx_mtime": 1764948397.1334114,
  "llr_idx": 1003,
  "llr_mtime": 1764948397.1354115,
  "rnti": 4660,
  "fullgrid_file": "f0713_s11_fullgrid_idx001003.bin",
  "txbits_file": "f0713_s11_txbits_idx001426_rnti04660.bin",
  "llr_file": "f0713_s11_llr_idx001003.bin",
  "ldpc_cfg_file": "f0713_s11_ldpc.json"
}