{
  "frame": 322,
  "slot": 11,
  "fg_idx": 221,
  "fg_mtime": 1764948395.3694794,
  "tx_idx": 644,
  "tx_mtime": 1764948395.3684793,
  "llr_idx": 221,
  "llr_mtime": 1764948395.3694794,
  "rnti": 4660,
  "fullgrid_file": "f0322_s11_fullgrid_idx000221.bin",
  "txbits_file": "f0322_s11_txbits_idx000644_rnti04660.bin",
  "llr_file": "f0322_s11_llr_idx000221.bin",
  "ldpc_cfg_file": "f0322_s11_ldpc.json"
}