{
  "frame": 702,
  "slot": 1,
  "fg_idx": 980,
  "fg_mtime": 1764948397.0854135,
  "tx_idx": 1403,
  "tx_mtime": 1764948397.0844133,
  "llr_idx": 980,
  "llr_mtime": 1764948397.0854135,
  "rnti": 4660,
  "fullgrid_file": "f0702_s01_fullgrid_idx000980.bin",
  "txbits_file": "f0702_s01_txbits_idx001403_rnti04660.bin",
  "llr_file": "f0702_s01_llr_idx000980.bin",
  "ldpc_cfg_file": "f0702_s01_ldpc.json"
}