{
  "frame": 765,
  "slot": 1,
  "fg_idx": 1106,
  "fg_mtime": 1764948397.3684025,
  "tx_idx": 1529,
  "tx_mtime": 1764948397.3664026,
  "llr_idx": 1106,
  "llr_mtime": 1764948397.3684025,
  "rnti": 4660,
  "fullgrid_file": "f0765_s01_fullgrid_idx001106.bin",
  "txbits_file": "f0765_s01_txbits_idx001529_rnti04660.bin",
  "llr_file": "f0765_s01_llr_idx001106.bin",
  "ldpc_cfg_file": "f0765_s01_ldpc.json"
}