{
  "frame": 541,
  "slot": 1,
  "fg_idx": 658,
  "fg_mtime": 1764948396.39244,
  "tx_idx": 1081,
  "tx_mtime": 1764948396.39144,
  "llr_idx": 658,
  "llr_mtime": 1764948396.39244,
  "rnti": 4660,
  "fullgrid_file": "f0541_s01_fullgrid_idx000658.bin",
  "txbits_file": "f0541_s01_txbits_idx001081_rnti04660.bin",
  "llr_file": "f0541_s01_llr_idx000658.bin",
  "ldpc_cfg_file": "f0541_s01_ldpc.json"
}