{
  "frame": 355,
  "slot": 1,
  "fg_idx": 286,
  "fg_mtime": 1764948395.5184736,
  "tx_idx": 709,
  "tx_mtime": 1764948395.5174737,
  "llr_idx": 286,
  "llr_mtime": 1764948395.5194736,
  "rnti": 4660,
  "fullgrid_file": "f0355_s01_fullgrid_idx000286.bin",
  "txbits_file": "f0355_s01_txbits_idx000709_rnti04660.bin",
  "llr_file": "f0355_s01_llr_idx000286.bin",
  "ldpc_cfg_file": "f0355_s01_ldpc.json"
}