{
  "frame": 694,
  "slot": 11,
  "fg_idx": 965,
  "fg_mtime": 1764948397.0514147,
  "tx_idx": 1388,
  "tx_mtime": 1764948397.0504148,
  "llr_idx": 965,
  "llr_mtime": 1764948397.0524147,
  "rnti": 4660,
  "fullgrid_file": "f0694_s11_fullgrid_idx000965.bin",
  "txbits_file": "f0694_s11_txbits_idx001388_rnti04660.bin",
  "llr_file": "f0694_s11_llr_idx000965.bin",
  "ldpc_cfg_file": "f0694_s11_ldpc.json"
}