{
  "frame": 859,
  "slot": 11,
  "fg_idx": 1295,
  "fg_mtime": 1764948397.8073857,
  "tx_idx": 1718,
  "tx_mtime": 1764948397.8053858,
  "llr_idx": 1295,
  "llr_mtime": 1764948397.8073857,
  "rnti": 4660,
  "fullgrid_file": "f0859_s11_fullgrid_idx001295.bin",
  "txbits_file": "f0859_s11_txbits_idx001718_rnti04660.bin",
  "llr_file": "f0859_s11_llr_idx001295.bin",
  "ldpc_cfg_file": "f0859_s11_ldpc.json"
}