{
  "frame": 473,
  "slot": 11,
  "fg_idx": 523,
  "fg_mtime": 1764948396.0604527,
  "tx_idx": 946,
  "tx_mtime": 1764948396.0584528,
  "llr_idx": 523,
  "llr_mtime": 1764948396.0604527,
  "rnti": 4660,
  "fullgrid_file": "f0473_s11_fullgrid_idx000523.bin",
  "txbits_file": "f0473_s11_txbits_idx000946_rnti04660.bin",
  "llr_file": "f0473_s11_llr_idx000523.bin",
  "ldpc_cfg_file": "f0473_s11_ldpc.json"
}