{
  "frame": 710,
  "slot": 11,
  "fg_idx": 997,
  "fg_mtime": 1764948397.122412,
  "tx_idx": 1420,
  "tx_mtime": 1764948397.120412,
  "llr_idx": 997,
  "llr_mtime": 1764948397.122412,
  "rnti": 4660,
  "fullgrid_file": "f0710_s11_fullgrid_idx000997.bin",
  "txbits_file": "f0710_s11_txbits_idx001420_rnti04660.bin",
  "llr_file": "f0710_s11_llr_idx000997.bin",
  "ldpc_cfg_file": "f0710_s11_ldpc.json"
}