{
  "frame": 856,
  "slot": 11,
  "fg_idx": 1289,
  "fg_mtime": 1764948397.7943861,
  "tx_idx": 1712,
  "tx_mtime": 1764948397.7933862,
  "llr_idx": 1289,
  "llr_mtime": 1764948397.795386,
  "rnti": 4660,
  "fullgrid_file": "f0856_s11_fullgrid_idx001289.bin",
  "txbits_file": "f0856_s11_txbits_idx001712_rnti04660.bin",
  "llr_file": "f0856_s11_llr_idx001289.bin",
  "ldpc_cfg_file": "f0856_s11_ldpc.json"
}