{
  "frame": 652,
  "slot": 11,
  "fg_idx": 881,
  "fg_mtime": 1764948396.8664217,
  "tx_idx": 1304,
  "tx_mtime": 1764948396.8654218,
  "llr_idx": 881,
  "llr_mtime": 1764948396.8674216,
  "rnti": 4660,
  "fullgrid_file": "f0652_s11_fullgrid_idx000881.bin",
  "txbits_file": "f0652_s11_txbits_idx001304_rnti04660.bin",
  "llr_file": "f0652_s11_llr_idx000881.bin",
  "ldpc_cfg_file": "f0652_s11_ldpc.json"
}