{
  "frame": 759,
  "slot": 11,
  "fg_idx": 1095,
  "fg_mtime": 1764948397.3434036,
  "tx_idx": 1518,
  "tx_mtime": 1764948397.3414035,
  "llr_idx": 1095,
  "llr_mtime": 1764948397.3434036,
  "rnti": 4660,
  "fullgrid_file": "f0759_s11_fullgrid_idx001095.bin",
  "txbits_file": "f0759_s11_txbits_idx001518_rnti04660.bin",
  "llr_file": "f0759_s11_llr_idx001095.bin",
  "ldpc_cfg_file": "f0759_s11_ldpc.json"
}