{
  "frame": 776,
  "slot": 11,
  "fg_idx": 1129,
  "fg_mtime": 1764948397.4224005,
  "tx_idx": 1552,
  "tx_mtime": 1764948397.4204006,
  "llr_idx": 1129,
  "llr_mtime": 1764948397.4224005,
  "rnti": 4660,
  "fullgrid_file": "f0776_s11_fullgrid_idx001129.bin",
  "txbits_file": "f0776_s11_txbits_idx001552_rnti04660.bin",
  "llr_file": "f0776_s11_llr_idx001129.bin",
  "ldpc_cfg_file": "f0776_s11_ldpc.json"
}