{
  "frame": 391,
  "slot": 11,
  "fg_idx": 359,
  "fg_mtime": 1764948395.6864672,
  "tx_idx": 782,
  "tx_mtime": 1764948395.6844673,
  "llr_idx": 359,
  "llr_mtime": 1764948395.6864672,
  "rnti": 4660,
  "fullgrid_file": "f0391_s11_fullgrid_idx000359.bin",
  "txbits_file": "f0391_s11_txbits_idx000782_rnti04660.bin",
  "llr_file": "f0391_s11_llr_idx000359.bin",
  "ldpc_cfg_file": "f0391_s11_ldpc.json"
}