{
  "frame": 324,
  "slot": 11,
  "fg_idx": 225,
  "fg_mtime": 1764948395.378479,
  "tx_idx": 648,
  "tx_mtime": 1764948395.3764791,
  "llr_idx": 225,
  "llr_mtime": 1764948395.378479,
  "rnti": 4660,
  "fullgrid_file": "f0324_s11_fullgrid_idx000225.bin",
  "txbits_file": "f0324_s11_txbits_idx000648_rnti04660.bin",
  "llr_file": "f0324_s11_llr_idx000225.bin",
  "ldpc_cfg_file": "f0324_s11_ldpc.json"
}