{
  "frame": 588,
  "slot": 1,
  "fg_idx": 752,
  "fg_mtime": 1764948396.594432,
  "tx_idx": 1175,
  "tx_mtime": 1764948396.5924323,
  "llr_idx": 752,
  "llr_mtime": 1764948396.594432,
  "rnti": 4660,
  "fullgrid_file": "f0588_s01_fullgrid_idx000752.bin",
  "txbits_file": "f0588_s01_txbits_idx001175_rnti04660.bin",
  "llr_file": "f0588_s01_llr_idx000752.bin",
  "ldpc_cfg_file": "f0588_s01_ldpc.json"
}