{
  "frame": 845,
  "slot": 1,
  "fg_idx": 1266,
  "fg_mtime": 1764948397.7423882,
  "tx_idx": 1689,
  "tx_mtime": 1764948397.7403882,
  "llr_idx": 1266,
  "llr_mtime": 1764948397.7423882,
  "rnti": 4660,
  "fullgrid_file": "f0845_s01_fullgrid_idx001266.bin",
  "txbits_file": "f0845_s01_txbits_idx001689_rnti04660.bin",
  "llr_file": "f0845_s01_llr_idx001266.bin",
  "ldpc_cfg_file": "f0845_s01_ldpc.json"
}