{
  "frame": 543,
  "slot": 1,
  "fg_idx": 662,
  "fg_mtime": 1764948396.4014397,
  "tx_idx": 1085,
  "tx_mtime": 1764948396.4004397,
  "llr_idx": 662,
  "llr_mtime": 1764948396.4014397,
  "rnti": 4660,
  "fullgrid_file": "f0543_s01_fullgrid_idx000662.bin",
  "txbits_file": "f0543_s01_txbits_idx001085_rnti04660.bin",
  "llr_file": "f0543_s01_llr_idx000662.bin",
  "ldpc_cfg_file": "f0543_s01_ldpc.json"
}