{
  "frame": 842,
  "slot": 11,
  "fg_idx": 1261,
  "fg_mtime": 1764948397.7313886,
  "tx_idx": 1684,
  "tx_mtime": 1764948397.7293887,
  "llr_idx": 1261,
  "llr_mtime": 1764948397.7313886,
  "rnti": 4660,
  "fullgrid_file": "f0842_s11_fullgrid_idx001261.bin",
  "txbits_file": "f0842_s11_txbits_idx001684_rnti04660.bin",
  "llr_file": "f0842_s11_llr_idx001261.bin",
  "ldpc_cfg_file": "f0842_s11_ldpc.json"
}