{
  "frame": 593,
  "slot": 1,
  "fg_idx": 762,
  "fg_mtime": 1764948396.6144314,
  "tx_idx": 1185,
  "tx_mtime": 1764948396.6124315,
  "llr_idx": 762,
  "llr_mtime": 1764948396.6144314,
  "rnti": 4660,
  "fullgrid_file": "f0593_s01_fullgrid_idx000762.bin",
  "txbits_file": "f0593_s01_txbits_idx001185_rnti04660.bin",
  "llr_file": "f0593_s01_llr_idx000762.bin",
  "ldpc_cfg_file": "f0593_s01_ldpc.json"
}