{
  "frame": 872,
  "slot": 1,
  "fg_idx": 1320,
  "fg_mtime": 1764948397.8663836,
  "tx_idx": 1743,
  "tx_mtime": 1764948397.8643835,
  "llr_idx": 1320,
  "llr_mtime": 1764948397.8663836,
  "rnti": 4660,
  "fullgrid_file": "f0872_s01_fullgrid_idx001320.bin",
  "txbits_file": "f0872_s01_txbits_idx001743_rnti04660.bin",
  "llr_file": "f0872_s01_llr_idx001320.bin",
  "ldpc_cfg_file": "f0872_s01_ldpc.json"
}