{
  "frame": 856,
  "slot": 1,
  "fg_idx": 1288,
  "fg_mtime": 1764948397.7923863,
  "tx_idx": 1711,
  "tx_mtime": 1764948397.7903864,
  "llr_idx": 1288,
  "llr_mtime": 1764948397.7933862,
  "rnti": 4660,
  "fullgrid_file": "f0856_s01_fullgrid_idx001288.bin",
  "txbits_file": "f0856_s01_txbits_idx001711_rnti04660.bin",
  "llr_file": "f0856_s01_llr_idx001288.bin",
  "ldpc_cfg_file": "f0856_s01_ldpc.json"
}