{
  "frame": 852,
  "slot": 11,
  "fg_idx": 1281,
  "fg_mtime": 1764948397.776387,
  "tx_idx": 1704,
  "tx_mtime": 1764948397.7753868,
  "llr_idx": 1281,
  "llr_mtime": 1764948397.776387,
  "rnti": 4660,
  "fullgrid_file": "f0852_s11_fullgrid_idx001281.bin",
  "txbits_file": "f0852_s11_txbits_idx001704_rnti04660.bin",
  "llr_file": "f0852_s11_llr_idx001281.bin",
  "ldpc_cfg_file": "f0852_s11_ldpc.json"
}