{
  "frame": 606,
  "slot": 1,
  "fg_idx": 788,
  "fg_mtime": 1764948396.6704292,
  "tx_idx": 1211,
  "tx_mtime": 1764948396.6684294,
  "llr_idx": 788,
  "llr_mtime": 1764948396.6704292,
  "rnti": 4660,
  "fullgrid_file": "f0606_s01_fullgrid_idx000788.bin",
  "txbits_file": "f0606_s01_txbits_idx001211_rnti04660.bin",
  "llr_file": "f0606_s01_llr_idx000788.bin",
  "ldpc_cfg_file": "f0606_s01_ldpc.json"
}