{
  "frame": 680,
  "slot": 1,
  "fg_idx": 936,
  "fg_mtime": 1764948396.9874172,
  "tx_idx": 1359,
  "tx_mtime": 1764948396.986417,
  "llr_idx": 936,
  "llr_mtime": 1764948396.9874172,
  "rnti": 4660,
  "fullgrid_file": "f0680_s01_fullgrid_idx000936.bin",
  "txbits_file": "f0680_s01_txbits_idx001359_rnti04660.bin",
  "llr_file": "f0680_s01_llr_idx000936.bin",
  "ldpc_cfg_file": "f0680_s01_ldpc.json"
}