{
  "frame": 902,
  "slot": 11,
  "fg_idx": 1381,
  "fg_mtime": 1764948398.0063782,
  "tx_idx": 1804,
  "tx_mtime": 1764948398.004378,
  "llr_idx": 1381,
  "llr_mtime": 1764948398.0063782,
  "rnti": 4660,
  "fullgrid_file": "f0902_s11_fullgrid_idx001381.bin",
  "txbits_file": "f0902_s11_txbits_idx001804_rnti04660.bin",
  "llr_file": "f0902_s11_llr_idx001381.bin",
  "ldpc_cfg_file": "f0902_s11_ldpc.json"
}