{
  "frame": 511,
  "slot": 11,
  "fg_idx": 599,
  "fg_mtime": 1764948396.235446,
  "tx_idx": 1022,
  "tx_mtime": 1764948396.234446,
  "llr_idx": 599,
  "llr_mtime": 1764948396.235446,
  "rnti": 4660,
  "fullgrid_file": "f0511_s11_fullgrid_idx000599.bin",
  "txbits_file": "f0511_s11_txbits_idx001022_rnti04660.bin",
  "llr_file": "f0511_s11_llr_idx000599.bin",
  "ldpc_cfg_file": "f0511_s11_ldpc.json"
}