{
  "frame": 610,
  "slot": 11,
  "fg_idx": 797,
  "fg_mtime": 1764948396.6904285,
  "tx_idx": 1220,
  "tx_mtime": 1764948396.6884286,
  "llr_idx": 797,
  "llr_mtime": 1764948396.6904285,
  "rnti": 4660,
  "fullgrid_file": "f0610_s11_fullgrid_idx000797.bin",
  "txbits_file": "f0610_s11_txbits_idx001220_rnti04660.bin",
  "llr_file": "f0610_s11_llr_idx000797.bin",
  "ldpc_cfg_file": "f0610_s11_ldpc.json"
}