{
  "frame": 400,
  "slot": 11,
  "fg_idx": 377,
  "fg_mtime": 1764948395.7274656,
  "tx_idx": 800,
  "tx_mtime": 1764948395.7254655,
  "llr_idx": 377,
  "llr_mtime": 1764948395.7274656,
  "rnti": 4660,
  "fullgrid_file": "f0400_s11_fullgrid_idx000377.bin",
  "txbits_file": "f0400_s11_txbits_idx000800_rnti04660.bin",
  "llr_file": "f0400_s11_llr_idx000377.bin",
  "ldpc_cfg_file": "f0400_s11_ldpc.json"
}