{
  "frame": 271,
  "slot": 11,
  "fg_idx": 119,
  "fg_mtime": 1764948395.142488,
  "tx_idx": 542,
  "tx_mtime": 1764948395.1404881,
  "llr_idx": 119,
  "llr_mtime": 1764948395.142488,
  "rnti": 4660,
  "fullgrid_file": "f0271_s11_fullgrid_idx000119.bin",
  "txbits_file": "f0271_s11_txbits_idx000542_rnti04660.bin",
  "llr_file": "f0271_s11_llr_idx000119.bin",
  "ldpc_cfg_file": "f0271_s11_ldpc.json"
}