{
  "frame": 850,
  "slot": 11,
  "fg_idx": 1277,
  "fg_mtime": 1764948397.7673872,
  "tx_idx": 1700,
  "tx_mtime": 1764948397.7663872,
  "llr_idx": 1277,
  "llr_mtime": 1764948397.768387,
  "rnti": 4660,
  "fullgrid_file": "f0850_s11_fullgrid_idx001277.bin",
  "txbits_file": "f0850_s11_txbits_idx001700_rnti04660.bin",
  "llr_file": "f0850_s11_llr_idx001277.bin",
  "ldpc_cfg_file": "f0850_s11_ldpc.json"
}