{
  "frame": 520,
  "slot": 1,
  "fg_idx": 616,
  "fg_mtime": 1764948396.2744446,
  "tx_idx": 1039,
  "tx_mtime": 1764948396.2734447,
  "llr_idx": 616,
  "llr_mtime": 1764948396.2744446,
  "rnti": 4660,
  "fullgrid_file": "f0520_s01_fullgrid_idx000616.bin",
  "txbits_file": "f0520_s01_txbits_idx001039_rnti04660.bin",
  "llr_file": "f0520_s01_llr_idx000616.bin",
  "ldpc_cfg_file": "f0520_s01_ldpc.json"
}