{
  "frame": 428,
  "slot": 11,
  "fg_idx": 433,
  "fg_mtime": 1764948395.8564606,
  "tx_idx": 856,
  "tx_mtime": 1764948395.8544607,
  "llr_idx": 433,
  "llr_mtime": 1764948395.8564606,
  "rnti": 4660,
  "fullgrid_file": "f0428_s11_fullgrid_idx000433.bin",
  "txbits_file": "f0428_s11_txbits_idx000856_rnti04660.bin",
  "llr_file": "f0428_s11_llr_idx000433.bin",
  "ldpc_cfg_file": "f0428_s11_ldpc.json"
}