{
  "frame": 790,
  "slot": 1,
  "fg_idx": 1156,
  "fg_mtime": 1764948397.485398,
  "tx_idx": 1579,
  "tx_mtime": 1764948397.4833982,
  "llr_idx": 1156,
  "llr_mtime": 1764948397.485398,
  "rnti": 4660,
  "fullgrid_file": "f0790_s01_fullgrid_idx001156.bin",
  "txbits_file": "f0790_s01_txbits_idx001579_rnti04660.bin",
  "llr_file": "f0790_s01_llr_idx001156.bin",
  "ldpc_cfg_file": "f0790_s01_ldpc.json"
}