{
  "frame": 977,
  "slot": 1,
  "fg_idx": 1530,
  "fg_mtime": 1764948398.3613646,
  "tx_idx": 1953,
  "tx_mtime": 1764948398.3603644,
  "llr_idx": 1530,
  "llr_mtime": 1764948398.3613646,
  "rnti": 4660,
  "fullgrid_file": "f0977_s01_fullgrid_idx001530.bin",
  "txbits_file": "f0977_s01_txbits_idx001953_rnti04660.bin",
  "llr_file": "f0977_s01_llr_idx001530.bin",
  "ldpc_cfg_file": "f0977_s01_ldpc.json"
}