{
  "frame": 869,
  "slot": 11,
  "fg_idx": 1315,
  "fg_mtime": 1764948397.853384,
  "tx_idx": 1738,
  "tx_mtime": 1764948397.852384,
  "llr_idx": 1315,
  "llr_mtime": 1764948397.854384,
  "rnti": 4660,
  "fullgrid_file": "f0869_s11_fullgrid_idx001315.bin",
  "txbits_file": "f0869_s11_txbits_idx001738_rnti04660.bin",
  "llr_file": "f0869_s11_llr_idx001315.bin",
  "ldpc_cfg_file": "f0869_s11_ldpc.json"
}