{
  "frame": 737,
  "slot": 1,
  "fg_idx": 1050,
  "fg_mtime": 1764948397.2404075,
  "tx_idx": 1473,
  "tx_mtime": 1764948397.2384076,
  "llr_idx": 1050,
  "llr_mtime": 1764948397.2404075,
  "rnti": 4660,
  "fullgrid_file": "f0737_s01_fullgrid_idx001050.bin",
  "txbits_file": "f0737_s01_txbits_idx001473_rnti04660.bin",
  "llr_file": "f0737_s01_llr_idx001050.bin",
  "ldpc_cfg_file": "f0737_s01_ldpc.json"
}