{
  "frame": 287,
  "slot": 11,
  "fg_idx": 151,
  "fg_mtime": 1764948395.2144854,
  "tx_idx": 574,
  "tx_mtime": 1764948395.2124853,
  "llr_idx": 151,
  "llr_mtime": 1764948395.2144854,
  "rnti": 4660,
  "fullgrid_file": "f0287_s11_fullgrid_idx000151.bin",
  "txbits_file": "f0287_s11_txbits_idx000574_rnti04660.bin",
  "llr_file": "f0287_s11_llr_idx000151.bin",
  "ldpc_cfg_file": "f0287_s11_ldpc.json"
}