{
  "frame": 323,
  "slot": 1,
  "fg_idx": 222,
  "fg_mtime": 1764948395.3724792,
  "tx_idx": 645,
  "tx_mtime": 1764948395.3704793,
  "llr_idx": 222,
  "llr_mtime": 1764948395.3724792,
  "rnti": 4660,
  "fullgrid_file": "f0323_s01_fullgrid_idx000222.bin",
  "txbits_file": "f0323_s01_txbits_idx000645_rnti04660.bin",
  "llr_file": "f0323_s01_llr_idx000222.bin",
  "ldpc_cfg_file": "f0323_s01_ldpc.json"
}