{
  "frame": 600,
  "slot": 1,
  "fg_idx": 776,
  "fg_mtime": 1764948396.6424303,
  "tx_idx": 1199,
  "tx_mtime": 1764948396.6414304,
  "llr_idx": 776,
  "llr_mtime": 1764948396.6424303,
  "rnti": 4660,
  "fullgrid_file": "f0600_s01_fullgrid_idx000776.bin",
  "txbits_file": "f0600_s01_txbits_idx001199_rnti04660.bin",
  "llr_file": "f0600_s01_llr_idx000776.bin",
  "ldpc_cfg_file": "f0600_s01_ldpc.json"
}