{
  "frame": 770,
  "slot": 11,
  "fg_idx": 1117,
  "fg_mtime": 1764948397.3934016,
  "tx_idx": 1540,
  "tx_mtime": 1764948397.3924017,
  "llr_idx": 1117,
  "llr_mtime": 1764948397.3934016,
  "rnti": 4660,
  "fullgrid_file": "f0770_s11_fullgrid_idx001117.bin",
  "txbits_file": "f0770_s11_txbits_idx001540_rnti04660.bin",
  "llr_file": "f0770_s11_llr_idx001117.bin",
  "ldpc_cfg_file": "f0770_s11_ldpc.json"
}