{
  "frame": 337,
  "slot": 11,
  "fg_idx": 251,
  "fg_mtime": 1764948395.4384766,
  "tx_idx": 674,
  "tx_mtime": 1764948395.4364767,
  "llr_idx": 251,
  "llr_mtime": 1764948395.4384766,
  "rnti": 4660,
  "fullgrid_file": "f0337_s11_fullgrid_idx000251.bin",
  "txbits_file": "f0337_s11_txbits_idx000674_rnti04660.bin",
  "llr_file": "f0337_s11_llr_idx000251.bin",
  "ldpc_cfg_file": "f0337_s11_ldpc.json"
}