{
  "frame": 515,
  "slot": 11,
  "fg_idx": 607,
  "fg_mtime": 1764948396.2544453,
  "tx_idx": 1030,
  "tx_mtime": 1764948396.2524455,
  "llr_idx": 607,
  "llr_mtime": 1764948396.2544453,
  "rnti": 4660,
  "fullgrid_file": "f0515_s11_fullgrid_idx000607.bin",
  "txbits_file": "f0515_s11_txbits_idx001030_rnti04660.bin",
  "llr_file": "f0515_s11_llr_idx000607.bin",
  "ldpc_cfg_file": "f0515_s11_ldpc.json"
}