{
  "frame": 829,
  "slot": 1,
  "fg_idx": 1234,
  "fg_mtime": 1764948397.668391,
  "tx_idx": 1657,
  "tx_mtime": 1764948397.667391,
  "llr_idx": 1234,
  "llr_mtime": 1764948397.668391,
  "rnti": 4660,
  "fullgrid_file": "f0829_s01_fullgrid_idx001234.bin",
  "txbits_file": "f0829_s01_txbits_idx001657_rnti04660.bin",
  "llr_file": "f0829_s01_llr_idx001234.bin",
  "ldpc_cfg_file": "f0829_s01_ldpc.json"
}