{
  "frame": 719,
  "slot": 11,
  "fg_idx": 1015,
  "fg_mtime": 1764948397.1624105,
  "tx_idx": 1438,
  "tx_mtime": 1764948397.1614103,
  "llr_idx": 1015,
  "llr_mtime": 1764948397.1634104,
  "rnti": 4660,
  "fullgrid_file": "f0719_s11_fullgrid_idx001015.bin",
  "txbits_file": "f0719_s11_txbits_idx001438_rnti04660.bin",
  "llr_file": "f0719_s11_llr_idx001015.bin",
  "ldpc_cfg_file": "f0719_s11_ldpc.json"
}