{
  "frame": 213,
  "slot": 1,
  "fg_idx": 2,
  "fg_mtime": 1764948394.8894978,
  "tx_idx": 425,
  "tx_mtime": 1764948394.8884978,
  "llr_idx": 2,
  "llr_mtime": 1764948394.8904977,
  "rnti": 4660,
  "fullgrid_file": "f0213_s01_fullgrid_idx000002.bin",
  "txbits_file": "f0213_s01_txbits_idx000425_rnti04660.bin",
  "llr_file": "f0213_s01_llr_idx000002.bin",
  "ldpc_cfg_file": "f0213_s01_ldpc.json"
}