{
  "frame": 363,
  "slot": 1,
  "fg_idx": 302,
  "fg_mtime": 1764948395.5554721,
  "tx_idx": 725,
  "tx_mtime": 1764948395.5544722,
  "llr_idx": 302,
  "llr_mtime": 1764948395.556472,
  "rnti": 4660,
  "fullgrid_file": "f0363_s01_fullgrid_idx000302.bin",
  "txbits_file": "f0363_s01_txbits_idx000725_rnti04660.bin",
  "llr_file": "f0363_s01_llr_idx000302.bin",
  "ldpc_cfg_file": "f0363_s01_ldpc.json"
}