{
  "frame": 633,
  "slot": 1,
  "fg_idx": 842,
  "fg_mtime": 1764948396.7864249,
  "tx_idx": 1265,
  "tx_mtime": 1764948396.784425,
  "llr_idx": 842,
  "llr_mtime": 1764948396.7864249,
  "rnti": 4660,
  "fullgrid_file": "f0633_s01_fullgrid_idx000842.bin",
  "txbits_file": "f0633_s01_txbits_idx001265_rnti04660.bin",
  "llr_file": "f0633_s01_llr_idx000842.bin",
  "ldpc_cfg_file": "f0633_s01_ldpc.json"
}