{
  "frame": 539,
  "slot": 1,
  "fg_idx": 654,
  "fg_mtime": 1764948396.3844402,
  "tx_idx": 1077,
  "tx_mtime": 1764948396.3834403,
  "llr_idx": 654,
  "llr_mtime": 1764948396.3844402,
  "rnti": 4660,
  "fullgrid_file": "f0539_s01_fullgrid_idx000654.bin",
  "txbits_file": "f0539_s01_txbits_idx001077_rnti04660.bin",
  "llr_file": "f0539_s01_llr_idx000654.bin",
  "ldpc_cfg_file": "f0539_s01_ldpc.json"
}