{
  "frame": 899,
  "slot": 1,
  "fg_idx": 1374,
  "fg_mtime": 1764948397.9903786,
  "tx_idx": 1797,
  "tx_mtime": 1764948397.9883788,
  "llr_idx": 1374,
  "llr_mtime": 1764948397.9903786,
  "rnti": 4660,
  "fullgrid_file": "f0899_s01_fullgrid_idx001374.bin",
  "txbits_file": "f0899_s01_txbits_idx001797_rnti04660.bin",
  "llr_file": "f0899_s01_llr_idx001374.bin",
  "ldpc_cfg_file": "f0899_s01_ldpc.json"
}