{
  "frame": 303,
  "slot": 1,
  "fg_idx": 182,
  "fg_mtime": 1764948395.2824826,
  "tx_idx": 605,
  "tx_mtime": 1764948395.2814827,
  "llr_idx": 182,
  "llr_mtime": 1764948395.2824826,
  "rnti": 4660,
  "fullgrid_file": "f0303_s01_fullgrid_idx000182.bin",
  "txbits_file": "f0303_s01_txbits_idx000605_rnti04660.bin",
  "llr_file": "f0303_s01_llr_idx000182.bin",
  "ldpc_cfg_file": "f0303_s01_ldpc.json"
}