{
  "frame": 525,
  "slot": 11,
  "fg_idx": 627,
  "fg_mtime": 1764948396.3004434,
  "tx_idx": 1050,
  "tx_mtime": 1764948396.2984436,
  "llr_idx": 627,
  "llr_mtime": 1764948396.3014436,
  "rnti": 4660,
  "fullgrid_file": "f0525_s11_fullgrid_idx000627.bin",
  "txbits_file": "f0525_s11_txbits_idx001050_rnti04660.bin",
  "llr_file": "f0525_s11_llr_idx000627.bin",
  "ldpc_cfg_file": "f0525_s11_ldpc.json"
}