{
  "frame": 533,
  "slot": 1,
  "fg_idx": 642,
  "fg_mtime": 1764948396.3534415,
  "tx_idx": 1065,
  "tx_mtime": 1764948396.3514416,
  "llr_idx": 642,
  "llr_mtime": 1764948396.3534415,
  "rnti": 4660,
  "fullgrid_file": "f0533_s01_fullgrid_idx000642.bin",
  "txbits_file": "f0533_s01_txbits_idx001065_rnti04660.bin",
  "llr_file": "f0533_s01_llr_idx000642.bin",
  "ldpc_cfg_file": "f0533_s01_ldpc.json"
}