{
  "frame": 503,
  "slot": 1,
  "fg_idx": 582,
  "fg_mtime": 1764948396.1954474,
  "tx_idx": 1005,
  "tx_mtime": 1764948396.1934476,
  "llr_idx": 582,
  "llr_mtime": 1764948396.1954474,
  "rnti": 4660,
  "fullgrid_file": "f0503_s01_fullgrid_idx000582.bin",
  "txbits_file": "f0503_s01_txbits_idx001005_rnti04660.bin",
  "llr_file": "f0503_s01_llr_idx000582.bin",
  "ldpc_cfg_file": "f0503_s01_ldpc.json"
}