{
  "frame": 296,
  "slot": 1,
  "fg_idx": 168,
  "fg_mtime": 1764948395.2534838,
  "tx_idx": 591,
  "tx_mtime": 1764948395.251484,
  "llr_idx": 168,
  "llr_mtime": 1764948395.2534838,
  "rnti": 4660,
  "fullgrid_file": "f0296_s01_fullgrid_idx000168.bin",
  "txbits_file": "f0296_s01_txbits_idx000591_rnti04660.bin",
  "llr_file": "f0296_s01_llr_idx000168.bin",
  "ldpc_cfg_file": "f0296_s01_ldpc.json"
}