{
  "frame": 289,
  "slot": 1,
  "fg_idx": 154,
  "fg_mtime": 1764948395.2214851,
  "tx_idx": 577,
  "tx_mtime": 1764948395.219485,
  "llr_idx": 154,
  "llr_mtime": 1764948395.2214851,
  "rnti": 4660,
  "fullgrid_file": "f0289_s01_fullgrid_idx000154.bin",
  "txbits_file": "f0289_s01_txbits_idx000577_rnti04660.bin",
  "llr_file": "f0289_s01_llr_idx000154.bin",
  "ldpc_cfg_file": "f0289_s01_ldpc.json"
}