{
  "frame": 268,
  "slot": 11,
  "fg_idx": 113,
  "fg_mtime": 1764948395.1274886,
  "tx_idx": 536,
  "tx_mtime": 1764948395.1264887,
  "llr_idx": 113,
  "llr_mtime": 1764948395.1284885,
  "rnti": 4660,
  "fullgrid_file": "f0268_s11_fullgrid_idx000113.bin",
  "txbits_file": "f0268_s11_txbits_idx000536_rnti04660.bin",
  "llr_file": "f0268_s11_llr_idx000113.bin",
  "ldpc_cfg_file": "f0268_s11_ldpc.json"
}