{
  "frame": 737,
  "slot": 11,
  "fg_idx": 1051,
  "fg_mtime": 1764948397.2424073,
  "tx_idx": 1474,
  "tx_mtime": 1764948397.2404075,
  "llr_idx": 1051,
  "llr_mtime": 1764948397.2424073,
  "rnti": 4660,
  "fullgrid_file": "f0737_s11_fullgrid_idx001051.bin",
  "txbits_file": "f0737_s11_txbits_idx001474_rnti04660.bin",
  "llr_file": "f0737_s11_llr_idx001051.bin",
  "ldpc_cfg_file": "f0737_s11_ldpc.json"
}