{
  "frame": 938,
  "slot": 11,
  "fg_idx": 1453,
  "fg_mtime": 1764948398.1743717,
  "tx_idx": 1876,
  "tx_mtime": 1764948398.1723716,
  "llr_idx": 1453,
  "llr_mtime": 1764948398.1743717,
  "rnti": 4660,
  "fullgrid_file": "f0938_s11_fullgrid_idx001453.bin",
  "txbits_file": "f0938_s11_txbits_idx001876_rnti04660.bin",
  "llr_file": "f0938_s11_llr_idx001453.bin",
  "ldpc_cfg_file": "f0938_s11_ldpc.json"
}