{
  "frame": 284,
  "slot": 11,
  "fg_idx": 145,
  "fg_mtime": 1764948395.2014859,
  "tx_idx": 568,
  "tx_mtime": 1764948395.1994858,
  "llr_idx": 145,
  "llr_mtime": 1764948395.2014859,
  "rnti": 4660,
  "fullgrid_file": "f0284_s11_fullgrid_idx000145.bin",
  "txbits_file": "f0284_s11_txbits_idx000568_rnti04660.bin",
  "llr_file": "f0284_s11_llr_idx000145.bin",
  "ldpc_cfg_file": "f0284_s11_ldpc.json"
}