{
  "frame": 440,
  "slot": 1,
  "fg_idx": 456,
  "fg_mtime": 1764948395.9084585,
  "tx_idx": 879,
  "tx_mtime": 1764948395.9074585,
  "llr_idx": 456,
  "llr_mtime": 1764948395.9094586,
  "rnti": 4660,
  "fullgrid_file": "f0440_s01_fullgrid_idx000456.bin",
  "txbits_file": "f0440_s01_txbits_idx000879_rnti04660.bin",
  "llr_file": "f0440_s01_llr_idx000456.bin",
  "ldpc_cfg_file": "f0440_s01_ldpc.json"
}