{
  "frame": 841,
  "slot": 11,
  "fg_idx": 1259,
  "fg_mtime": 1764948397.7263887,
  "tx_idx": 1682,
  "tx_mtime": 1764948397.7253888,
  "llr_idx": 1259,
  "llr_mtime": 1764948397.7263887,
  "rnti": 4660,
  "fullgrid_file": "f0841_s11_fullgrid_idx001259.bin",
  "txbits_file": "f0841_s11_txbits_idx001682_rnti04660.bin",
  "llr_file": "f0841_s11_llr_idx001259.bin",
  "ldpc_cfg_file": "f0841_s11_ldpc.json"
}