{
  "frame": 602,
  "slot": 11,
  "fg_idx": 781,
  "fg_mtime": 1764948396.65343,
  "tx_idx": 1204,
  "tx_mtime": 1764948396.6514301,
  "llr_idx": 781,
  "llr_mtime": 1764948396.65343,
  "rnti": 4660,
  "fullgrid_file": "f0602_s11_fullgrid_idx000781.bin",
  "txbits_file": "f0602_s11_txbits_idx001204_rnti04660.bin",
  "llr_file": "f0602_s11_llr_idx000781.bin",
  "ldpc_cfg_file": "f0602_s11_ldpc.json"
}