{
  "frame": 224,
  "slot": 1,
  "fg_idx": 24,
  "fg_mtime": 1764948394.9344962,
  "tx_idx": 447,
  "tx_mtime": 1764948394.9334962,
  "llr_idx": 24,
  "llr_mtime": 1764948394.9344962,
  "rnti": 4660,
  "fullgrid_file": "f0224_s01_fullgrid_idx000024.bin",
  "txbits_file": "f0224_s01_txbits_idx000447_rnti04660.bin",
  "llr_file": "f0224_s01_llr_idx000024.bin",
  "ldpc_cfg_file": "f0224_s01_ldpc.json"
}