{
  "frame": 763,
  "slot": 11,
  "fg_idx": 1103,
  "fg_mtime": 1764948397.3614028,
  "tx_idx": 1526,
  "tx_mtime": 1764948397.359403,
  "llr_idx": 1103,
  "llr_mtime": 1764948397.3614028,
  "rnti": 4660,
  "fullgrid_file": "f0763_s11_fullgrid_idx001103.bin",
  "txbits_file": "f0763_s11_txbits_idx001526_rnti04660.bin",
  "llr_file": "f0763_s11_llr_idx001103.bin",
  "ldpc_cfg_file": "f0763_s11_ldpc.json"
}