{
  "frame": 710,
  "slot": 1,
  "fg_idx": 996,
  "fg_mtime": 1764948397.120412,
  "tx_idx": 1419,
  "tx_mtime": 1764948397.118412,
  "llr_idx": 996,
  "llr_mtime": 1764948397.120412,
  "rnti": 4660,
  "fullgrid_file": "f0710_s01_fullgrid_idx000996.bin",
  "txbits_file": "f0710_s01_txbits_idx001419_rnti04660.bin",
  "llr_file": "f0710_s01_llr_idx000996.bin",
  "ldpc_cfg_file": "f0710_s01_ldpc.json"
}