{
  "frame": 653,
  "slot": 1,
  "fg_idx": 882,
  "fg_mtime": 1764948396.8694217,
  "tx_idx": 1305,
  "tx_mtime": 1764948396.8674216,
  "llr_idx": 882,
  "llr_mtime": 1764948396.8694217,
  "rnti": 4660,
  "fullgrid_file": "f0653_s01_fullgrid_idx000882.bin",
  "txbits_file": "f0653_s01_txbits_idx001305_rnti04660.bin",
  "llr_file": "f0653_s01_llr_idx000882.bin",
  "ldpc_cfg_file": "f0653_s01_ldpc.json"
}