{
  "frame": 753,
  "slot": 1,
  "fg_idx": 1082,
  "fg_mtime": 1764948397.3134046,
  "tx_idx": 1505,
  "tx_mtime": 1764948397.3114047,
  "llr_idx": 1082,
  "llr_mtime": 1764948397.3134046,
  "rnti": 4660,
  "fullgrid_file": "f0753_s01_fullgrid_idx001082.bin",
  "txbits_file": "f0753_s01_txbits_idx001505_rnti04660.bin",
  "llr_file": "f0753_s01_llr_idx001082.bin",
  "ldpc_cfg_file": "f0753_s01_ldpc.json"
}