{
  "frame": 927,
  "slot": 1,
  "fg_idx": 1430,
  "fg_mtime": 1764948398.1203737,
  "tx_idx": 1853,
  "tx_mtime": 1764948398.1183739,
  "llr_idx": 1430,
  "llr_mtime": 1764948398.1203737,
  "rnti": 4660,
  "fullgrid_file": "f0927_s01_fullgrid_idx001430.bin",
  "txbits_file": "f0927_s01_txbits_idx001853_rnti04660.bin",
  "llr_file": "f0927_s01_llr_idx001430.bin",
  "ldpc_cfg_file": "f0927_s01_ldpc.json"
}