{
  "frame": 345,
  "slot": 11,
  "fg_idx": 267,
  "fg_mtime": 1764948395.4754753,
  "tx_idx": 690,
  "tx_mtime": 1764948395.4734752,
  "llr_idx": 267,
  "llr_mtime": 1764948395.4754753,
  "rnti": 4660,
  "fullgrid_file": "f0345_s11_fullgrid_idx000267.bin",
  "txbits_file": "f0345_s11_txbits_idx000690_rnti04660.bin",
  "llr_file": "f0345_s11_llr_idx000267.bin",
  "ldpc_cfg_file": "f0345_s11_ldpc.json"
}