{
  "frame": 665,
  "slot": 11,
  "fg_idx": 907,
  "fg_mtime": 1764948396.9224195,
  "tx_idx": 1330,
  "tx_mtime": 1764948396.9214196,
  "llr_idx": 907,
  "llr_mtime": 1764948396.9224195,
  "rnti": 4660,
  "fullgrid_file": "f0665_s11_fullgrid_idx000907.bin",
  "txbits_file": "f0665_s11_txbits_idx001330_rnti04660.bin",
  "llr_file": "f0665_s11_llr_idx000907.bin",
  "ldpc_cfg_file": "f0665_s11_ldpc.json"
}