{
  "frame": 998,
  "slot": 1,
  "fg_idx": 1572,
  "fg_mtime": 1764948398.4643605,
  "tx_idx": 1995,
  "tx_mtime": 1764948398.4633605,
  "llr_idx": 1572,
  "llr_mtime": 1764948398.4643605,
  "rnti": 4660,
  "fullgrid_file": "f0998_s01_fullgrid_idx001572.bin",
  "txbits_file": "f0998_s01_txbits_idx001995_rnti04660.bin",
  "llr_file": "f0998_s01_llr_idx001572.bin",
  "ldpc_cfg_file": "f0998_s01_ldpc.json"
}