{
  "frame": 376,
  "slot": 11,
  "fg_idx": 329,
  "fg_mtime": 1764948395.6174698,
  "tx_idx": 752,
  "tx_mtime": 1764948395.6164699,
  "llr_idx": 329,
  "llr_mtime": 1764948395.6184697,
  "rnti": 4660,
  "fullgrid_file": "f0376_s11_fullgrid_idx000329.bin",
  "txbits_file": "f0376_s11_txbits_idx000752_rnti04660.bin",
  "llr_file": "f0376_s11_llr_idx000329.bin",
  "ldpc_cfg_file": "f0376_s11_ldpc.json"
}