{
  "frame": 608,
  "slot": 11,
  "fg_idx": 793,
  "fg_mtime": 1764948396.681429,
  "tx_idx": 1216,
  "tx_mtime": 1764948396.680429,
  "llr_idx": 793,
  "llr_mtime": 1764948396.6824288,
  "rnti": 4660,
  "fullgrid_file": "f0608_s11_fullgrid_idx000793.bin",
  "txbits_file": "f0608_s11_txbits_idx001216_rnti04660.bin",
  "llr_file": "f0608_s11_llr_idx000793.bin",
  "ldpc_cfg_file": "f0608_s11_ldpc.json"
}