{
  "frame": 287,
  "slot": 1,
  "fg_idx": 150,
  "fg_mtime": 1764948395.2114854,
  "tx_idx": 573,
  "tx_mtime": 1764948395.2094855,
  "llr_idx": 150,
  "llr_mtime": 1764948395.2114854,
  "rnti": 4660,
  "fullgrid_file": "f0287_s01_fullgrid_idx000150.bin",
  "txbits_file": "f0287_s01_txbits_idx000573_rnti04660.bin",
  "llr_file": "f0287_s01_llr_idx000150.bin",
  "ldpc_cfg_file": "f0287_s01_ldpc.json"
}