{
  "frame": 898,
  "slot": 1,
  "fg_idx": 1372,
  "fg_mtime": 1764948397.985379,
  "tx_idx": 1795,
  "tx_mtime": 1764948397.9843788,
  "llr_idx": 1372,
  "llr_mtime": 1764948397.985379,
  "rnti": 4660,
  "fullgrid_file": "f0898_s01_fullgrid_idx001372.bin",
  "txbits_file": "f0898_s01_txbits_idx001795_rnti04660.bin",
  "llr_file": "f0898_s01_llr_idx001372.bin",
  "ldpc_cfg_file": "f0898_s01_ldpc.json"
}