{
  "frame": 338,
  "slot": 11,
  "fg_idx": 253,
  "fg_mtime": 1764948395.4434764,
  "tx_idx": 676,
  "tx_mtime": 1764948395.4414766,
  "llr_idx": 253,
  "llr_mtime": 1764948395.4434764,
  "rnti": 4660,
  "fullgrid_file": "f0338_s11_fullgrid_idx000253.bin",
  "txbits_file": "f0338_s11_txbits_idx000676_rnti04660.bin",
  "llr_file": "f0338_s11_llr_idx000253.bin",
  "ldpc_cfg_file": "f0338_s11_ldpc.json"
}