{
  "frame": 536,
  "slot": 11,
  "fg_idx": 649,
  "fg_mtime": 1764948396.3724408,
  "tx_idx": 1072,
  "tx_mtime": 1764948396.371441,
  "llr_idx": 649,
  "llr_mtime": 1764948396.3724408,
  "rnti": 4660,
  "fullgrid_file": "f0536_s11_fullgrid_idx000649.bin",
  "txbits_file": "f0536_s11_txbits_idx001072_rnti04660.bin",
  "llr_file": "f0536_s11_llr_idx000649.bin",
  "ldpc_cfg_file": "f0536_s11_ldpc.json"
}