{
  "frame": 709,
  "slot": 1,
  "fg_idx": 994,
  "fg_mtime": 1764948397.1164122,
  "tx_idx": 1417,
  "tx_mtime": 1764948397.1144123,
  "llr_idx": 994,
  "llr_mtime": 1764948397.1164122,
  "rnti": 4660,
  "fullgrid_file": "f0709_s01_fullgrid_idx000994.bin",
  "txbits_file": "f0709_s01_txbits_idx001417_rnti04660.bin",
  "llr_file": "f0709_s01_llr_idx000994.bin",
  "ldpc_cfg_file": "f0709_s01_ldpc.json"
}