{
  "frame": 232,
  "slot": 11,
  "fg_idx": 41,
  "fg_mtime": 1764948394.9694948,
  "tx_idx": 464,
  "tx_mtime": 1764948394.9674947,
  "llr_idx": 41,
  "llr_mtime": 1764948394.9694948,
  "rnti": 4660,
  "fullgrid_file": "f0232_s11_fullgrid_idx000041.bin",
  "txbits_file": "f0232_s11_txbits_idx000464_rnti04660.bin",
  "llr_file": "f0232_s11_llr_idx000041.bin",
  "ldpc_cfg_file": "f0232_s11_ldpc.json"
}