{
  "frame": 594,
  "slot": 1,
  "fg_idx": 764,
  "fg_mtime": 1764948396.6184313,
  "tx_idx": 1187,
  "tx_mtime": 1764948396.6164315,
  "llr_idx": 764,
  "llr_mtime": 1764948396.6184313,
  "rnti": 4660,
  "fullgrid_file": "f0594_s01_fullgrid_idx000764.bin",
  "txbits_file": "f0594_s01_txbits_idx001187_rnti04660.bin",
  "llr_file": "f0594_s01_llr_idx000764.bin",
  "ldpc_cfg_file": "f0594_s01_ldpc.json"
}