{
  "frame": 270,
  "slot": 11,
  "fg_idx": 117,
  "fg_mtime": 1764948395.1374884,
  "tx_idx": 540,
  "tx_mtime": 1764948395.1364882,
  "llr_idx": 117,
  "llr_mtime": 1764948395.1374884,
  "rnti": 4660,
  "fullgrid_file": "f0270_s11_fullgrid_idx000117.bin",
  "txbits_file": "f0270_s11_txbits_idx000540_rnti04660.bin",
  "llr_file": "f0270_s11_llr_idx000117.bin",
  "ldpc_cfg_file": "f0270_s11_ldpc.json"
}