{
  "frame": 998,
  "slot": 11,
  "fg_idx": 1573,
  "fg_mtime": 1764948398.4673605,
  "tx_idx": 1996,
  "tx_mtime": 1764948398.4653606,
  "llr_idx": 1573,
  "llr_mtime": 1764948398.4673605,
  "rnti": 4660,
  "fullgrid_file": "f0998_s11_fullgrid_idx001573.bin",
  "txbits_file": "f0998_s11_txbits_idx001996_rnti04660.bin",
  "llr_file": "f0998_s11_llr_idx001573.bin",
  "ldpc_cfg_file": "f0998_s11_ldpc.json"
}