{
  "frame": 410,
  "slot": 1,
  "fg_idx": 396,
  "fg_mtime": 1764948395.770464,
  "tx_idx": 819,
  "tx_mtime": 1764948395.7684639,
  "llr_idx": 396,
  "llr_mtime": 1764948395.770464,
  "rnti": 4660,
  "fullgrid_file": "f0410_s01_fullgrid_idx000396.bin",
  "txbits_file": "f0410_s01_txbits_idx000819_rnti04660.bin",
  "llr_file": "f0410_s01_llr_idx000396.bin",
  "ldpc_cfg_file": "f0410_s01_ldpc.json"
}