{
  "frame": 962,
  "slot": 11,
  "fg_idx": 1501,
  "fg_mtime": 1764948398.2893672,
  "tx_idx": 1924,
  "tx_mtime": 1764948398.2883673,
  "llr_idx": 1501,
  "llr_mtime": 1764948398.2893672,
  "rnti": 4660,
  "fullgrid_file": "f0962_s11_fullgrid_idx001501.bin",
  "txbits_file": "f0962_s11_txbits_idx001924_rnti04660.bin",
  "llr_file": "f0962_s11_llr_idx001501.bin",
  "ldpc_cfg_file": "f0962_s11_ldpc.json"
}