{
  "frame": 458,
  "slot": 11,
  "fg_idx": 493,
  "fg_mtime": 1764948395.9914553,
  "tx_idx": 916,
  "tx_mtime": 1764948395.9904554,
  "llr_idx": 493,
  "llr_mtime": 1764948395.9914553,
  "rnti": 4660,
  "fullgrid_file": "f0458_s11_fullgrid_idx000493.bin",
  "txbits_file": "f0458_s11_txbits_idx000916_rnti04660.bin",
  "llr_file": "f0458_s11_llr_idx000493.bin",
  "ldpc_cfg_file": "f0458_s11_ldpc.json"
}