{
  "frame": 963,
  "slot": 1,
  "fg_idx": 1502,
  "fg_mtime": 1764948398.2913673,
  "tx_idx": 1925,
  "tx_mtime": 1764948398.2903671,
  "llr_idx": 1502,
  "llr_mtime": 1764948398.2913673,
  "rnti": 4660,
  "fullgrid_file": "f0963_s01_fullgrid_idx001502.bin",
  "txbits_file": "f0963_s01_txbits_idx001925_rnti04660.bin",
  "llr_file": "f0963_s01_llr_idx001502.bin",
  "ldpc_cfg_file": "f0963_s01_ldpc.json"
}