{
  "frame": 838,
  "slot": 1,
  "fg_idx": 1252,
  "fg_mtime": 1764948397.7093894,
  "tx_idx": 1675,
  "tx_mtime": 1764948397.7073896,
  "llr_idx": 1252,
  "llr_mtime": 1764948397.7093894,
  "rnti": 4660,
  "fullgrid_file": "f0838_s01_fullgrid_idx001252.bin",
  "txbits_file": "f0838_s01_txbits_idx001675_rnti04660.bin",
  "llr_file": "f0838_s01_llr_idx001252.bin",
  "ldpc_cfg_file": "f0838_s01_ldpc.json"
}