{
  "frame": 916,
  "slot": 1,
  "fg_idx": 1408,
  "fg_mtime": 1764948398.0703757,
  "tx_idx": 1831,
  "tx_mtime": 1764948398.0683758,
  "llr_idx": 1408,
  "llr_mtime": 1764948398.0703757,
  "rnti": 4660,
  "fullgrid_file": "f0916_s01_fullgrid_idx001408.bin",
  "txbits_file": "f0916_s01_txbits_idx001831_rnti04660.bin",
  "llr_file": "f0916_s01_llr_idx001408.bin",
  "ldpc_cfg_file": "f0916_s01_ldpc.json"
}