{
  "frame": 645,
  "slot": 11,
  "fg_idx": 867,
  "fg_mtime": 1764948396.8374228,
  "tx_idx": 1290,
  "tx_mtime": 1764948396.836423,
  "llr_idx": 867,
  "llr_mtime": 1764948396.8384228,
  "rnti": 4660,
  "fullgrid_file": "f0645_s11_fullgrid_idx000867.bin",
  "txbits_file": "f0645_s11_txbits_idx001290_rnti04660.bin",
  "llr_file": "f0645_s11_llr_idx000867.bin",
  "ldpc_cfg_file": "f0645_s11_ldpc.json"
}