{
  "frame": 579,
  "slot": 1,
  "fg_idx": 734,
  "fg_mtime": 1764948396.5564337,
  "tx_idx": 1157,
  "tx_mtime": 1764948396.5554338,
  "llr_idx": 734,
  "llr_mtime": 1764948396.5574336,
  "rnti": 4660,
  "fullgrid_file": "f0579_s01_fullgrid_idx000734.bin",
  "txbits_file": "f0579_s01_txbits_idx001157_rnti04660.bin",
  "llr_file": "f0579_s01_llr_idx000734.bin",
  "ldpc_cfg_file": "f0579_s01_ldpc.json"
}