{
  "frame": 806,
  "slot": 1,
  "fg_idx": 1188,
  "fg_mtime": 1764948397.5603952,
  "tx_idx": 1611,
  "tx_mtime": 1764948397.5583951,
  "llr_idx": 1188,
  "llr_mtime": 1764948397.5603952,
  "rnti": 4660,
  "fullgrid_file": "f0806_s01_fullgrid_idx001188.bin",
  "txbits_file": "f0806_s01_txbits_idx001611_rnti04660.bin",
  "llr_file": "f0806_s01_llr_idx001188.bin",
  "ldpc_cfg_file": "f0806_s01_ldpc.json"
}