{
  "frame": 413,
  "slot": 1,
  "fg_idx": 402,
  "fg_mtime": 1764948395.7854633,
  "tx_idx": 825,
  "tx_mtime": 1764948395.7844634,
  "llr_idx": 402,
  "llr_mtime": 1764948395.7854633,
  "rnti": 4660,
  "fullgrid_file": "f0413_s01_fullgrid_idx000402.bin",
  "txbits_file": "f0413_s01_txbits_idx000825_rnti04660.bin",
  "llr_file": "f0413_s01_llr_idx000402.bin",
  "ldpc_cfg_file": "f0413_s01_ldpc.json"
}