{
  "frame": 617,
  "slot": 11,
  "fg_idx": 811,
  "fg_mtime": 1764948396.7194273,
  "tx_idx": 1234,
  "tx_mtime": 1764948396.7174275,
  "llr_idx": 811,
  "llr_mtime": 1764948396.7194273,
  "rnti": 4660,
  "fullgrid_file": "f0617_s11_fullgrid_idx000811.bin",
  "txbits_file": "f0617_s11_txbits_idx001234_rnti04660.bin",
  "llr_file": "f0617_s11_llr_idx000811.bin",
  "ldpc_cfg_file": "f0617_s11_ldpc.json"
}