{
  "frame": 379,
  "slot": 11,
  "fg_idx": 335,
  "fg_mtime": 1764948395.6314692,
  "tx_idx": 758,
  "tx_mtime": 1764948395.6294694,
  "llr_idx": 335,
  "llr_mtime": 1764948395.6314692,
  "rnti": 4660,
  "fullgrid_file": "f0379_s11_fullgrid_idx000335.bin",
  "txbits_file": "f0379_s11_txbits_idx000758_rnti04660.bin",
  "llr_file": "f0379_s11_llr_idx000335.bin",
  "ldpc_cfg_file": "f0379_s11_ldpc.json"
}