{
  "frame": 959,
  "slot": 11,
  "fg_idx": 1495,
  "fg_mtime": 1764948398.2753677,
  "tx_idx": 1918,
  "tx_mtime": 1764948398.2743678,
  "llr_idx": 1495,
  "llr_mtime": 1764948398.2753677,
  "rnti": 4660,
  "fullgrid_file": "f0959_s11_fullgrid_idx001495.bin",
  "txbits_file": "f0959_s11_txbits_idx001918_rnti04660.bin",
  "llr_file": "f0959_s11_llr_idx001495.bin",
  "ldpc_cfg_file": "f0959_s11_ldpc.json"
}