{
  "frame": 797,
  "slot": 1,
  "fg_idx": 1170,
  "fg_mtime": 1764948397.517397,
  "tx_idx": 1593,
  "tx_mtime": 1764948397.5163968,
  "llr_idx": 1170,
  "llr_mtime": 1764948397.5183969,
  "rnti": 4660,
  "fullgrid_file": "f0797_s01_fullgrid_idx001170.bin",
  "txbits_file": "f0797_s01_txbits_idx001593_rnti04660.bin",
  "llr_file": "f0797_s01_llr_idx001170.bin",
  "ldpc_cfg_file": "f0797_s01_ldpc.json"
}