{
  "frame": 744,
  "slot": 11,
  "fg_idx": 1065,
  "fg_mtime": 1764948397.2734063,
  "tx_idx": 1488,
  "tx_mtime": 1764948397.272406,
  "llr_idx": 1065,
  "llr_mtime": 1764948397.2734063,
  "rnti": 4660,
  "fullgrid_file": "f0744_s11_fullgrid_idx001065.bin",
  "txbits_file": "f0744_s11_txbits_idx001488_rnti04660.bin",
  "llr_file": "f0744_s11_llr_idx001065.bin",
  "ldpc_cfg_file": "f0744_s11_ldpc.json"
}