{
  "frame": 674,
  "slot": 11,
  "fg_idx": 925,
  "fg_mtime": 1764948396.9614182,
  "tx_idx": 1348,
  "tx_mtime": 1764948396.9604182,
  "llr_idx": 925,
  "llr_mtime": 1764948396.9614182,
  "rnti": 4660,
  "fullgrid_file": "f0674_s11_fullgrid_idx000925.bin",
  "txbits_file": "f0674_s11_txbits_idx001348_rnti04660.bin",
  "llr_file": "f0674_s11_llr_idx000925.bin",
  "ldpc_cfg_file": "f0674_s11_ldpc.json"
}