{
  "frame": 407,
  "slot": 11,
  "fg_idx": 391,
  "fg_mtime": 1764948395.7594643,
  "tx_idx": 814,
  "tx_mtime": 1764948395.7574644,
  "llr_idx": 391,
  "llr_mtime": 1764948395.7594643,
  "rnti": 4660,
  "fullgrid_file": "f0407_s11_fullgrid_idx000391.bin",
  "txbits_file": "f0407_s11_txbits_idx000814_rnti04660.bin",
  "llr_file": "f0407_s11_llr_idx000391.bin",
  "ldpc_cfg_file": "f0407_s11_ldpc.json"
}