{
  "frame": 670,
  "slot": 1,
  "fg_idx": 916,
  "fg_mtime": 1764948396.9424188,
  "tx_idx": 1339,
  "tx_mtime": 1764948396.940419,
  "llr_idx": 916,
  "llr_mtime": 1764948396.9424188,
  "rnti": 4660,
  "fullgrid_file": "f0670_s01_fullgrid_idx000916.bin",
  "txbits_file": "f0670_s01_txbits_idx001339_rnti04660.bin",
  "llr_file": "f0670_s01_llr_idx000916.bin",
  "ldpc_cfg_file": "f0670_s01_ldpc.json"
}