{
  "frame": 854,
  "slot": 1,
  "fg_idx": 1284,
  "fg_mtime": 1764948397.7833867,
  "tx_idx": 1707,
  "tx_mtime": 1764948397.7813866,
  "llr_idx": 1284,
  "llr_mtime": 1764948397.7833867,
  "rnti": 4660,
  "fullgrid_file": "f0854_s01_fullgrid_idx001284.bin",
  "txbits_file": "f0854_s01_txbits_idx001707_rnti04660.bin",
  "llr_file": "f0854_s01_llr_idx001284.bin",
  "ldpc_cfg_file": "f0854_s01_ldpc.json"
}