{
  "frame": 766,
  "slot": 1,
  "fg_idx": 1108,
  "fg_mtime": 1764948397.3734024,
  "tx_idx": 1531,
  "tx_mtime": 1764948397.3714025,
  "llr_idx": 1108,
  "llr_mtime": 1764948397.3734024,
  "rnti": 4660,
  "fullgrid_file": "f0766_s01_fullgrid_idx001108.bin",
  "txbits_file": "f0766_s01_txbits_idx001531_rnti04660.bin",
  "llr_file": "f0766_s01_llr_idx001108.bin",
  "ldpc_cfg_file": "f0766_s01_ldpc.json"
}