{
  "frame": 222,
  "slot": 11,
  "fg_idx": 21,
  "fg_mtime": 1764948394.9274964,
  "tx_idx": 444,
  "tx_mtime": 1764948394.9264965,
  "llr_idx": 21,
  "llr_mtime": 1764948394.9274964,
  "rnti": 4660,
  "fullgrid_file": "f0222_s11_fullgrid_idx000021.bin",
  "txbits_file": "f0222_s11_txbits_idx000444_rnti04660.bin",
  "llr_file": "f0222_s11_llr_idx000021.bin",
  "ldpc_cfg_file": "f0222_s11_ldpc.json"
}