{
  "frame": 666,
  "slot": 1,
  "fg_idx": 908,
  "fg_mtime": 1764948396.9244196,
  "tx_idx": 1331,
  "tx_mtime": 1764948396.9234195,
  "llr_idx": 908,
  "llr_mtime": 1764948396.9254196,
  "rnti": 4660,
  "fullgrid_file": "f0666_s01_fullgrid_idx000908.bin",
  "txbits_file": "f0666_s01_txbits_idx001331_rnti04660.bin",
  "llr_file": "f0666_s01_llr_idx000908.bin",
  "ldpc_cfg_file": "f0666_s01_ldpc.json"
}