{
  "frame": 583,
  "slot": 1,
  "fg_idx": 742,
  "fg_mtime": 1764948396.573433,
  "tx_idx": 1165,
  "tx_mtime": 1764948396.571433,
  "llr_idx": 742,
  "llr_mtime": 1764948396.573433,
  "rnti": 4660,
  "fullgrid_file": "f0583_s01_fullgrid_idx000742.bin",
  "txbits_file": "f0583_s01_txbits_idx001165_rnti04660.bin",
  "llr_file": "f0583_s01_llr_idx000742.bin",
  "ldpc_cfg_file": "f0583_s01_ldpc.json"
}