{
  "frame": 703,
  "slot": 1,
  "fg_idx": 982,
  "fg_mtime": 1764948397.0894132,
  "tx_idx": 1405,
  "tx_mtime": 1764948397.0884132,
  "llr_idx": 982,
  "llr_mtime": 1764948397.0894132,
  "rnti": 4660,
  "fullgrid_file": "f0703_s01_fullgrid_idx000982.bin",
  "txbits_file": "f0703_s01_txbits_idx001405_rnti04660.bin",
  "llr_file": "f0703_s01_llr_idx000982.bin",
  "ldpc_cfg_file": "f0703_s01_ldpc.json"
}