{
  "frame": 778,
  "slot": 1,
  "fg_idx": 1132,
  "fg_mtime": 1764948397.4294002,
  "tx_idx": 1555,
  "tx_mtime": 1764948397.4274004,
  "llr_idx": 1132,
  "llr_mtime": 1764948397.4304001,
  "rnti": 4660,
  "fullgrid_file": "f0778_s01_fullgrid_idx001132.bin",
  "txbits_file": "f0778_s01_txbits_idx001555_rnti04660.bin",
  "llr_file": "f0778_s01_llr_idx001132.bin",
  "ldpc_cfg_file": "f0778_s01_ldpc.json"
}