{
  "frame": 791,
  "slot": 11,
  "fg_idx": 1159,
  "fg_mtime": 1764948397.4913979,
  "tx_idx": 1582,
  "tx_mtime": 1764948397.490398,
  "llr_idx": 1159,
  "llr_mtime": 1764948397.4923978,
  "rnti": 4660,
  "fullgrid_file": "f0791_s11_fullgrid_idx001159.bin",
  "txbits_file": "f0791_s11_txbits_idx001582_rnti04660.bin",
  "llr_file": "f0791_s11_llr_idx001159.bin",
  "ldpc_cfg_file": "f0791_s11_ldpc.json"
}