{
  "frame": 564,
  "slot": 11,
  "fg_idx": 705,
  "fg_mtime": 1764948396.493436,
  "tx_idx": 1128,
  "tx_mtime": 1764948396.4924362,
  "llr_idx": 705,
  "llr_mtime": 1764948396.494436,
  "rnti": 4660,
  "fullgrid_file": "f0564_s11_fullgrid_idx000705.bin",
  "txbits_file": "f0564_s11_txbits_idx001128_rnti04660.bin",
  "llr_file": "f0564_s11_llr_idx000705.bin",
  "ldpc_cfg_file": "f0564_s11_ldpc.json"
}