{
  "frame": 979,
  "slot": 1,
  "fg_idx": 1534,
  "fg_mtime": 1764948398.371364,
  "tx_idx": 1957,
  "tx_mtime": 1764948398.3703642,
  "llr_idx": 1534,
  "llr_mtime": 1764948398.371364,
  "rnti": 4660,
  "fullgrid_file": "f0979_s01_fullgrid_idx001534.bin",
  "txbits_file": "f0979_s01_txbits_idx001957_rnti04660.bin",
  "llr_file": "f0979_s01_llr_idx001534.bin",
  "ldpc_cfg_file": "f0979_s01_ldpc.json"
}