{
  "frame": 335,
  "slot": 11,
  "fg_idx": 247,
  "fg_mtime": 1764948395.429477,
  "tx_idx": 670,
  "tx_mtime": 1764948395.4274771,
  "llr_idx": 247,
  "llr_mtime": 1764948395.429477,
  "rnti": 4660,
  "fullgrid_file": "f0335_s11_fullgrid_idx000247.bin",
  "txbits_file": "f0335_s11_txbits_idx000670_rnti04660.bin",
  "llr_file": "f0335_s11_llr_idx000247.bin",
  "ldpc_cfg_file": "f0335_s11_ldpc.json"
}