{
  "frame": 486,
  "slot": 11,
  "fg_idx": 549,
  "fg_mtime": 1764948396.1194506,
  "tx_idx": 972,
  "tx_mtime": 1764948396.1184504,
  "llr_idx": 549,
  "llr_mtime": 1764948396.1194506,
  "rnti": 4660,
  "fullgrid_file": "f0486_s11_fullgrid_idx000549.bin",
  "txbits_file": "f0486_s11_txbits_idx000972_rnti04660.bin",
  "llr_file": "f0486_s11_llr_idx000549.bin",
  "ldpc_cfg_file": "f0486_s11_ldpc.json"
}