{
  "frame": 879,
  "slot": 1,
  "fg_idx": 1334,
  "fg_mtime": 1764948397.8983822,
  "tx_idx": 1757,
  "tx_mtime": 1764948397.8963823,
  "llr_idx": 1334,
  "llr_mtime": 1764948397.8983822,
  "rnti": 4660,
  "fullgrid_file": "f0879_s01_fullgrid_idx001334.bin",
  "txbits_file": "f0879_s01_txbits_idx001757_rnti04660.bin",
  "llr_file": "f0879_s01_llr_idx001334.bin",
  "ldpc_cfg_file": "f0879_s01_ldpc.json"
}