{
  "frame": 689,
  "slot": 11,
  "fg_idx": 955,
  "fg_mtime": 1764948397.0304155,
  "tx_idx": 1378,
  "tx_mtime": 1764948397.0284154,
  "llr_idx": 955,
  "llr_mtime": 1764948397.0304155,
  "rnti": 4660,
  "fullgrid_file": "f0689_s11_fullgrid_idx000955.bin",
  "txbits_file": "f0689_s11_txbits_idx001378_rnti04660.bin",
  "llr_file": "f0689_s11_llr_idx000955.bin",
  "ldpc_cfg_file": "f0689_s11_ldpc.json"
}