{
  "frame": 266,
  "slot": 11,
  "fg_idx": 109,
  "fg_mtime": 1764948395.118489,
  "tx_idx": 532,
  "tx_mtime": 1764948395.117489,
  "llr_idx": 109,
  "llr_mtime": 1764948395.119489,
  "rnti": 4660,
  "fullgrid_file": "f0266_s11_fullgrid_idx000109.bin",
  "txbits_file": "f0266_s11_txbits_idx000532_rnti04660.bin",
  "llr_file": "f0266_s11_llr_idx000109.bin",
  "ldpc_cfg_file": "f0266_s11_ldpc.json"
}