{
  "frame": 819,
  "slot": 11,
  "fg_idx": 1215,
  "fg_mtime": 1764948397.6243927,
  "tx_idx": 1638,
  "tx_mtime": 1764948397.622393,
  "llr_idx": 1215,
  "llr_mtime": 1764948397.6243927,
  "rnti": 4660,
  "fullgrid_file": "f0819_s11_fullgrid_idx001215.bin",
  "txbits_file": "f0819_s11_txbits_idx001638_rnti04660.bin",
  "llr_file": "f0819_s11_llr_idx001215.bin",
  "ldpc_cfg_file": "f0819_s11_ldpc.json"
}