{
  "frame": 481,
  "slot": 11,
  "fg_idx": 539,
  "fg_mtime": 1764948396.0964513,
  "tx_idx": 962,
  "tx_mtime": 1764948396.0944514,
  "llr_idx": 539,
  "llr_mtime": 1764948396.0974512,
  "rnti": 4660,
  "fullgrid_file": "f0481_s11_fullgrid_idx000539.bin",
  "txbits_file": "f0481_s11_txbits_idx000962_rnti04660.bin",
  "llr_file": "f0481_s11_llr_idx000539.bin",
  "ldpc_cfg_file": "f0481_s11_ldpc.json"
}