{
  "frame": 350,
  "slot": 11,
  "fg_idx": 277,
  "fg_mtime": 1764948395.4984744,
  "tx_idx": 700,
  "tx_mtime": 1764948395.4964745,
  "llr_idx": 277,
  "llr_mtime": 1764948395.4984744,
  "rnti": 4660,
  "fullgrid_file": "f0350_s11_fullgrid_idx000277.bin",
  "txbits_file": "f0350_s11_txbits_idx000700_rnti04660.bin",
  "llr_file": "f0350_s11_llr_idx000277.bin",
  "ldpc_cfg_file": "f0350_s11_ldpc.json"
}