{
  "frame": 556,
  "slot": 1,
  "fg_idx": 688,
  "fg_mtime": 1764948396.4584374,
  "tx_idx": 1111,
  "tx_mtime": 1764948396.4574375,
  "llr_idx": 688,
  "llr_mtime": 1764948396.4584374,
  "rnti": 4660,
  "fullgrid_file": "f0556_s01_fullgrid_idx000688.bin",
  "txbits_file": "f0556_s01_txbits_idx001111_rnti04660.bin",
  "llr_file": "f0556_s01_llr_idx000688.bin",
  "ldpc_cfg_file": "f0556_s01_ldpc.json"
}