{
  "frame": 634,
  "slot": 1,
  "fg_idx": 844,
  "fg_mtime": 1764948396.7904246,
  "tx_idx": 1267,
  "tx_mtime": 1764948396.7884247,
  "llr_idx": 844,
  "llr_mtime": 1764948396.7904246,
  "rnti": 4660,
  "fullgrid_file": "f0634_s01_fullgrid_idx000844.bin",
  "txbits_file": "f0634_s01_txbits_idx001267_rnti04660.bin",
  "llr_file": "f0634_s01_llr_idx000844.bin",
  "ldpc_cfg_file": "f0634_s01_ldpc.json"
}