{
  "frame": 754,
  "slot": 1,
  "fg_idx": 1084,
  "fg_mtime": 1764948397.3184044,
  "tx_idx": 1507,
  "tx_mtime": 1764948397.3164046,
  "llr_idx": 1084,
  "llr_mtime": 1764948397.3184044,
  "rnti": 4660,
  "fullgrid_file": "f0754_s01_fullgrid_idx001084.bin",
  "txbits_file": "f0754_s01_txbits_idx001507_rnti04660.bin",
  "llr_file": "f0754_s01_llr_idx001084.bin",
  "ldpc_cfg_file": "f0754_s01_ldpc.json"
}