{
  "frame": 921,
  "slot": 11,
  "fg_idx": 1419,
  "fg_mtime": 1764948398.0943747,
  "tx_idx": 1842,
  "tx_mtime": 1764948398.0923748,
  "llr_idx": 1419,
  "llr_mtime": 1764948398.0943747,
  "rnti": 4660,
  "fullgrid_file": "f0921_s11_fullgrid_idx001419.bin",
  "txbits_file": "f0921_s11_txbits_idx001842_rnti04660.bin",
  "llr_file": "f0921_s11_llr_idx001419.bin",
  "ldpc_cfg_file": "f0921_s11_ldpc.json"
}