{
  "frame": 960,
  "slot": 11,
  "fg_idx": 1497,
  "fg_mtime": 1764948398.2803676,
  "tx_idx": 1920,
  "tx_mtime": 1764948398.2783678,
  "llr_idx": 1497,
  "llr_mtime": 1764948398.2803676,
  "rnti": 4660,
  "fullgrid_file": "f0960_s11_fullgrid_idx001497.bin",
  "txbits_file": "f0960_s11_txbits_idx001920_rnti04660.bin",
  "llr_file": "f0960_s11_llr_idx001497.bin",
  "ldpc_cfg_file": "f0960_s11_ldpc.json"
}