{
  "frame": 685,
  "slot": 11,
  "fg_idx": 947,
  "fg_mtime": 1764948397.013416,
  "tx_idx": 1370,
  "tx_mtime": 1764948397.0114162,
  "llr_idx": 947,
  "llr_mtime": 1764948397.013416,
  "rnti": 4660,
  "fullgrid_file": "f0685_s11_fullgrid_idx000947.bin",
  "txbits_file": "f0685_s11_txbits_idx001370_rnti04660.bin",
  "llr_file": "f0685_s11_llr_idx000947.bin",
  "ldpc_cfg_file": "f0685_s11_ldpc.json"
}