{
  "frame": 519,
  "slot": 1,
  "fg_idx": 614,
  "fg_mtime": 1764948396.2704446,
  "tx_idx": 1037,
  "tx_mtime": 1764948396.2684448,
  "llr_idx": 614,
  "llr_mtime": 1764948396.2704446,
  "rnti": 4660,
  "fullgrid_file": "f0519_s01_fullgrid_idx000614.bin",
  "txbits_file": "f0519_s01_txbits_idx001037_rnti04660.bin",
  "llr_file": "f0519_s01_llr_idx000614.bin",
  "ldpc_cfg_file": "f0519_s01_ldpc.json"
}