{
  "frame": 589,
  "slot": 11,
  "fg_idx": 755,
  "fg_mtime": 1764948396.599432,
  "tx_idx": 1178,
  "tx_mtime": 1764948396.598432,
  "llr_idx": 755,
  "llr_mtime": 1764948396.599432,
  "rnti": 4660,
  "fullgrid_file": "f0589_s11_fullgrid_idx000755.bin",
  "txbits_file": "f0589_s11_txbits_idx001178_rnti04660.bin",
  "llr_file": "f0589_s11_llr_idx000755.bin",
  "ldpc_cfg_file": "f0589_s11_ldpc.json"
}