{
  "frame": 531,
  "slot": 11,
  "fg_idx": 639,
  "fg_mtime": 1764948396.343442,
  "tx_idx": 1062,
  "tx_mtime": 1764948396.3414419,
  "llr_idx": 639,
  "llr_mtime": 1764948396.343442,
  "rnti": 4660,
  "fullgrid_file": "f0531_s11_fullgrid_idx000639.bin",
  "txbits_file": "f0531_s11_txbits_idx001062_rnti04660.bin",
  "llr_file": "f0531_s11_llr_idx000639.bin",
  "ldpc_cfg_file": "f0531_s11_ldpc.json"
}