{
  "frame": 933,
  "slot": 11,
  "fg_idx": 1443,
  "fg_mtime": 1764948398.1503725,
  "tx_idx": 1866,
  "tx_mtime": 1764948398.1493726,
  "llr_idx": 1443,
  "llr_mtime": 1764948398.1513724,
  "rnti": 4660,
  "fullgrid_file": "f0933_s11_fullgrid_idx001443.bin",
  "txbits_file": "f0933_s11_txbits_idx001866_rnti04660.bin",
  "llr_file": "f0933_s11_llr_idx001443.bin",
  "ldpc_cfg_file": "f0933_s11_ldpc.json"
}