{
  "frame": 571,
  "slot": 1,
  "fg_idx": 718,
  "fg_mtime": 1764948396.521435,
  "tx_idx": 1141,
  "tx_mtime": 1764948396.520435,
  "llr_idx": 718,
  "llr_mtime": 1764948396.521435,
  "rnti": 4660,
  "fullgrid_file": "f0571_s01_fullgrid_idx000718.bin",
  "txbits_file": "f0571_s01_txbits_idx001141_rnti04660.bin",
  "llr_file": "f0571_s01_llr_idx000718.bin",
  "ldpc_cfg_file": "f0571_s01_ldpc.json"
}