{
  "frame": 408,
  "slot": 1,
  "fg_idx": 392,
  "fg_mtime": 1764948395.761464,
  "tx_idx": 815,
  "tx_mtime": 1764948395.7604642,
  "llr_idx": 392,
  "llr_mtime": 1764948395.761464,
  "rnti": 4660,
  "fullgrid_file": "f0408_s01_fullgrid_idx000392.bin",
  "txbits_file": "f0408_s01_txbits_idx000815_rnti04660.bin",
  "llr_file": "f0408_s01_llr_idx000392.bin",
  "ldpc_cfg_file": "f0408_s01_ldpc.json"
}