{
  "frame": 782,
  "slot": 11,
  "fg_idx": 1141,
  "fg_mtime": 1764948397.4503994,
  "tx_idx": 1564,
  "tx_mtime": 1764948397.4483995,
  "llr_idx": 1141,
  "llr_mtime": 1764948397.4503994,
  "rnti": 4660,
  "fullgrid_file": "f0782_s11_fullgrid_idx001141.bin",
  "txbits_file": "f0782_s11_txbits_idx001564_rnti04660.bin",
  "llr_file": "f0782_s11_llr_idx001141.bin",
  "ldpc_cfg_file": "f0782_s11_ldpc.json"
}