{
  "frame": 878,
  "slot": 1,
  "fg_idx": 1332,
  "fg_mtime": 1764948397.8933823,
  "tx_idx": 1755,
  "tx_mtime": 1764948397.8913825,
  "llr_idx": 1332,
  "llr_mtime": 1764948397.8933823,
  "rnti": 4660,
  "fullgrid_file": "f0878_s01_fullgrid_idx001332.bin",
  "txbits_file": "f0878_s01_txbits_idx001755_rnti04660.bin",
  "llr_file": "f0878_s01_llr_idx001332.bin",
  "ldpc_cfg_file": "f0878_s01_ldpc.json"
}