{
  "frame": 770,
  "slot": 1,
  "fg_idx": 1116,
  "fg_mtime": 1764948397.3914015,
  "tx_idx": 1539,
  "tx_mtime": 1764948397.3894017,
  "llr_idx": 1116,
  "llr_mtime": 1764948397.3924017,
  "rnti": 4660,
  "fullgrid_file": "f0770_s01_fullgrid_idx001116.bin",
  "txbits_file": "f0770_s01_txbits_idx001539_rnti04660.bin",
  "llr_file": "f0770_s01_llr_idx001116.bin",
  "ldpc_cfg_file": "f0770_s01_ldpc.json"
}