{
  "frame": 353,
  "slot": 1,
  "fg_idx": 282,
  "fg_mtime": 1764948395.509474,
  "tx_idx": 705,
  "tx_mtime": 1764948395.5084739,
  "llr_idx": 282,
  "llr_mtime": 1764948395.509474,
  "rnti": 4660,
  "fullgrid_file": "f0353_s01_fullgrid_idx000282.bin",
  "txbits_file": "f0353_s01_txbits_idx000705_rnti04660.bin",
  "llr_file": "f0353_s01_llr_idx000282.bin",
  "ldpc_cfg_file": "f0353_s01_ldpc.json"
}