{
  "frame": 237,
  "slot": 1,
  "fg_idx": 50,
  "fg_mtime": 1764948394.988494,
  "tx_idx": 473,
  "tx_mtime": 1764948394.986494,
  "llr_idx": 50,
  "llr_mtime": 1764948394.988494,
  "rnti": 4660,
  "fullgrid_file": "f0237_s01_fullgrid_idx000050.bin",
  "txbits_file": "f0237_s01_txbits_idx000473_rnti04660.bin",
  "llr_file": "f0237_s01_llr_idx000050.bin",
  "ldpc_cfg_file": "f0237_s01_ldpc.json"
}