{
  "frame": 534,
  "slot": 1,
  "fg_idx": 644,
  "fg_mtime": 1764948396.3594413,
  "tx_idx": 1067,
  "tx_mtime": 1764948396.3574414,
  "llr_idx": 644,
  "llr_mtime": 1764948396.3594413,
  "rnti": 4660,
  "fullgrid_file": "f0534_s01_fullgrid_idx000644.bin",
  "txbits_file": "f0534_s01_txbits_idx001067_rnti04660.bin",
  "llr_file": "f0534_s01_llr_idx000644.bin",
  "ldpc_cfg_file": "f0534_s01_ldpc.json"
}