{
  "frame": 996,
  "slot": 1,
  "fg_idx": 1568,
  "fg_mtime": 1764948398.454361,
  "tx_idx": 1991,
  "tx_mtime": 1764948398.453361,
  "llr_idx": 1568,
  "llr_mtime": 1764948398.455361,
  "rnti": 4660,
  "fullgrid_file": "f0996_s01_fullgrid_idx001568.bin",
  "txbits_file": "f0996_s01_txbits_idx001991_rnti04660.bin",
  "llr_file": "f0996_s01_llr_idx001568.bin",
  "ldpc_cfg_file": "f0996_s01_ldpc.json"
}