{
  "frame": 221,
  "slot": 1,
  "fg_idx": 18,
  "fg_mtime": 1764948394.9224966,
  "tx_idx": 441,
  "tx_mtime": 1764948394.9204967,
  "llr_idx": 18,
  "llr_mtime": 1764948394.9224966,
  "rnti": 4660,
  "fullgrid_file": "f0221_s01_fullgrid_idx000018.bin",
  "txbits_file": "f0221_s01_txbits_idx000441_rnti04660.bin",
  "llr_file": "f0221_s01_llr_idx000018.bin",
  "ldpc_cfg_file": "f0221_s01_ldpc.json"
}