{
  "frame": 919,
  "slot": 1,
  "fg_idx": 1414,
  "fg_mtime": 1764948398.0833752,
  "tx_idx": 1837,
  "tx_mtime": 1764948398.0813751,
  "llr_idx": 1414,
  "llr_mtime": 1764948398.0833752,
  "rnti": 4660,
  "fullgrid_file": "f0919_s01_fullgrid_idx001414.bin",
  "txbits_file": "f0919_s01_txbits_idx001837_rnti04660.bin",
  "llr_file": "f0919_s01_llr_idx001414.bin",
  "ldpc_cfg_file": "f0919_s01_ldpc.json"
}