{
  "frame": 771,
  "slot": 11,
  "fg_idx": 1119,
  "fg_mtime": 1764948397.3994014,
  "tx_idx": 1542,
  "tx_mtime": 1764948397.3974013,
  "llr_idx": 1119,
  "llr_mtime": 1764948397.3994014,
  "rnti": 4660,
  "fullgrid_file": "f0771_s11_fullgrid_idx001119.bin",
  "txbits_file": "f0771_s11_txbits_idx001542_rnti04660.bin",
  "llr_file": "f0771_s11_llr_idx001119.bin",
  "ldpc_cfg_file": "f0771_s11_ldpc.json"
}