{
  "frame": 577,
  "slot": 11,
  "fg_idx": 731,
  "fg_mtime": 1764948396.5504339,
  "tx_idx": 1154,
  "tx_mtime": 1764948396.548434,
  "llr_idx": 731,
  "llr_mtime": 1764948396.5504339,
  "rnti": 4660,
  "fullgrid_file": "f0577_s11_fullgrid_idx000731.bin",
  "txbits_file": "f0577_s11_txbits_idx001154_rnti04660.bin",
  "llr_file": "f0577_s11_llr_idx000731.bin",
  "ldpc_cfg_file": "f0577_s11_ldpc.json"
}