{
  "frame": 855,
  "slot": 11,
  "fg_idx": 1287,
  "fg_mtime": 1764948397.7903864,
  "tx_idx": 1710,
  "tx_mtime": 1764948397.7883863,
  "llr_idx": 1287,
  "llr_mtime": 1764948397.7903864,
  "rnti": 4660,
  "fullgrid_file": "f0855_s11_fullgrid_idx001287.bin",
  "txbits_file": "f0855_s11_txbits_idx001710_rnti04660.bin",
  "llr_file": "f0855_s11_llr_idx001287.bin",
  "ldpc_cfg_file": "f0855_s11_ldpc.json"
}