{
  "frame": 291,
  "slot": 11,
  "fg_idx": 159,
  "fg_mtime": 1764948395.2324846,
  "tx_idx": 582,
  "tx_mtime": 1764948395.2314847,
  "llr_idx": 159,
  "llr_mtime": 1764948395.2324846,
  "rnti": 4660,
  "fullgrid_file": "f0291_s11_fullgrid_idx000159.bin",
  "txbits_file": "f0291_s11_txbits_idx000582_rnti04660.bin",
  "llr_file": "f0291_s11_llr_idx000159.bin",
  "ldpc_cfg_file": "f0291_s11_ldpc.json"
}