{
  "frame": 436,
  "slot": 1,
  "fg_idx": 448,
  "fg_mtime": 1764948395.8904593,
  "tx_idx": 871,
  "tx_mtime": 1764948395.8884594,
  "llr_idx": 448,
  "llr_mtime": 1764948395.8904593,
  "rnti": 4660,
  "fullgrid_file": "f0436_s01_fullgrid_idx000448.bin",
  "txbits_file": "f0436_s01_txbits_idx000871_rnti04660.bin",
  "llr_file": "f0436_s01_llr_idx000448.bin",
  "ldpc_cfg_file": "f0436_s01_ldpc.json"
}