{
  "frame": 272,
  "slot": 11,
  "fg_idx": 121,
  "fg_mtime": 1764948395.146488,
  "tx_idx": 544,
  "tx_mtime": 1764948395.144488,
  "llr_idx": 121,
  "llr_mtime": 1764948395.146488,
  "rnti": 4660,
  "fullgrid_file": "f0272_s11_fullgrid_idx000121.bin",
  "txbits_file": "f0272_s11_txbits_idx000544_rnti04660.bin",
  "llr_file": "f0272_s11_llr_idx000121.bin",
  "ldpc_cfg_file": "f0272_s11_ldpc.json"
}