{
  "frame": 426,
  "slot": 1,
  "fg_idx": 428,
  "fg_mtime": 1764948395.845461,
  "tx_idx": 851,
  "tx_mtime": 1764948395.843461,
  "llr_idx": 428,
  "llr_mtime": 1764948395.846461,
  "rnti": 4660,
  "fullgrid_file": "f0426_s01_fullgrid_idx000428.bin",
  "txbits_file": "f0426_s01_txbits_idx000851_rnti04660.bin",
  "llr_file": "f0426_s01_llr_idx000428.bin",
  "ldpc_cfg_file": "f0426_s01_ldpc.json"
}