{
  "frame": 642,
  "slot": 1,
  "fg_idx": 860,
  "fg_mtime": 1764948396.8234234,
  "tx_idx": 1283,
  "tx_mtime": 1764948396.8214235,
  "llr_idx": 860,
  "llr_mtime": 1764948396.8234234,
  "rnti": 4660,
  "fullgrid_file": "f0642_s01_fullgrid_idx000860.bin",
  "txbits_file": "f0642_s01_txbits_idx001283_rnti04660.bin",
  "llr_file": "f0642_s01_llr_idx000860.bin",
  "ldpc_cfg_file": "f0642_s01_ldpc.json"
}