{
  "frame": 877,
  "slot": 11,
  "fg_idx": 1331,
  "fg_mtime": 1764948397.8913825,
  "tx_idx": 1754,
  "tx_mtime": 1764948397.8893826,
  "llr_idx": 1331,
  "llr_mtime": 1764948397.8913825,
  "rnti": 4660,
  "fullgrid_file": "f0877_s11_fullgrid_idx001331.bin",
  "txbits_file": "f0877_s11_txbits_idx001754_rnti04660.bin",
  "llr_file": "f0877_s11_llr_idx001331.bin",
  "ldpc_cfg_file": "f0877_s11_ldpc.json"
}