{
  "frame": 297,
  "slot": 11,
  "fg_idx": 171,
  "fg_mtime": 1764948395.2594836,
  "tx_idx": 594,
  "tx_mtime": 1764948395.2584836,
  "llr_idx": 171,
  "llr_mtime": 1764948395.2594836,
  "rnti": 4660,
  "fullgrid_file": "f0297_s11_fullgrid_idx000171.bin",
  "txbits_file": "f0297_s11_txbits_idx000594_rnti04660.bin",
  "llr_file": "f0297_s11_llr_idx000171.bin",
  "ldpc_cfg_file": "f0297_s11_ldpc.json"
}