{
  "frame": 585,
  "slot": 1,
  "fg_idx": 746,
  "fg_mtime": 1764948396.5804327,
  "tx_idx": 1169,
  "tx_mtime": 1764948396.5794327,
  "llr_idx": 746,
  "llr_mtime": 1764948396.5804327,
  "rnti": 4660,
  "fullgrid_file": "f0585_s01_fullgrid_idx000746.bin",
  "txbits_file": "f0585_s01_txbits_idx001169_rnti04660.bin",
  "llr_file": "f0585_s01_llr_idx000746.bin",
  "ldpc_cfg_file": "f0585_s01_ldpc.json"
}