{
  "frame": 291,
  "slot": 1,
  "fg_idx": 158,
  "fg_mtime": 1764948395.2304847,
  "tx_idx": 581,
  "tx_mtime": 1764948395.2294848,
  "llr_idx": 158,
  "llr_mtime": 1764948395.2314847,
  "rnti": 4660,
  "fullgrid_file": "f0291_s01_fullgrid_idx000158.bin",
  "txbits_file": "f0291_s01_txbits_idx000581_rnti04660.bin",
  "llr_file": "f0291_s01_llr_idx000158.bin",
  "ldpc_cfg_file": "f0291_s01_ldpc.json"
}