{
  "frame": 796,
  "slot": 11,
  "fg_idx": 1169,
  "fg_mtime": 1764948397.5163968,
  "tx_idx": 1592,
  "tx_mtime": 1764948397.513397,
  "llr_idx": 1169,
  "llr_mtime": 1764948397.5163968,
  "rnti": 4660,
  "fullgrid_file": "f0796_s11_fullgrid_idx001169.bin",
  "txbits_file": "f0796_s11_txbits_idx001592_rnti04660.bin",
  "llr_file": "f0796_s11_llr_idx001169.bin",
  "ldpc_cfg_file": "f0796_s11_ldpc.json"
}