{
  "frame": 688,
  "slot": 1,
  "fg_idx": 952,
  "fg_mtime": 1764948397.0234158,
  "tx_idx": 1375,
  "tx_mtime": 1764948397.0224159,
  "llr_idx": 952,
  "llr_mtime": 1764948397.0244157,
  "rnti": 4660,
  "fullgrid_file": "f0688_s01_fullgrid_idx000952.bin",
  "txbits_file": "f0688_s01_txbits_idx001375_rnti04660.bin",
  "llr_file": "f0688_s01_llr_idx000952.bin",
  "ldpc_cfg_file": "f0688_s01_ldpc.json"
}