{
  "frame": 925,
  "slot": 11,
  "fg_idx": 1427,
  "fg_mtime": 1764948398.114374,
  "tx_idx": 1850,
  "tx_mtime": 1764948398.112374,
  "llr_idx": 1427,
  "llr_mtime": 1764948398.114374,
  "rnti": 4660,
  "fullgrid_file": "f0925_s11_fullgrid_idx001427.bin",
  "txbits_file": "f0925_s11_txbits_idx001850_rnti04660.bin",
  "llr_file": "f0925_s11_llr_idx001427.bin",
  "ldpc_cfg_file": "f0925_s11_ldpc.json"
}