{
  "frame": 372,
  "slot": 11,
  "fg_idx": 321,
  "fg_mtime": 1764948395.5984704,
  "tx_idx": 744,
  "tx_mtime": 1764948395.5974705,
  "llr_idx": 321,
  "llr_mtime": 1764948395.5994704,
  "rnti": 4660,
  "fullgrid_file": "f0372_s11_fullgrid_idx000321.bin",
  "txbits_file": "f0372_s11_txbits_idx000744_rnti04660.bin",
  "llr_file": "f0372_s11_llr_idx000321.bin",
  "ldpc_cfg_file": "f0372_s11_ldpc.json"
}