{
  "frame": 383,
  "slot": 11,
  "fg_idx": 343,
  "fg_mtime": 1764948395.6504686,
  "tx_idx": 766,
  "tx_mtime": 1764948395.6484685,
  "llr_idx": 343,
  "llr_mtime": 1764948395.6504686,
  "rnti": 4660,
  "fullgrid_file": "f0383_s11_fullgrid_idx000343.bin",
  "txbits_file": "f0383_s11_txbits_idx000766_rnti04660.bin",
  "llr_file": "f0383_s11_llr_idx000343.bin",
  "ldpc_cfg_file": "f0383_s11_ldpc.json"
}