{
  "frame": 513,
  "slot": 11,
  "fg_idx": 603,
  "fg_mtime": 1764948396.2444456,
  "tx_idx": 1026,
  "tx_mtime": 1764948396.2424457,
  "llr_idx": 603,
  "llr_mtime": 1764948396.2444456,
  "rnti": 4660,
  "fullgrid_file": "f0513_s11_fullgrid_idx000603.bin",
  "txbits_file": "f0513_s11_txbits_idx001026_rnti04660.bin",
  "llr_file": "f0513_s11_llr_idx000603.bin",
  "ldpc_cfg_file": "f0513_s11_ldpc.json"
}