{
  "frame": 347,
  "slot": 1,
  "fg_idx": 270,
  "fg_mtime": 1764948395.483475,
  "tx_idx": 693,
  "tx_mtime": 1764948395.481475,
  "llr_idx": 270,
  "llr_mtime": 1764948395.483475,
  "rnti": 4660,
  "fullgrid_file": "f0347_s01_fullgrid_idx000270.bin",
  "txbits_file": "f0347_s01_txbits_idx000693_rnti04660.bin",
  "llr_file": "f0347_s01_llr_idx000270.bin",
  "ldpc_cfg_file": "f0347_s01_ldpc.json"
}