{
  "frame": 835,
  "slot": 11,
  "fg_idx": 1247,
  "fg_mtime": 1764948397.69939,
  "tx_idx": 1670,
  "tx_mtime": 1764948397.6973898,
  "llr_idx": 1247,
  "llr_mtime": 1764948397.69939,
  "rnti": 4660,
  "fullgrid_file": "f0835_s11_fullgrid_idx001247.bin",
  "txbits_file": "f0835_s11_txbits_idx001670_rnti04660.bin",
  "llr_file": "f0835_s11_llr_idx001247.bin",
  "ldpc_cfg_file": "f0835_s11_ldpc.json"
}