{
  "frame": 926,
  "slot": 11,
  "fg_idx": 1429,
  "fg_mtime": 1764948398.1183739,
  "tx_idx": 1852,
  "tx_mtime": 1764948398.1163738,
  "llr_idx": 1429,
  "llr_mtime": 1764948398.1183739,
  "rnti": 4660,
  "fullgrid_file": "f0926_s11_fullgrid_idx001429.bin",
  "txbits_file": "f0926_s11_txbits_idx001852_rnti04660.bin",
  "llr_file": "f0926_s11_llr_idx001429.bin",
  "ldpc_cfg_file": "f0926_s11_ldpc.json"
}