{
  "frame": 719,
  "slot": 1,
  "fg_idx": 1014,
  "fg_mtime": 1764948397.1604104,
  "tx_idx": 1437,
  "tx_mtime": 1764948397.1594105,
  "llr_idx": 1014,
  "llr_mtime": 1764948397.1614103,
  "rnti": 4660,
  "fullgrid_file": "f0719_s01_fullgrid_idx001014.bin",
  "txbits_file": "f0719_s01_txbits_idx001437_rnti04660.bin",
  "llr_file": "f0719_s01_llr_idx001014.bin",
  "ldpc_cfg_file": "f0719_s01_ldpc.json"
}