{
  "frame": 749,
  "slot": 1,
  "fg_idx": 1074,
  "fg_mtime": 1764948397.2934053,
  "tx_idx": 1497,
  "tx_mtime": 1764948397.2914054,
  "llr_idx": 1074,
  "llr_mtime": 1764948397.2934053,
  "rnti": 4660,
  "fullgrid_file": "f0749_s01_fullgrid_idx001074.bin",
  "txbits_file": "f0749_s01_txbits_idx001497_rnti04660.bin",
  "llr_file": "f0749_s01_llr_idx001074.bin",
  "ldpc_cfg_file": "f0749_s01_ldpc.json"
}