{
  "frame": 905,
  "slot": 1,
  "fg_idx": 1386,
  "fg_mtime": 1764948398.0173776,
  "tx_idx": 1809,
  "tx_mtime": 1764948398.0163777,
  "llr_idx": 1386,
  "llr_mtime": 1764948398.0183775,
  "rnti": 4660,
  "fullgrid_file": "f0905_s01_fullgrid_idx001386.bin",
  "txbits_file": "f0905_s01_txbits_idx001809_rnti04660.bin",
  "llr_file": "f0905_s01_llr_idx001386.bin",
  "ldpc_cfg_file": "f0905_s01_ldpc.json"
}