{
  "frame": 514,
  "slot": 1,
  "fg_idx": 604,
  "fg_mtime": 1764948396.2464457,
  "tx_idx": 1027,
  "tx_mtime": 1764948396.2454457,
  "llr_idx": 604,
  "llr_mtime": 1764948396.2474456,
  "rnti": 4660,
  "fullgrid_file": "f0514_s01_fullgrid_idx000604.bin",
  "txbits_file": "f0514_s01_txbits_idx001027_rnti04660.bin",
  "llr_file": "f0514_s01_llr_idx000604.bin",
  "ldpc_cfg_file": "f0514_s01_ldpc.json"
}