{
  "frame": 401,
  "slot": 11,
  "fg_idx": 379,
  "fg_mtime": 1764948395.7314653,
  "tx_idx": 802,
  "tx_mtime": 1764948395.7304654,
  "llr_idx": 379,
  "llr_mtime": 1764948395.7314653,
  "rnti": 4660,
  "fullgrid_file": "f0401_s11_fullgrid_idx000379.bin",
  "txbits_file": "f0401_s11_txbits_idx000802_rnti04660.bin",
  "llr_file": "f0401_s11_llr_idx000379.bin",
  "ldpc_cfg_file": "f0401_s11_ldpc.json"
}