{
  "frame": 769,
  "slot": 1,
  "fg_idx": 1114,
  "fg_mtime": 1764948397.3874018,
  "tx_idx": 1537,
  "tx_mtime": 1764948397.385402,
  "llr_idx": 1114,
  "llr_mtime": 1764948397.3874018,
  "rnti": 4660,
  "fullgrid_file": "f0769_s01_fullgrid_idx001114.bin",
  "txbits_file": "f0769_s01_txbits_idx001537_rnti04660.bin",
  "llr_file": "f0769_s01_llr_idx001114.bin",
  "ldpc_cfg_file": "f0769_s01_ldpc.json"
}