{
  "frame": 537,
  "slot": 11,
  "fg_idx": 651,
  "fg_mtime": 1764948396.3764405,
  "tx_idx": 1074,
  "tx_mtime": 1764948396.3754406,
  "llr_idx": 651,
  "llr_mtime": 1764948396.3774405,
  "rnti": 4660,
  "fullgrid_file": "f0537_s11_fullgrid_idx000651.bin",
  "txbits_file": "f0537_s11_txbits_idx001074_rnti04660.bin",
  "llr_file": "f0537_s11_llr_idx000651.bin",
  "ldpc_cfg_file": "f0537_s11_ldpc.json"
}