{
  "frame": 606,
  "slot": 11,
  "fg_idx": 789,
  "fg_mtime": 1764948396.6724293,
  "tx_idx": 1212,
  "tx_mtime": 1764948396.6704292,
  "llr_idx": 789,
  "llr_mtime": 1764948396.6724293,
  "rnti": 4660,
  "fullgrid_file": "f0606_s11_fullgrid_idx000789.bin",
  "txbits_file": "f0606_s11_txbits_idx001212_rnti04660.bin",
  "llr_file": "f0606_s11_llr_idx000789.bin",
  "ldpc_cfg_file": "f0606_s11_ldpc.json"
}