{
  "frame": 554,
  "slot": 1,
  "fg_idx": 684,
  "fg_mtime": 1764948396.4504378,
  "tx_idx": 1107,
  "tx_mtime": 1764948396.448438,
  "llr_idx": 684,
  "llr_mtime": 1764948396.4504378,
  "rnti": 4660,
  "fullgrid_file": "f0554_s01_fullgrid_idx000684.bin",
  "txbits_file": "f0554_s01_txbits_idx001107_rnti04660.bin",
  "llr_file": "f0554_s01_llr_idx000684.bin",
  "ldpc_cfg_file": "f0554_s01_ldpc.json"
}