{
  "frame": 810,
  "slot": 1,
  "fg_idx": 1196,
  "fg_mtime": 1764948397.5793943,
  "tx_idx": 1619,
  "tx_mtime": 1764948397.5773945,
  "llr_idx": 1196,
  "llr_mtime": 1764948397.5793943,
  "rnti": 4660,
  "fullgrid_file": "f0810_s01_fullgrid_idx001196.bin",
  "txbits_file": "f0810_s01_txbits_idx001619_rnti04660.bin",
  "llr_file": "f0810_s01_llr_idx001196.bin",
  "ldpc_cfg_file": "f0810_s01_ldpc.json"
}