{
  "frame": 704,
  "slot": 1,
  "fg_idx": 984,
  "fg_mtime": 1764948397.094413,
  "tx_idx": 1407,
  "tx_mtime": 1764948397.0924132,
  "llr_idx": 984,
  "llr_mtime": 1764948397.094413,
  "rnti": 4660,
  "fullgrid_file": "f0704_s01_fullgrid_idx000984.bin",
  "txbits_file": "f0704_s01_txbits_idx001407_rnti04660.bin",
  "llr_file": "f0704_s01_llr_idx000984.bin",
  "ldpc_cfg_file": "f0704_s01_ldpc.json"
}