{
  "frame": 708,
  "slot": 11,
  "fg_idx": 993,
  "fg_mtime": 1764948397.1144123,
  "tx_idx": 1416,
  "tx_mtime": 1764948397.1124122,
  "llr_idx": 993,
  "llr_mtime": 1764948397.1144123,
  "rnti": 4660,
  "fullgrid_file": "f0708_s11_fullgrid_idx000993.bin",
  "txbits_file": "f0708_s11_txbits_idx001416_rnti04660.bin",
  "llr_file": "f0708_s11_llr_idx000993.bin",
  "ldpc_cfg_file": "f0708_s11_ldpc.json"
}