{
  "frame": 524,
  "slot": 11,
  "fg_idx": 625,
  "fg_mtime": 1764948396.2954438,
  "tx_idx": 1048,
  "tx_mtime": 1764948396.2934437,
  "llr_idx": 625,
  "llr_mtime": 1764948396.2964437,
  "rnti": 4660,
  "fullgrid_file": "f0524_s11_fullgrid_idx000625.bin",
  "txbits_file": "f0524_s11_txbits_idx001048_rnti04660.bin",
  "llr_file": "f0524_s11_llr_idx000625.bin",
  "ldpc_cfg_file": "f0524_s11_ldpc.json"
}