{
  "frame": 962,
  "slot": 1,
  "fg_idx": 1500,
  "fg_mtime": 1764948398.2873673,
  "tx_idx": 1923,
  "tx_mtime": 1764948398.2853675,
  "llr_idx": 1500,
  "llr_mtime": 1764948398.2873673,
  "rnti": 4660,
  "fullgrid_file": "f0962_s01_fullgrid_idx001500.bin",
  "txbits_file": "f0962_s01_txbits_idx001923_rnti04660.bin",
  "llr_file": "f0962_s01_llr_idx001500.bin",
  "ldpc_cfg_file": "f0962_s01_ldpc.json"
}