{
  "frame": 246,
  "slot": 11,
  "fg_idx": 69,
  "fg_mtime": 1764948395.0274925,
  "tx_idx": 492,
  "tx_mtime": 1764948395.0264926,
  "llr_idx": 69,
  "llr_mtime": 1764948395.0284925,
  "rnti": 4660,
  "fullgrid_file": "f0246_s11_fullgrid_idx000069.bin",
  "txbits_file": "f0246_s11_txbits_idx000492_rnti04660.bin",
  "llr_file": "f0246_s11_llr_idx000069.bin",
  "ldpc_cfg_file": "f0246_s11_ldpc.json"
}