{
  "frame": 305,
  "slot": 1,
  "fg_idx": 186,
  "fg_mtime": 1764948395.2904823,
  "tx_idx": 609,
  "tx_mtime": 1764948395.2884824,
  "llr_idx": 186,
  "llr_mtime": 1764948395.2904823,
  "rnti": 4660,
  "fullgrid_file": "f0305_s01_fullgrid_idx000186.bin",
  "txbits_file": "f0305_s01_txbits_idx000609_rnti04660.bin",
  "llr_file": "f0305_s01_llr_idx000186.bin",
  "ldpc_cfg_file": "f0305_s01_ldpc.json"
}