{
  "frame": 593,
  "slot": 11,
  "fg_idx": 763,
  "fg_mtime": 1764948396.6164315,
  "tx_idx": 1186,
  "tx_mtime": 1764948396.6144314,
  "llr_idx": 763,
  "llr_mtime": 1764948396.6164315,
  "rnti": 4660,
  "fullgrid_file": "f0593_s11_fullgrid_idx000763.bin",
  "txbits_file": "f0593_s11_txbits_idx001186_rnti04660.bin",
  "llr_file": "f0593_s11_llr_idx000763.bin",
  "ldpc_cfg_file": "f0593_s11_ldpc.json"
}