{
  "frame": 815,
  "slot": 1,
  "fg_idx": 1206,
  "fg_mtime": 1764948397.6033936,
  "tx_idx": 1629,
  "tx_mtime": 1764948397.6013937,
  "llr_idx": 1206,
  "llr_mtime": 1764948397.6033936,
  "rnti": 4660,
  "fullgrid_file": "f0815_s01_fullgrid_idx001206.bin",
  "txbits_file": "f0815_s01_txbits_idx001629_rnti04660.bin",
  "llr_file": "f0815_s01_llr_idx001206.bin",
  "ldpc_cfg_file": "f0815_s01_ldpc.json"
}