{
  "frame": 444,
  "slot": 11,
  "fg_idx": 465,
  "fg_mtime": 1764948395.9274578,
  "tx_idx": 888,
  "tx_mtime": 1764948395.926458,
  "llr_idx": 465,
  "llr_mtime": 1764948395.9274578,
  "rnti": 4660,
  "fullgrid_file": "f0444_s11_fullgrid_idx000465.bin",
  "txbits_file": "f0444_s11_txbits_idx000888_rnti04660.bin",
  "llr_file": "f0444_s11_llr_idx000465.bin",
  "ldpc_cfg_file": "f0444_s11_ldpc.json"
}