{
  "frame": 557,
  "slot": 1,
  "fg_idx": 690,
  "fg_mtime": 1764948396.4634373,
  "tx_idx": 1113,
  "tx_mtime": 1764948396.4614372,
  "llr_idx": 690,
  "llr_mtime": 1764948396.4634373,
  "rnti": 4660,
  "fullgrid_file": "f0557_s01_fullgrid_idx000690.bin",
  "txbits_file": "f0557_s01_txbits_idx001113_rnti04660.bin",
  "llr_file": "f0557_s01_llr_idx000690.bin",
  "ldpc_cfg_file": "f0557_s01_ldpc.json"
}