{
  "frame": 836,
  "slot": 11,
  "fg_idx": 1249,
  "fg_mtime": 1764948397.7033896,
  "tx_idx": 1672,
  "tx_mtime": 1764948397.7013898,
  "llr_idx": 1249,
  "llr_mtime": 1764948397.7033896,
  "rnti": 4660,
  "fullgrid_file": "f0836_s11_fullgrid_idx001249.bin",
  "txbits_file": "f0836_s11_txbits_idx001672_rnti04660.bin",
  "llr_file": "f0836_s11_llr_idx001249.bin",
  "ldpc_cfg_file": "f0836_s11_ldpc.json"
}