{
  "frame": 882,
  "slot": 11,
  "fg_idx": 1341,
  "fg_mtime": 1764948397.9133816,
  "tx_idx": 1764,
  "tx_mtime": 1764948397.9123816,
  "llr_idx": 1341,
  "llr_mtime": 1764948397.9143815,
  "rnti": 4660,
  "fullgrid_file": "f0882_s11_fullgrid_idx001341.bin",
  "txbits_file": "f0882_s11_txbits_idx001764_rnti04660.bin",
  "llr_file": "f0882_s11_llr_idx001341.bin",
  "ldpc_cfg_file": "f0882_s11_ldpc.json"
}