{
  "frame": 914,
  "slot": 1,
  "fg_idx": 1404,
  "fg_mtime": 1764948398.059376,
  "tx_idx": 1827,
  "tx_mtime": 1764948398.058376,
  "llr_idx": 1404,
  "llr_mtime": 1764948398.060376,
  "rnti": 4660,
  "fullgrid_file": "f0914_s01_fullgrid_idx001404.bin",
  "txbits_file": "f0914_s01_txbits_idx001827_rnti04660.bin",
  "llr_file": "f0914_s01_llr_idx001404.bin",
  "ldpc_cfg_file": "f0914_s01_ldpc.json"
}