{
  "frame": 465,
  "slot": 11,
  "fg_idx": 507,
  "fg_mtime": 1764948396.0234542,
  "tx_idx": 930,
  "tx_mtime": 1764948396.0224543,
  "llr_idx": 507,
  "llr_mtime": 1764948396.0234542,
  "rnti": 4660,
  "fullgrid_file": "f0465_s11_fullgrid_idx000507.bin",
  "txbits_file": "f0465_s11_txbits_idx000930_rnti04660.bin",
  "llr_file": "f0465_s11_llr_idx000507.bin",
  "ldpc_cfg_file": "f0465_s11_ldpc.json"
}