{
  "frame": 638,
  "slot": 1,
  "fg_idx": 852,
  "fg_mtime": 1764948396.8064241,
  "tx_idx": 1275,
  "tx_mtime": 1764948396.8054242,
  "llr_idx": 852,
  "llr_mtime": 1764948396.8064241,
  "rnti": 4660,
  "fullgrid_file": "f0638_s01_fullgrid_idx000852.bin",
  "txbits_file": "f0638_s01_txbits_idx001275_rnti04660.bin",
  "llr_file": "f0638_s01_llr_idx000852.bin",
  "ldpc_cfg_file": "f0638_s01_ldpc.json"
}