{
  "frame": 691,
  "slot": 1,
  "fg_idx": 958,
  "fg_mtime": 1764948397.0364153,
  "tx_idx": 1381,
  "tx_mtime": 1764948397.0354152,
  "llr_idx": 958,
  "llr_mtime": 1764948397.0374153,
  "rnti": 4660,
  "fullgrid_file": "f0691_s01_fullgrid_idx000958.bin",
  "txbits_file": "f0691_s01_txbits_idx001381_rnti04660.bin",
  "llr_file": "f0691_s01_llr_idx000958.bin",
  "ldpc_cfg_file": "f0691_s01_ldpc.json"
}