{
  "frame": 742,
  "slot": 1,
  "fg_idx": 1060,
  "fg_mtime": 1764948397.2624066,
  "tx_idx": 1483,
  "tx_mtime": 1764948397.2594068,
  "llr_idx": 1060,
  "llr_mtime": 1764948397.2624066,
  "rnti": 4660,
  "fullgrid_file": "f0742_s01_fullgrid_idx001060.bin",
  "txbits_file": "f0742_s01_txbits_idx001483_rnti04660.bin",
  "llr_file": "f0742_s01_llr_idx001060.bin",
  "ldpc_cfg_file": "f0742_s01_ldpc.json"
}