{
  "frame": 503,
  "slot": 11,
  "fg_idx": 583,
  "fg_mtime": 1764948396.1974475,
  "tx_idx": 1006,
  "tx_mtime": 1764948396.1964476,
  "llr_idx": 583,
  "llr_mtime": 1764948396.1984475,
  "rnti": 4660,
  "fullgrid_file": "f0503_s11_fullgrid_idx000583.bin",
  "txbits_file": "f0503_s11_txbits_idx001006_rnti04660.bin",
  "llr_file": "f0503_s11_llr_idx000583.bin",
  "ldpc_cfg_file": "f0503_s11_ldpc.json"
}