{
  "frame": 428,
  "slot": 1,
  "fg_idx": 432,
  "fg_mtime": 1764948395.8544607,
  "tx_idx": 855,
  "tx_mtime": 1764948395.8524606,
  "llr_idx": 432,
  "llr_mtime": 1764948395.8544607,
  "rnti": 4660,
  "fullgrid_file": "f0428_s01_fullgrid_idx000432.bin",
  "txbits_file": "f0428_s01_txbits_idx000855_rnti04660.bin",
  "llr_file": "f0428_s01_llr_idx000432.bin",
  "ldpc_cfg_file": "f0428_s01_ldpc.json"
}