{
  "frame": 932,
  "slot": 1,
  "fg_idx": 1440,
  "fg_mtime": 1764948398.1433728,
  "tx_idx": 1863,
  "tx_mtime": 1764948398.1423728,
  "llr_idx": 1440,
  "llr_mtime": 1764948398.1443727,
  "rnti": 4660,
  "fullgrid_file": "f0932_s01_fullgrid_idx001440.bin",
  "txbits_file": "f0932_s01_txbits_idx001863_rnti04660.bin",
  "llr_file": "f0932_s01_llr_idx001440.bin",
  "ldpc_cfg_file": "f0932_s01_ldpc.json"
}