{
  "frame": 332,
  "slot": 11,
  "fg_idx": 241,
  "fg_mtime": 1764948395.4154775,
  "tx_idx": 664,
  "tx_mtime": 1764948395.4144776,
  "llr_idx": 241,
  "llr_mtime": 1764948395.4154775,
  "rnti": 4660,
  "fullgrid_file": "f0332_s11_fullgrid_idx000241.bin",
  "txbits_file": "f0332_s11_txbits_idx000664_rnti04660.bin",
  "llr_file": "f0332_s11_llr_idx000241.bin",
  "ldpc_cfg_file": "f0332_s11_ldpc.json"
}