{
  "frame": 816,
  "slot": 11,
  "fg_idx": 1209,
  "fg_mtime": 1764948397.6093934,
  "tx_idx": 1632,
  "tx_mtime": 1764948397.6083934,
  "llr_idx": 1209,
  "llr_mtime": 1764948397.6093934,
  "rnti": 4660,
  "fullgrid_file": "f0816_s11_fullgrid_idx001209.bin",
  "txbits_file": "f0816_s11_txbits_idx001632_rnti04660.bin",
  "llr_file": "f0816_s11_llr_idx001209.bin",
  "ldpc_cfg_file": "f0816_s11_ldpc.json"
}