{
  "frame": 424,
  "slot": 1,
  "fg_idx": 424,
  "fg_mtime": 1764948395.8364613,
  "tx_idx": 847,
  "tx_mtime": 1764948395.8344615,
  "llr_idx": 424,
  "llr_mtime": 1764948395.8364613,
  "rnti": 4660,
  "fullgrid_file": "f0424_s01_fullgrid_idx000424.bin",
  "txbits_file": "f0424_s01_txbits_idx000847_rnti04660.bin",
  "llr_file": "f0424_s01_llr_idx000424.bin",
  "ldpc_cfg_file": "f0424_s01_ldpc.json"
}