{
  "frame": 458,
  "slot": 1,
  "fg_idx": 492,
  "fg_mtime": 1764948395.9894555,
  "tx_idx": 915,
  "tx_mtime": 1764948395.9884555,
  "llr_idx": 492,
  "llr_mtime": 1764948395.9894555,
  "rnti": 4660,
  "fullgrid_file": "f0458_s01_fullgrid_idx000492.bin",
  "txbits_file": "f0458_s01_txbits_idx000915_rnti04660.bin",
  "llr_file": "f0458_s01_llr_idx000492.bin",
  "ldpc_cfg_file": "f0458_s01_ldpc.json"
}