{
  "frame": 227,
  "slot": 11,
  "fg_idx": 31,
  "fg_mtime": 1764948394.9484956,
  "tx_idx": 454,
  "tx_mtime": 1764948394.9464955,
  "llr_idx": 31,
  "llr_mtime": 1764948394.9484956,
  "rnti": 4660,
  "fullgrid_file": "f0227_s11_fullgrid_idx000031.bin",
  "txbits_file": "f0227_s11_txbits_idx000454_rnti04660.bin",
  "llr_file": "f0227_s11_llr_idx000031.bin",
  "ldpc_cfg_file": "f0227_s11_ldpc.json"
}