{
  "frame": 374,
  "slot": 1,
  "fg_idx": 324,
  "fg_mtime": 1764948395.6054702,
  "tx_idx": 747,
  "tx_mtime": 1764948395.6044703,
  "llr_idx": 324,
  "llr_mtime": 1764948395.60647,
  "rnti": 4660,
  "fullgrid_file": "f0374_s01_fullgrid_idx000324.bin",
  "txbits_file": "f0374_s01_txbits_idx000747_rnti04660.bin",
  "llr_file": "f0374_s01_llr_idx000324.bin",
  "ldpc_cfg_file": "f0374_s01_ldpc.json"
}