{
  "frame": 853,
  "slot": 1,
  "fg_idx": 1282,
  "fg_mtime": 1764948397.7783868,
  "tx_idx": 1705,
  "tx_mtime": 1764948397.777387,
  "llr_idx": 1282,
  "llr_mtime": 1764948397.7783868,
  "rnti": 4660,
  "fullgrid_file": "f0853_s01_fullgrid_idx001282.bin",
  "txbits_file": "f0853_s01_txbits_idx001705_rnti04660.bin",
  "llr_file": "f0853_s01_llr_idx001282.bin",
  "ldpc_cfg_file": "f0853_s01_ldpc.json"
}