{
  "frame": 880,
  "slot": 11,
  "fg_idx": 1337,
  "fg_mtime": 1764948397.904382,
  "tx_idx": 1760,
  "tx_mtime": 1764948397.903382,
  "llr_idx": 1337,
  "llr_mtime": 1764948397.905382,
  "rnti": 4660,
  "fullgrid_file": "f0880_s11_fullgrid_idx001337.bin",
  "txbits_file": "f0880_s11_txbits_idx001760_rnti04660.bin",
  "llr_file": "f0880_s11_llr_idx001337.bin",
  "ldpc_cfg_file": "f0880_s11_ldpc.json"
}