{
  "frame": 351,
  "slot": 1,
  "fg_idx": 278,
  "fg_mtime": 1764948395.5014741,
  "tx_idx": 701,
  "tx_mtime": 1764948395.4994743,
  "llr_idx": 278,
  "llr_mtime": 1764948395.5014741,
  "rnti": 4660,
  "fullgrid_file": "f0351_s01_fullgrid_idx000278.bin",
  "txbits_file": "f0351_s01_txbits_idx000701_rnti04660.bin",
  "llr_file": "f0351_s01_llr_idx000278.bin",
  "ldpc_cfg_file": "f0351_s01_ldpc.json"
}