{
  "frame": 241,
  "slot": 1,
  "fg_idx": 58,
  "fg_mtime": 1764948395.0044935,
  "tx_idx": 481,
  "tx_mtime": 1764948395.0024934,
  "llr_idx": 58,
  "llr_mtime": 1764948395.0044935,
  "rnti": 4660,
  "fullgrid_file": "f0241_s01_fullgrid_idx000058.bin",
  "txbits_file": "f0241_s01_txbits_idx000481_rnti04660.bin",
  "llr_file": "f0241_s01_llr_idx000058.bin",
  "ldpc_cfg_file": "f0241_s01_ldpc.json"
}