{
  "frame": 799,
  "slot": 1,
  "fg_idx": 1174,
  "fg_mtime": 1764948397.5263965,
  "tx_idx": 1597,
  "tx_mtime": 1764948397.5253966,
  "llr_idx": 1174,
  "llr_mtime": 1764948397.5273964,
  "rnti": 4660,
  "fullgrid_file": "f0799_s01_fullgrid_idx001174.bin",
  "txbits_file": "f0799_s01_txbits_idx001597_rnti04660.bin",
  "llr_file": "f0799_s01_llr_idx001174.bin",
  "ldpc_cfg_file": "f0799_s01_ldpc.json"
}