{
  "frame": 950,
  "slot": 1,
  "fg_idx": 1476,
  "fg_mtime": 1764948398.2303696,
  "tx_idx": 1899,
  "tx_mtime": 1764948398.2283697,
  "llr_idx": 1476,
  "llr_mtime": 1764948398.2303696,
  "rnti": 4660,
  "fullgrid_file": "f0950_s01_fullgrid_idx001476.bin",
  "txbits_file": "f0950_s01_txbits_idx001899_rnti04660.bin",
  "llr_file": "f0950_s01_llr_idx001476.bin",
  "ldpc_cfg_file": "f0950_s01_ldpc.json"
}