{
  "frame": 726,
  "slot": 1,
  "fg_idx": 1028,
  "fg_mtime": 1764948397.1904094,
  "tx_idx": 1451,
  "tx_mtime": 1764948397.1894095,
  "llr_idx": 1028,
  "llr_mtime": 1764948397.1904094,
  "rnti": 4660,
  "fullgrid_file": "f0726_s01_fullgrid_idx001028.bin",
  "txbits_file": "f0726_s01_txbits_idx001451_rnti04660.bin",
  "llr_file": "f0726_s01_llr_idx001028.bin",
  "ldpc_cfg_file": "f0726_s01_ldpc.json"
}