{
  "frame": 637,
  "slot": 11,
  "fg_idx": 851,
  "fg_mtime": 1764948396.804424,
  "tx_idx": 1274,
  "tx_mtime": 1764948396.8034241,
  "llr_idx": 851,
  "llr_mtime": 1764948396.8054242,
  "rnti": 4660,
  "fullgrid_file": "f0637_s11_fullgrid_idx000851.bin",
  "txbits_file": "f0637_s11_txbits_idx001274_rnti04660.bin",
  "llr_file": "f0637_s11_llr_idx000851.bin",
  "ldpc_cfg_file": "f0637_s11_ldpc.json"
}