{
  "frame": 807,
  "slot": 11,
  "fg_idx": 1191,
  "fg_mtime": 1764948397.567395,
  "tx_idx": 1614,
  "tx_mtime": 1764948397.5653949,
  "llr_idx": 1191,
  "llr_mtime": 1764948397.567395,
  "rnti": 4660,
  "fullgrid_file": "f0807_s11_fullgrid_idx001191.bin",
  "txbits_file": "f0807_s11_txbits_idx001614_rnti04660.bin",
  "llr_file": "f0807_s11_llr_idx001191.bin",
  "ldpc_cfg_file": "f0807_s11_ldpc.json"
}