{
  "frame": 625,
  "slot": 11,
  "fg_idx": 827,
  "fg_mtime": 1764948396.754426,
  "tx_idx": 1250,
  "tx_mtime": 1764948396.753426,
  "llr_idx": 827,
  "llr_mtime": 1764948396.755426,
  "rnti": 4660,
  "fullgrid_file": "f0625_s11_fullgrid_idx000827.bin",
  "txbits_file": "f0625_s11_txbits_idx001250_rnti04660.bin",
  "llr_file": "f0625_s11_llr_idx000827.bin",
  "ldpc_cfg_file": "f0625_s11_ldpc.json"
}