{
  "frame": 975,
  "slot": 11,
  "fg_idx": 1527,
  "fg_mtime": 1764948398.3553648,
  "tx_idx": 1950,
  "tx_mtime": 1764948398.3533647,
  "llr_idx": 1527,
  "llr_mtime": 1764948398.3553648,
  "rnti": 4660,
  "fullgrid_file": "f0975_s11_fullgrid_idx001527.bin",
  "txbits_file": "f0975_s11_txbits_idx001950_rnti04660.bin",
  "llr_file": "f0975_s11_llr_idx001527.bin",
  "ldpc_cfg_file": "f0975_s11_ldpc.json"
}