{
  "frame": 875,
  "slot": 1,
  "fg_idx": 1326,
  "fg_mtime": 1764948397.8793828,
  "tx_idx": 1749,
  "tx_mtime": 1764948397.877383,
  "llr_idx": 1326,
  "llr_mtime": 1764948397.8793828,
  "rnti": 4660,
  "fullgrid_file": "f0875_s01_fullgrid_idx001326.bin",
  "txbits_file": "f0875_s01_txbits_idx001749_rnti04660.bin",
  "llr_file": "f0875_s01_llr_idx001326.bin",
  "ldpc_cfg_file": "f0875_s01_ldpc.json"
}