{
  "frame": 764,
  "slot": 11,
  "fg_idx": 1105,
  "fg_mtime": 1764948397.3664026,
  "tx_idx": 1528,
  "tx_mtime": 1764948397.3644028,
  "llr_idx": 1105,
  "llr_mtime": 1764948397.3664026,
  "rnti": 4660,
  "fullgrid_file": "f0764_s11_fullgrid_idx001105.bin",
  "txbits_file": "f0764_s11_txbits_idx001528_rnti04660.bin",
  "llr_file": "f0764_s11_llr_idx001105.bin",
  "ldpc_cfg_file": "f0764_s11_ldpc.json"
}