{
  "frame": 225,
  "slot": 11,
  "fg_idx": 27,
  "fg_mtime": 1764948394.940496,
  "tx_idx": 450,
  "tx_mtime": 1764948394.9384959,
  "llr_idx": 27,
  "llr_mtime": 1764948394.940496,
  "rnti": 4660,
  "fullgrid_file": "f0225_s11_fullgrid_idx000027.bin",
  "txbits_file": "f0225_s11_txbits_idx000450_rnti04660.bin",
  "llr_file": "f0225_s11_llr_idx000027.bin",
  "ldpc_cfg_file": "f0225_s11_ldpc.json"
}