{
  "frame": 457,
  "slot": 11,
  "fg_idx": 491,
  "fg_mtime": 1764948395.9874556,
  "tx_idx": 914,
  "tx_mtime": 1764948395.9854555,
  "llr_idx": 491,
  "llr_mtime": 1764948395.9874556,
  "rnti": 4660,
  "fullgrid_file": "f0457_s11_fullgrid_idx000491.bin",
  "txbits_file": "f0457_s11_txbits_idx000914_rnti04660.bin",
  "llr_file": "f0457_s11_llr_idx000491.bin",
  "ldpc_cfg_file": "f0457_s11_ldpc.json"
}