{
  "frame": 598,
  "slot": 1,
  "fg_idx": 772,
  "fg_mtime": 1764948396.6354306,
  "tx_idx": 1195,
  "tx_mtime": 1764948396.6334307,
  "llr_idx": 772,
  "llr_mtime": 1764948396.6354306,
  "rnti": 4660,
  "fullgrid_file": "f0598_s01_fullgrid_idx000772.bin",
  "txbits_file": "f0598_s01_txbits_idx001195_rnti04660.bin",
  "llr_file": "f0598_s01_llr_idx000772.bin",
  "ldpc_cfg_file": "f0598_s01_ldpc.json"
}