{
  "frame": 230,
  "slot": 11,
  "fg_idx": 37,
  "fg_mtime": 1764948394.960495,
  "tx_idx": 460,
  "tx_mtime": 1764948394.959495,
  "llr_idx": 37,
  "llr_mtime": 1764948394.960495,
  "rnti": 4660,
  "fullgrid_file": "f0230_s11_fullgrid_idx000037.bin",
  "txbits_file": "f0230_s11_txbits_idx000460_rnti04660.bin",
  "llr_file": "f0230_s11_llr_idx000037.bin",
  "ldpc_cfg_file": "f0230_s11_ldpc.json"
}