{
  "frame": 995,
  "slot": 11,
  "fg_idx": 1567,
  "fg_mtime": 1764948398.452361,
  "tx_idx": 1990,
  "tx_mtime": 1764948398.4513612,
  "llr_idx": 1567,
  "llr_mtime": 1764948398.453361,
  "rnti": 4660,
  "fullgrid_file": "f0995_s11_fullgrid_idx001567.bin",
  "txbits_file": "f0995_s11_txbits_idx001990_rnti04660.bin",
  "llr_file": "f0995_s11_llr_idx001567.bin",
  "ldpc_cfg_file": "f0995_s11_ldpc.json"
}