{
  "frame": 457,
  "slot": 1,
  "fg_idx": 490,
  "fg_mtime": 1764948395.9854555,
  "tx_idx": 913,
  "tx_mtime": 1764948395.9834557,
  "llr_idx": 490,
  "llr_mtime": 1764948395.9854555,
  "rnti": 4660,
  "fullgrid_file": "f0457_s01_fullgrid_idx000490.bin",
  "txbits_file": "f0457_s01_txbits_idx000913_rnti04660.bin",
  "llr_file": "f0457_s01_llr_idx000490.bin",
  "ldpc_cfg_file": "f0457_s01_ldpc.json"
}