{
  "frame": 824,
  "slot": 1,
  "fg_idx": 1224,
  "fg_mtime": 1764948397.645392,
  "tx_idx": 1647,
  "tx_mtime": 1764948397.643392,
  "llr_idx": 1224,
  "llr_mtime": 1764948397.645392,
  "rnti": 4660,
  "fullgrid_file": "f0824_s01_fullgrid_idx001224.bin",
  "txbits_file": "f0824_s01_txbits_idx001647_rnti04660.bin",
  "llr_file": "f0824_s01_llr_idx001224.bin",
  "ldpc_cfg_file": "f0824_s01_ldpc.json"
}