{
  "frame": 472,
  "slot": 11,
  "fg_idx": 521,
  "fg_mtime": 1764948396.056453,
  "tx_idx": 944,
  "tx_mtime": 1764948396.054453,
  "llr_idx": 521,
  "llr_mtime": 1764948396.056453,
  "rnti": 4660,
  "fullgrid_file": "f0472_s11_fullgrid_idx000521.bin",
  "txbits_file": "f0472_s11_txbits_idx000944_rnti04660.bin",
  "llr_file": "f0472_s11_llr_idx000521.bin",
  "ldpc_cfg_file": "f0472_s11_ldpc.json"
}