{
  "frame": 997,
  "slot": 1,
  "fg_idx": 1570,
  "fg_mtime": 1764948398.458361,
  "tx_idx": 1993,
  "tx_mtime": 1764948398.4573607,
  "llr_idx": 1570,
  "llr_mtime": 1764948398.4593608,
  "rnti": 4660,
  "fullgrid_file": "f0997_s01_fullgrid_idx001570.bin",
  "txbits_file": "f0997_s01_txbits_idx001993_rnti04660.bin",
  "llr_file": "f0997_s01_llr_idx001570.bin",
  "ldpc_cfg_file": "f0997_s01_ldpc.json"
}