{
  "frame": 316,
  "slot": 1,
  "fg_idx": 208,
  "fg_mtime": 1764948395.3394804,
  "tx_idx": 631,
  "tx_mtime": 1764948395.3374805,
  "llr_idx": 208,
  "llr_mtime": 1764948395.3394804,
  "rnti": 4660,
  "fullgrid_file": "f0316_s01_fullgrid_idx000208.bin",
  "txbits_file": "f0316_s01_txbits_idx000631_rnti04660.bin",
  "llr_file": "f0316_s01_llr_idx000208.bin",
  "ldpc_cfg_file": "f0316_s01_ldpc.json"
}