{
  "frame": 453,
  "slot": 1,
  "fg_idx": 482,
  "fg_mtime": 1764948395.9664564,
  "tx_idx": 905,
  "tx_mtime": 1764948395.9654565,
  "llr_idx": 482,
  "llr_mtime": 1764948395.9664564,
  "rnti": 4660,
  "fullgrid_file": "f0453_s01_fullgrid_idx000482.bin",
  "txbits_file": "f0453_s01_txbits_idx000905_rnti04660.bin",
  "llr_file": "f0453_s01_llr_idx000482.bin",
  "ldpc_cfg_file": "f0453_s01_ldpc.json"
}