{
  "frame": 783,
  "slot": 11,
  "fg_idx": 1143,
  "fg_mtime": 1764948397.4553993,
  "tx_idx": 1566,
  "tx_mtime": 1764948397.4533992,
  "llr_idx": 1143,
  "llr_mtime": 1764948397.4553993,
  "rnti": 4660,
  "fullgrid_file": "f0783_s11_fullgrid_idx001143.bin",
  "txbits_file": "f0783_s11_txbits_idx001566_rnti04660.bin",
  "llr_file": "f0783_s11_llr_idx001143.bin",
  "ldpc_cfg_file": "f0783_s11_ldpc.json"
}