{
  "frame": 323,
  "slot": 11,
  "fg_idx": 223,
  "fg_mtime": 1764948395.3734791,
  "tx_idx": 646,
  "tx_mtime": 1764948395.3724792,
  "llr_idx": 223,
  "llr_mtime": 1764948395.374479,
  "rnti": 4660,
  "fullgrid_file": "f0323_s11_fullgrid_idx000223.bin",
  "txbits_file": "f0323_s11_txbits_idx000646_rnti04660.bin",
  "llr_file": "f0323_s11_llr_idx000223.bin",
  "ldpc_cfg_file": "f0323_s11_ldpc.json"
}