{
  "frame": 952,
  "slot": 1,
  "fg_idx": 1480,
  "fg_mtime": 1764948398.240369,
  "tx_idx": 1903,
  "tx_mtime": 1764948398.2383692,
  "llr_idx": 1480,
  "llr_mtime": 1764948398.240369,
  "rnti": 4660,
  "fullgrid_file": "f0952_s01_fullgrid_idx001480.bin",
  "txbits_file": "f0952_s01_txbits_idx001903_rnti04660.bin",
  "llr_file": "f0952_s01_llr_idx001480.bin",
  "ldpc_cfg_file": "f0952_s01_ldpc.json"
}