{
  "frame": 343,
  "slot": 11,
  "fg_idx": 263,
  "fg_mtime": 1764948395.4674757,
  "tx_idx": 686,
  "tx_mtime": 1764948395.4654756,
  "llr_idx": 263,
  "llr_mtime": 1764948395.4674757,
  "rnti": 4660,
  "fullgrid_file": "f0343_s11_fullgrid_idx000263.bin",
  "txbits_file": "f0343_s11_txbits_idx000686_rnti04660.bin",
  "llr_file": "f0343_s11_llr_idx000263.bin",
  "ldpc_cfg_file": "f0343_s11_ldpc.json"
}