{
  "frame": 285,
  "slot": 11,
  "fg_idx": 147,
  "fg_mtime": 1764948395.2054856,
  "tx_idx": 570,
  "tx_mtime": 1764948395.2034857,
  "llr_idx": 147,
  "llr_mtime": 1764948395.2054856,
  "rnti": 4660,
  "fullgrid_file": "f0285_s11_fullgrid_idx000147.bin",
  "txbits_file": "f0285_s11_txbits_idx000570_rnti04660.bin",
  "llr_file": "f0285_s11_llr_idx000147.bin",
  "ldpc_cfg_file": "f0285_s11_ldpc.json"
}