{
  "frame": 370,
  "slot": 11,
  "fg_idx": 317,
  "fg_mtime": 1764948395.5894709,
  "tx_idx": 740,
  "tx_mtime": 1764948395.588471,
  "llr_idx": 317,
  "llr_mtime": 1764948395.5894709,
  "rnti": 4660,
  "fullgrid_file": "f0370_s11_fullgrid_idx000317.bin",
  "txbits_file": "f0370_s11_txbits_idx000740_rnti04660.bin",
  "llr_file": "f0370_s11_llr_idx000317.bin",
  "ldpc_cfg_file": "f0370_s11_ldpc.json"
}