{
  "frame": 366,
  "slot": 1,
  "fg_idx": 308,
  "fg_mtime": 1764948395.5704715,
  "tx_idx": 731,
  "tx_mtime": 1764948395.5684717,
  "llr_idx": 308,
  "llr_mtime": 1764948395.5704715,
  "rnti": 4660,
  "fullgrid_file": "f0366_s01_fullgrid_idx000308.bin",
  "txbits_file": "f0366_s01_txbits_idx000731_rnti04660.bin",
  "llr_file": "f0366_s01_llr_idx000308.bin",
  "ldpc_cfg_file": "f0366_s01_ldpc.json"
}