{
  "frame": 257,
  "slot": 1,
  "fg_idx": 90,
  "fg_mtime": 1764948395.0754907,
  "tx_idx": 513,
  "tx_mtime": 1764948395.0734906,
  "llr_idx": 90,
  "llr_mtime": 1764948395.0754907,
  "rnti": 4660,
  "fullgrid_file": "f0257_s01_fullgrid_idx000090.bin",
  "txbits_file": "f0257_s01_txbits_idx000513_rnti04660.bin",
  "llr_file": "f0257_s01_llr_idx000090.bin",
  "ldpc_cfg_file": "f0257_s01_ldpc.json"
}