{
  "frame": 279,
  "slot": 11,
  "fg_idx": 135,
  "fg_mtime": 1764948395.1784866,
  "tx_idx": 558,
  "tx_mtime": 1764948395.1774867,
  "llr_idx": 135,
  "llr_mtime": 1764948395.1784866,
  "rnti": 4660,
  "fullgrid_file": "f0279_s11_fullgrid_idx000135.bin",
  "txbits_file": "f0279_s11_txbits_idx000558_rnti04660.bin",
  "llr_file": "f0279_s11_llr_idx000135.bin",
  "ldpc_cfg_file": "f0279_s11_ldpc.json"
}