{
  "frame": 927,
  "slot": 11,
  "fg_idx": 1431,
  "fg_mtime": 1764948398.1223736,
  "tx_idx": 1854,
  "tx_mtime": 1764948398.1203737,
  "llr_idx": 1431,
  "llr_mtime": 1764948398.1223736,
  "rnti": 4660,
  "fullgrid_file": "f0927_s11_fullgrid_idx001431.bin",
  "txbits_file": "f0927_s11_txbits_idx001854_rnti04660.bin",
  "llr_file": "f0927_s11_llr_idx001431.bin",
  "ldpc_cfg_file": "f0927_s11_ldpc.json"
}