{
  "frame": 711,
  "slot": 11,
  "fg_idx": 999,
  "fg_mtime": 1764948397.1264117,
  "tx_idx": 1422,
  "tx_mtime": 1764948397.1254117,
  "llr_idx": 999,
  "llr_mtime": 1764948397.1264117,
  "rnti": 4660,
  "fullgrid_file": "f0711_s11_fullgrid_idx000999.bin",
  "txbits_file": "f0711_s11_txbits_idx001422_rnti04660.bin",
  "llr_file": "f0711_s11_llr_idx000999.bin",
  "ldpc_cfg_file": "f0711_s11_ldpc.json"
}