{
  "frame": 306,
  "slot": 1,
  "fg_idx": 188,
  "fg_mtime": 1764948395.2954822,
  "tx_idx": 611,
  "tx_mtime": 1764948395.2934823,
  "llr_idx": 188,
  "llr_mtime": 1764948395.2954822,
  "rnti": 4660,
  "fullgrid_file": "f0306_s01_fullgrid_idx000188.bin",
  "txbits_file": "f0306_s01_txbits_idx000611_rnti04660.bin",
  "llr_file": "f0306_s01_llr_idx000188.bin",
  "ldpc_cfg_file": "f0306_s01_ldpc.json"
}