{
  "frame": 596,
  "slot": 11,
  "fg_idx": 769,
  "fg_mtime": 1764948396.6294308,
  "tx_idx": 1192,
  "tx_mtime": 1764948396.627431,
  "llr_idx": 769,
  "llr_mtime": 1764948396.6294308,
  "rnti": 4660,
  "fullgrid_file": "f0596_s11_fullgrid_idx000769.bin",
  "txbits_file": "f0596_s11_txbits_idx001192_rnti04660.bin",
  "llr_file": "f0596_s11_llr_idx000769.bin",
  "ldpc_cfg_file": "f0596_s11_ldpc.json"
}