{
  "frame": 231,
  "slot": 11,
  "fg_idx": 39,
  "fg_mtime": 1764948394.9654949,
  "tx_idx": 462,
  "tx_mtime": 1764948394.963495,
  "llr_idx": 39,
  "llr_mtime": 1764948394.9654949,
  "rnti": 4660,
  "fullgrid_file": "f0231_s11_fullgrid_idx000039.bin",
  "txbits_file": "f0231_s11_txbits_idx000462_rnti04660.bin",
  "llr_file": "f0231_s11_llr_idx000039.bin",
  "ldpc_cfg_file": "f0231_s11_ldpc.json"
}