{
  "frame": 709,
  "slot": 11,
  "fg_idx": 995,
  "fg_mtime": 1764948397.118412,
  "tx_idx": 1418,
  "tx_mtime": 1764948397.1164122,
  "llr_idx": 995,
  "llr_mtime": 1764948397.118412,
  "rnti": 4660,
  "fullgrid_file": "f0709_s11_fullgrid_idx000995.bin",
  "txbits_file": "f0709_s11_txbits_idx001418_rnti04660.bin",
  "llr_file": "f0709_s11_llr_idx000995.bin",
  "ldpc_cfg_file": "f0709_s11_ldpc.json"
}