{
  "frame": 461,
  "slot": 1,
  "fg_idx": 498,
  "fg_mtime": 1764948396.003455,
  "tx_idx": 921,
  "tx_mtime": 1764948396.001455,
  "llr_idx": 498,
  "llr_mtime": 1764948396.003455,
  "rnti": 4660,
  "fullgrid_file": "f0461_s01_fullgrid_idx000498.bin",
  "txbits_file": "f0461_s01_txbits_idx000921_rnti04660.bin",
  "llr_file": "f0461_s01_llr_idx000498.bin",
  "ldpc_cfg_file": "f0461_s01_ldpc.json"
}