{
  "frame": 655,
  "slot": 11,
  "fg_idx": 887,
  "fg_mtime": 1764948396.881421,
  "tx_idx": 1310,
  "tx_mtime": 1764948396.8794212,
  "llr_idx": 887,
  "llr_mtime": 1764948396.881421,
  "rnti": 4660,
  "fullgrid_file": "f0655_s11_fullgrid_idx000887.bin",
  "txbits_file": "f0655_s11_txbits_idx001310_rnti04660.bin",
  "llr_file": "f0655_s11_llr_idx000887.bin",
  "ldpc_cfg_file": "f0655_s11_ldpc.json"
}