{
  "frame": 368,
  "slot": 11,
  "fg_idx": 313,
  "fg_mtime": 1764948395.5814712,
  "tx_idx": 736,
  "tx_mtime": 1764948395.5794713,
  "llr_idx": 313,
  "llr_mtime": 1764948395.5814712,
  "rnti": 4660,
  "fullgrid_file": "f0368_s11_fullgrid_idx000313.bin",
  "txbits_file": "f0368_s11_txbits_idx000736_rnti04660.bin",
  "llr_file": "f0368_s11_llr_idx000313.bin",
  "ldpc_cfg_file": "f0368_s11_ldpc.json"
}