{
  "frame": 258,
  "slot": 11,
  "fg_idx": 93,
  "fg_mtime": 1764948395.0814905,
  "tx_idx": 516,
  "tx_mtime": 1764948395.0804904,
  "llr_idx": 93,
  "llr_mtime": 1764948395.0814905,
  "rnti": 4660,
  "fullgrid_file": "f0258_s11_fullgrid_idx000093.bin",
  "txbits_file": "f0258_s11_txbits_idx000516_rnti04660.bin",
  "llr_file": "f0258_s11_llr_idx000093.bin",
  "ldpc_cfg_file": "f0258_s11_ldpc.json"
}