{
  "frame": 633,
  "slot": 11,
  "fg_idx": 843,
  "fg_mtime": 1764948396.7884247,
  "tx_idx": 1266,
  "tx_mtime": 1764948396.7864249,
  "llr_idx": 843,
  "llr_mtime": 1764948396.7884247,
  "rnti": 4660,
  "fullgrid_file": "f0633_s11_fullgrid_idx000843.bin",
  "txbits_file": "f0633_s11_txbits_idx001266_rnti04660.bin",
  "llr_file": "f0633_s11_llr_idx000843.bin",
  "ldpc_cfg_file": "f0633_s11_ldpc.json"
}