{
  "frame": 634,
  "slot": 11,
  "fg_idx": 845,
  "fg_mtime": 1764948396.7924247,
  "tx_idx": 1268,
  "tx_mtime": 1764948396.7904246,
  "llr_idx": 845,
  "llr_mtime": 1764948396.7924247,
  "rnti": 4660,
  "fullgrid_file": "f0634_s11_fullgrid_idx000845.bin",
  "txbits_file": "f0634_s11_txbits_idx001268_rnti04660.bin",
  "llr_file": "f0634_s11_llr_idx000845.bin",
  "ldpc_cfg_file": "f0634_s11_ldpc.json"
}