{
  "frame": 655,
  "slot": 1,
  "fg_idx": 886,
  "fg_mtime": 1764948396.8784213,
  "tx_idx": 1309,
  "tx_mtime": 1764948396.8764215,
  "llr_idx": 886,
  "llr_mtime": 1764948396.8794212,
  "rnti": 4660,
  "fullgrid_file": "f0655_s01_fullgrid_idx000886.bin",
  "txbits_file": "f0655_s01_txbits_idx001309_rnti04660.bin",
  "llr_file": "f0655_s01_llr_idx000886.bin",
  "ldpc_cfg_file": "f0655_s01_ldpc.json"
}