{
  "frame": 315,
  "slot": 11,
  "fg_idx": 207,
  "fg_mtime": 1764948395.3374805,
  "tx_idx": 630,
  "tx_mtime": 1764948395.3354807,
  "llr_idx": 207,
  "llr_mtime": 1764948395.3374805,
  "rnti": 4660,
  "fullgrid_file": "f0315_s11_fullgrid_idx000207.bin",
  "txbits_file": "f0315_s11_txbits_idx000630_rnti04660.bin",
  "llr_file": "f0315_s11_llr_idx000207.bin",
  "ldpc_cfg_file": "f0315_s11_ldpc.json"
}