{
  "frame": 620,
  "slot": 11,
  "fg_idx": 817,
  "fg_mtime": 1764948396.732427,
  "tx_idx": 1240,
  "tx_mtime": 1764948396.730427,
  "llr_idx": 817,
  "llr_mtime": 1764948396.7334268,
  "rnti": 4660,
  "fullgrid_file": "f0620_s11_fullgrid_idx000817.bin",
  "txbits_file": "f0620_s11_txbits_idx001240_rnti04660.bin",
  "llr_file": "f0620_s11_llr_idx000817.bin",
  "ldpc_cfg_file": "f0620_s11_ldpc.json"
}