{
  "frame": 409,
  "slot": 1,
  "fg_idx": 394,
  "fg_mtime": 1764948395.765464,
  "tx_idx": 817,
  "tx_mtime": 1764948395.7644641,
  "llr_idx": 394,
  "llr_mtime": 1764948395.765464,
  "rnti": 4660,
  "fullgrid_file": "f0409_s01_fullgrid_idx000394.bin",
  "txbits_file": "f0409_s01_txbits_idx000817_rnti04660.bin",
  "llr_file": "f0409_s01_llr_idx000394.bin",
  "ldpc_cfg_file": "f0409_s01_ldpc.json"
}