{
  "frame": 811,
  "slot": 1,
  "fg_idx": 1198,
  "fg_mtime": 1764948397.5843942,
  "tx_idx": 1621,
  "tx_mtime": 1764948397.5823944,
  "llr_idx": 1198,
  "llr_mtime": 1764948397.5843942,
  "rnti": 4660,
  "fullgrid_file": "f0811_s01_fullgrid_idx001198.bin",
  "txbits_file": "f0811_s01_txbits_idx001621_rnti04660.bin",
  "llr_file": "f0811_s01_llr_idx001198.bin",
  "ldpc_cfg_file": "f0811_s01_ldpc.json"
}