{
  "frame": 861,
  "slot": 11,
  "fg_idx": 1299,
  "fg_mtime": 1764948397.8163853,
  "tx_idx": 1722,
  "tx_mtime": 1764948397.8153853,
  "llr_idx": 1299,
  "llr_mtime": 1764948397.8173854,
  "rnti": 4660,
  "fullgrid_file": "f0861_s11_fullgrid_idx001299.bin",
  "txbits_file": "f0861_s11_txbits_idx001722_rnti04660.bin",
  "llr_file": "f0861_s11_llr_idx001299.bin",
  "ldpc_cfg_file": "f0861_s11_ldpc.json"
}