{
  "frame": 420,
  "slot": 11,
  "fg_idx": 417,
  "fg_mtime": 1764948395.820462,
  "tx_idx": 840,
  "tx_mtime": 1764948395.8184621,
  "llr_idx": 417,
  "llr_mtime": 1764948395.820462,
  "rnti": 4660,
  "fullgrid_file": "f0420_s11_fullgrid_idx000417.bin",
  "txbits_file": "f0420_s11_txbits_idx000840_rnti04660.bin",
  "llr_file": "f0420_s11_llr_idx000417.bin",
  "ldpc_cfg_file": "f0420_s11_ldpc.json"
}