{
  "frame": 651,
  "slot": 11,
  "fg_idx": 879,
  "fg_mtime": 1764948396.862422,
  "tx_idx": 1302,
  "tx_mtime": 1764948396.860422,
  "llr_idx": 879,
  "llr_mtime": 1764948396.862422,
  "rnti": 4660,
  "fullgrid_file": "f0651_s11_fullgrid_idx000879.bin",
  "txbits_file": "f0651_s11_txbits_idx001302_rnti04660.bin",
  "llr_file": "f0651_s11_llr_idx000879.bin",
  "ldpc_cfg_file": "f0651_s11_ldpc.json"
}