{
  "frame": 388,
  "slot": 11,
  "fg_idx": 353,
  "fg_mtime": 1764948395.6724677,
  "tx_idx": 776,
  "tx_mtime": 1764948395.6704679,
  "llr_idx": 353,
  "llr_mtime": 1764948395.6724677,
  "rnti": 4660,
  "fullgrid_file": "f0388_s11_fullgrid_idx000353.bin",
  "txbits_file": "f0388_s11_txbits_idx000776_rnti04660.bin",
  "llr_file": "f0388_s11_llr_idx000353.bin",
  "ldpc_cfg_file": "f0388_s11_ldpc.json"
}