{
  "frame": 251,
  "slot": 1,
  "fg_idx": 78,
  "fg_mtime": 1764948395.0474918,
  "tx_idx": 501,
  "tx_mtime": 1764948395.0464919,
  "llr_idx": 78,
  "llr_mtime": 1764948395.0484917,
  "rnti": 4660,
  "fullgrid_file": "f0251_s01_fullgrid_idx000078.bin",
  "txbits_file": "f0251_s01_txbits_idx000501_rnti04660.bin",
  "llr_file": "f0251_s01_llr_idx000078.bin",
  "ldpc_cfg_file": "f0251_s01_ldpc.json"
}