{
  "frame": 340,
  "slot": 11,
  "fg_idx": 257,
  "fg_mtime": 1764948395.4534762,
  "tx_idx": 680,
  "tx_mtime": 1764948395.451476,
  "llr_idx": 257,
  "llr_mtime": 1764948395.4534762,
  "rnti": 4660,
  "fullgrid_file": "f0340_s11_fullgrid_idx000257.bin",
  "txbits_file": "f0340_s11_txbits_idx000680_rnti04660.bin",
  "llr_file": "f0340_s11_llr_idx000257.bin",
  "ldpc_cfg_file": "f0340_s11_ldpc.json"
}