{
  "frame": 437,
  "slot": 11,
  "fg_idx": 451,
  "fg_mtime": 1764948395.896459,
  "tx_idx": 874,
  "tx_mtime": 1764948395.8954592,
  "llr_idx": 451,
  "llr_mtime": 1764948395.897459,
  "rnti": 4660,
  "fullgrid_file": "f0437_s11_fullgrid_idx000451.bin",
  "txbits_file": "f0437_s11_txbits_idx000874_rnti04660.bin",
  "llr_file": "f0437_s11_llr_idx000451.bin",
  "ldpc_cfg_file": "f0437_s11_ldpc.json"
}